Column1,Column2,Column3,Column4
Chicago White Sox,3,Los Angeles Angels,4
,,,
Pittsburgh Pirates,5,Chicago Cubs,3
,,,
St. Louis Cardinals,11,Cincinnati Reds,6
,,,
Los Angeles Dodgers,5,Colorado Rockies,8
,,,
Cleveland Indians,2,Detroit Tigers,3
,,,
Texas Rangers,10,Kansas City Royals,14
,,,
Tampa Bay Rays,1,Miami Marlins,0
,,,
Minnesota Twins,5,Milwaukee Brewers,6
,,,
Toronto Blue Jays,3,@ New York Yankees,2
,,,
Houston Astros,8,Oakland Athletics,1
,,,
Atlanta Braves,2,Philadelphia Phillies,3
,,,
Arizona Diamondbacks,7,San Diego Padres,8
,,,
San Francisco Giants,7,Seattle Mariners,8
,,,
» 2021-04-01 Standings & Scores,,,
,,,
"Friday, April 2, 2021",,,
,,,
Chicago White Sox,12,Los Angeles Angels,8
,,,
Baltimore Orioles,3,Boston Red Sox,0
,,,
Los Angeles Dodgers,11,Colorado Rockies,6
,,,
Tampa Bay Rays,6,Miami Marlins,4
,,,
Houston Astros,9,Oakland Athletics,5
,,,
Arizona Diamondbacks,2,San Diego Padres,4
,,,
San Francisco Giants,6,Seattle Mariners,3
,,,
» 2021-04-02 Standings & Scores,,,
,,,
"Saturday, April 3, 2021",,,
,,,
Chicago White Sox,3,Los Angeles Angels,5
,,,
Baltimore Orioles,4,Boston Red Sox,2
,,,
Pittsburgh Pirates,1,Chicago Cubs,5
,,,
St. Louis Cardinals,6,Cincinnati Reds,9
,,,
Los Angeles Dodgers,6,Colorado Rockies,5
,,,
Cleveland Indians,2,Detroit Tigers,5
,,,
Texas Rangers,4,Kansas City Royals,11
,,,
Tampa Bay Rays,7,Miami Marlins,12
,,,
Minnesota Twins,2,Milwaukee Brewers,0
,,,
Toronto Blue Jays,3,@ New York Yankees,5
,,,
Houston Astros,9,Oakland Athletics,1
,,,
Atlanta Braves,0,Philadelphia Phillies,4
,,,
Arizona Diamondbacks,0,San Diego Padres,7
,,,
San Francisco Giants,0,Seattle Mariners,4
,,,
» 2021-04-03 Standings & Scores,,,
,,,
"Sunday, April 4, 2021",,,
,,,
Chicago White Sox,4,Los Angeles Angels,7
,,,
Baltimore Orioles,11,Boston Red Sox,3
,,,
Pittsburgh Pirates,3,Chicago Cubs,4
,,,
St. Louis Cardinals,1,Cincinnati Reds,12
,,,
Los Angeles Dodgers,4,Colorado Rockies,2
,,,
Cleveland Indians,9,Detroit Tigers,3
,,,
Texas Rangers,7,Kansas City Royals,3
,,,
Minnesota Twins,8,Milwaukee Brewers,2
,,,
Toronto Blue Jays,3,@ New York Yankees,1
,,,
Houston Astros,9,Oakland Athletics,2
,,,
Atlanta Braves,1,Philadelphia Phillies,2
,,,
Arizona Diamondbacks,3,San Diego Padres,1
,,,
» 2021-04-04 Standings & Scores,,,
,,,
"Monday, April 5, 2021",,,
,,,
Houston Astros,6,Los Angeles Angels,7
,,,
Tampa Bay Rays,2,Boston Red Sox,11
,,,
Milwaukee Brewers,3,Chicago Cubs,5
,,,
Pittsburgh Pirates,3,Cincinnati Reds,5
,,,
Kansas City Royals,3,Cleveland Indians,0
,,,
Minnesota Twins,15,Detroit Tigers,6
,,,
St. Louis Cardinals,4,Miami Marlins,1
,,,
Baltimore Orioles,0,New York Yankees,7
,,,
Los Angeles Dodgers,10,Oakland Athletics,3
,,,
New York Mets,3,Philadelphia Phillies,5
,,,
San Francisco Giants,3,San Diego Padres,2
,,,
Chicago White Sox,6,Seattle Mariners,0
,,,
Toronto Blue Jays,6,@ Texas Rangers,2
,,,
» 2021-04-05 Standings & Scores,,,
,,,
"Tuesday, April 6, 2021",,,
,,,
Houston Astros,4,Los Angeles Angels,2
,,,
Tampa Bay Rays,5,Boston Red Sox,6
,,,
Milwaukee Brewers,4,Chicago Cubs,0
,,,
Pittsburgh Pirates,1,Cincinnati Reds,14
,,,
Arizona Diamondbacks,10,Colorado Rockies,8
,,,
Minnesota Twins,3,Detroit Tigers,4
,,,
St. Louis Cardinals,4,Miami Marlins,2
,,,
Baltimore Orioles,2,New York Yankees,7
,,,
Los Angeles Dodgers,5,Oakland Athletics,1
,,,
New York Mets,8,Philadelphia Phillies,4
,,,
San Francisco Giants,1,San Diego Padres,3
,,,
Chicago White Sox,10,Seattle Mariners,4
,,,
Toronto Blue Jays,4,@ Texas Rangers,7
,,,
Atlanta Braves,5,Washington Nationals,6
,,,
» 2021-04-06 Standings & Scores,,,
,,,
"Wednesday, April 7, 2021",,,
,,,
Tampa Bay Rays,2,Boston Red Sox,9
,,,
Milwaukee Brewers,4,Chicago Cubs,2
,,,
Pittsburgh Pirates,4,Cincinnati Reds,11
,,,
Kansas City Royals,2,Cleveland Indians,4
,,,
Arizona Diamondbacks,0,Colorado Rockies,8
,,,
Minnesota Twins,3,Detroit Tigers,2
,,,
St. Louis Cardinals,7,Miami Marlins,0
,,,
Baltimore Orioles,4,New York Yankees,3
,,,
Los Angeles Dodgers,3,Oakland Athletics,4
,,,
New York Mets,2,Philadelphia Phillies,8
,,,
San Francisco Giants,3,San Diego Padres,2
,,,
Chicago White Sox,4,Seattle Mariners,8
,,,
Toronto Blue Jays,1,@ Texas Rangers,2
,,,
Atlanta Braves,7,Washington Nationals,6
,,,
Atlanta Braves,2,Washington Nationals,0
,,,
» 2021-04-07 Standings & Scores,,,
,,,
"Thursday, April 8, 2021",,,
,,,
Boston Red Sox,7,Baltimore Orioles,3
,,,
Kansas City Royals,0,Chicago White Sox,6
,,,
Arizona Diamondbacks,3,Colorado Rockies,7
,,,
Oakland Athletics,2,Houston Astros,6
,,,
Seattle Mariners,2,Minnesota Twins,10
,,,
Miami Marlins,2,New York Mets,3
,,,
Chicago Cubs,4,Pittsburgh Pirates,2
,,,
Milwaukee Brewers,1,St. Louis Cardinals,3
,,,
Los Angeles Angels,7,Toronto Blue Jays,5
,,,
» 2021-04-08 Standings & Scores,,,
,,,
"Friday, April 9, 2021",,,
,,,
Cincinnati Reds,6,Arizona Diamondbacks,5
,,,
Philadelphia Phillies,1,Atlanta Braves,8
,,,
Detroit Tigers,1,Cleveland Indians,4
,,,
Oakland Athletics,6,Houston Astros,2
,,,
Washington Nationals,0,Los Angeles Dodgers,1
,,,
Colorado Rockies,1,San Francisco Giants,3
,,,
New York Yankees,5,Tampa Bay Rays,10
,,,
San Diego Padres,3,Texas Rangers,0
,,,
Los Angeles Angels,7,Toronto Blue Jays,1
,,,
» 2021-04-09 Standings & Scores,,,
,,,
"Saturday, April 10, 2021",,,
,,,
Cincinnati Reds,3,Arizona Diamondbacks,8
,,,
Philadelphia Phillies,4,Atlanta Braves,5
,,,
Boston Red Sox,6,Baltimore Orioles,4
,,,
Detroit Tigers,3,Cleveland Indians,11
,,,
Oakland Athletics,7,Houston Astros,3
,,,
Washington Nationals,5,Los Angeles Dodgers,9
,,,
Seattle Mariners,4,Minnesota Twins,3
,,,
Miami Marlins,3,New York Mets,0
,,,
Chicago Cubs,2,Pittsburgh Pirates,8
,,,
Colorado Rockies,3,San Francisco Giants,4
,,,
Milwaukee Brewers,9,St. Louis Cardinals,5
,,,
New York Yankees,0,Tampa Bay Rays,4
,,,
San Diego Padres,7,Texas Rangers,4
,,,
Los Angeles Angels,1,Toronto Blue Jays,15
,,,
» 2021-04-10 Standings & Scores,,,
,,,
"Sunday, April 11, 2021",,,
,,,
Cincinnati Reds,0,Arizona Diamondbacks,7
,,,
Philadelphia Phillies,7,Atlanta Braves,6
,,,
Boston Red Sox,14,Baltimore Orioles,9
,,,
Kansas City Royals,4,Chicago White Sox,3
,,,
Detroit Tigers,2,Cleveland Indians,5
,,,
Washington Nationals,0,Los Angeles Dodgers,3
,,,
Seattle Mariners,8,Minnesota Twins,6
,,,
Chicago Cubs,1,Pittsburgh Pirates,7
,,,
Colorado Rockies,0,San Francisco Giants,4
,,,
Milwaukee Brewers,9,St. Louis Cardinals,3
,,,
New York Yankees,8,Tampa Bay Rays,4
,,,
San Diego Padres,2,Texas Rangers,0
,,,
» 2021-04-11 Standings & Scores,,,
,,,
"Monday, April 12, 2021",,,
,,,
Oakland Athletics,9,Arizona Diamondbacks,5
,,,
Miami Marlins,5,Atlanta Braves,3
,,,
Cleveland Indians,3,Chicago White Sox,4
,,,
Detroit Tigers,6,Houston Astros,2
,,,
Los Angeles Angels,10,Kansas City Royals,3
,,,
Chicago Cubs,3,Milwaukee Brewers,6
,,,
San Diego Padres,6,Pittsburgh Pirates,2
,,,
Cincinnati Reds,3,San Francisco Giants,0
,,,
Washington Nationals,5,St. Louis Cardinals,2
,,,
Texas Rangers,0,Tampa Bay Rays,1
,,,
New York Yankees,3,Toronto Blue Jays,1
,,,
» 2021-04-12 Standings & Scores,,,
,,,
"Tuesday, April 13, 2021",,,
,,,
Oakland Athletics,7,Arizona Diamondbacks,5
,,,
Miami Marlins,14,Atlanta Braves,8
,,,
Seattle Mariners,4,Baltimore Orioles,3
,,,
Seattle Mariners,6,Baltimore Orioles,7
,,,
Cleveland Indians,2,Chicago White Sox,0
,,,
Detroit Tigers,8,Houston Astros,2
,,,
Los Angeles Angels,2,Kansas City Royals,3
,,,
Colorado Rockies,0,Los Angeles Dodgers,7
,,,
Chicago Cubs,3,Milwaukee Brewers,2
,,,
Boston Red Sox,4,Minnesota Twins,2
,,,
Philadelphia Phillies,3,New York Mets,4
,,,
Philadelphia Phillies,0,New York Mets,4
,,,
San Diego Padres,4,Pittsburgh Pirates,8
,,,
Cincinnati Reds,6,San Francisco Giants,7
,,,
Washington Nationals,3,St. Louis Cardinals,14
,,,
Texas Rangers,8,Tampa Bay Rays,3
,,,
New York Yankees,3,Toronto Blue Jays,7
,,,
» 2021-04-13 Standings & Scores,,,
,,,
"Wednesday, April 14, 2021",,,
,,,
Miami Marlins,6,Atlanta Braves,5
,,,
Cleveland Indians,0,Chicago White Sox,8
,,,
Detroit Tigers,6,Houston Astros,4
,,,
Los Angeles Angels,1,Kansas City Royals,6
,,,
Colorado Rockies,2,Los Angeles Dodgers,4
,,,
Chicago Cubs,0,Milwaukee Brewers,7
,,,
Boston Red Sox,3,Minnesota Twins,2
,,,
Boston Red Sox,7,Minnesota Twins,1
,,,
Philadelphia Phillies,1,New York Mets,5
,,,
San Diego Padres,1,Pittsburgh Pirates,5
,,,
Cincinnati Reds,0,San Francisco Giants,3
,,,
Washington Nationals,6,St. Louis Cardinals,0
,,,
Texas Rangers,5,Tampa Bay Rays,1
,,,
New York Yankees,4,Toronto Blue Jays,5
,,,
» 2021-04-14 Standings & Scores,,,
,,,
"Thursday, April 15, 2021",,,
,,,
Miami Marlins,6,Atlanta Braves,7
,,,
Seattle Mariners,4,Baltimore Orioles,2
,,,
Seattle Mariners,2,Baltimore Orioles,1
,,,
Cleveland Indians,4,Chicago White Sox,2
,,,
Toronto Blue Jays,5,@ Kansas City Royals,7
,,,
Colorado Rockies,5,Los Angeles Dodgers,7
,,,
Boston Red Sox,3,Minnesota Twins,4
,,,
Detroit Tigers,4,Oakland Athletics,8
,,,
San Diego Padres,8,Pittsburgh Pirates,3
,,,
Texas Rangers,6,Tampa Bay Rays,4
,,,
Arizona Diamondbacks,11,Washington Nationals,6
,,,
» 2021-04-15 Standings & Scores,,,
,,,
"Friday, April 16, 2021",,,
,,,
Minnesota Twins,3,Los Angeles Angels,10
,,,
Atlanta Braves,5,Chicago Cubs,2
,,,
Cleveland Indians,3,Cincinnati Reds,10
,,,
San Francisco Giants,1,Miami Marlins,4
,,,
Pittsburgh Pirates,6,Milwaukee Brewers,1
,,,
Tampa Bay Rays,8,New York Yankees,2
,,,
Detroit Tigers,0,Oakland Athletics,3
,,,
St. Louis Cardinals,2,Philadelphia Phillies,9
,,,
Los Angeles Dodgers,11,San Diego Padres,6
,,,
Houston Astros,5,Seattle Mariners,6
,,,
Baltimore Orioles,5,Texas Rangers,2
,,,
Arizona Diamondbacks,0,Washington Nationals,1
,,,
» 2021-04-16 Standings & Scores,,,
,,,
"Saturday, April 17, 2021",,,
,,,
Chicago White Sox,4,Boston Red Sox,7
,,,
Atlanta Braves,4,Chicago Cubs,13
,,,
Cleveland Indians,2,Cincinnati Reds,3
,,,
New York Mets,4,Colorado Rockies,3
,,,
New York Mets,2,Colorado Rockies,7
,,,
Toronto Blue Jays,5,@ Kansas City Royals,1
,,,
Toronto Blue Jays,2,@ Kansas City Royals,3
,,,
San Francisco Giants,6,Miami Marlins,7
,,,
Pittsburgh Pirates,1,Milwaukee Brewers,7
,,,
Tampa Bay Rays,6,New York Yankees,3
,,,
Detroit Tigers,0,Oakland Athletics,7
,,,
St. Louis Cardinals,9,Philadelphia Phillies,4
,,,
Los Angeles Dodgers,2,San Diego Padres,0
,,,
Houston Astros,1,Seattle Mariners,0
,,,
Baltimore Orioles,6,Texas Rangers,1
,,,
Arizona Diamondbacks,2,Washington Nationals,6
,,,
» 2021-04-17 Standings & Scores,,,
,,,
"Sunday, April 18, 2021",,,
,,,
Chicago White Sox,3,Boston Red Sox,2
,,,
Chicago White Sox,5,Boston Red Sox,1
,,,
Atlanta Braves,13,Chicago Cubs,4
,,,
Cleveland Indians,6,Cincinnati Reds,3
,,,
New York Mets,2,Colorado Rockies,1
,,,
Toronto Blue Jays,0,@ Kansas City Royals,2
,,,
San Francisco Giants,1,Miami Marlins,0
,,,
Pittsburgh Pirates,6,Milwaukee Brewers,5
,,,
Tampa Bay Rays,4,New York Yankees,2
,,,
Detroit Tigers,2,Oakland Athletics,3
,,,
St. Louis Cardinals,0,Philadelphia Phillies,2
,,,
Los Angeles Dodgers,2,San Diego Padres,5
,,,
Houston Astros,2,Seattle Mariners,7
,,,
Baltimore Orioles,0,Texas Rangers,1
,,,
Arizona Diamondbacks,5,Washington Nationals,2
,,,
» 2021-04-18 Standings & Scores,,,
,,,
"Monday, April 19, 2021",,,
,,,
Texas Rangers,6,Los Angeles Angels,4
,,,
Chicago White Sox,4,Boston Red Sox,11
,,,
Tampa Bay Rays,4,Kansas City Royals,1
,,,
San Francisco Giants,2,Philadelphia Phillies,0
,,,
Milwaukee Brewers,3,San Diego Padres,1
,,,
Los Angeles Dodgers,3,Seattle Mariners,4
,,,
St. Louis Cardinals,12,Washington Nationals,5
,,,
» 2021-04-19 Standings & Scores,,,
,,,
"Tuesday, April 20, 2021",,,
,,,
Texas Rangers,2,Los Angeles Angels,6
,,,
Toronto Blue Jays,2,@ Boston Red Sox,4
,,,
New York Mets,1,Chicago Cubs,3
,,,
Arizona Diamondbacks,5,Cincinnati Reds,4
,,,
Chicago White Sox,8,Cleveland Indians,5
,,,
Houston Astros,2,Colorado Rockies,6
,,,
Tampa Bay Rays,14,Kansas City Royals,7
,,,
Baltimore Orioles,7,Miami Marlins,5
,,,
Atlanta Braves,1,New York Yankees,3
,,,
Minnesota Twins,0,Oakland Athletics,7
,,,
Minnesota Twins,0,Oakland Athletics,1
,,,
San Francisco Giants,10,Philadelphia Phillies,7
,,,
Milwaukee Brewers,6,San Diego Padres,0
,,,
Los Angeles Dodgers,1,Seattle Mariners,0
,,,
St. Louis Cardinals,2,Washington Nationals,3
,,,
» 2021-04-20 Standings & Scores,,,
,,,
"Wednesday, April 21, 2021",,,
,,,
Texas Rangers,7,Los Angeles Angels,4
,,,
Toronto Blue Jays,6,@ Boston Red Sox,3
,,,
New York Mets,4,Chicago Cubs,16
,,,
Arizona Diamondbacks,8,Cincinnati Reds,5
,,,
Houston Astros,3,Colorado Rockies,6
,,,
Pittsburgh Pirates,3,Detroit Tigers,2
,,,
Pittsburgh Pirates,2,Detroit Tigers,5
,,,
Tampa Bay Rays,8,Kansas City Royals,9
,,,
Baltimore Orioles,0,Miami Marlins,3
,,,
Atlanta Braves,4,New York Yankees,1
,,,
Minnesota Twins,12,Oakland Athletics,13
,,,
San Francisco Giants,5,Philadelphia Phillies,6
,,,
Milwaukee Brewers,4,San Diego Padres,2
,,,
St. Louis Cardinals,0,Washington Nationals,1
,,,
» 2021-04-21 Standings & Scores,,,
,,,
"Thursday, April 22, 2021",,,
,,,
Seattle Mariners,7,Boston Red Sox,3
,,,
New York Mets,3,Chicago Cubs,4
,,,
Arizona Diamondbacks,14,Cincinnati Reds,11
,,,
New York Yankees,6,Cleveland Indians,3
,,,
Pittsburgh Pirates,4,Detroit Tigers,2
,,,
Los Angeles Angels,2,Houston Astros,8
,,,
San Diego Padres,3,Los Angeles Dodgers,2
,,,
Miami Marlins,0,San Francisco Giants,3
,,,
» 2021-04-22 Standings & Scores,,,
,,,
"Friday, April 23, 2021",,,
,,,
Arizona Diamondbacks,4,Atlanta Braves,5
,,,
Oakland Athletics,3,Baltimore Orioles,1
,,,
Seattle Mariners,5,Boston Red Sox,6
,,,
Texas Rangers,7,Chicago White Sox,9
,,,
Milwaukee Brewers,2,Chicago Cubs,15
,,,
New York Yankees,5,Cleveland Indians,3
,,,
Philadelphia Phillies,4,Colorado Rockies,5
,,,
Kansas City Royals,6,Detroit Tigers,2
,,,
Los Angeles Angels,4,Houston Astros,5
,,,
San Diego Padres,6,Los Angeles Dodgers,1
,,,
Pittsburgh Pirates,0,Minnesota Twins,2
,,,
Washington Nationals,0,New York Mets,6
,,,
Miami Marlins,3,San Francisco Giants,5
,,,
Cincinnati Reds,4,St. Louis Cardinals,5
,,,
Toronto Blue Jays,5,@ Tampa Bay Rays,3
,,,
» 2021-04-23 Standings & Scores,,,
,,,
"Saturday, April 24, 2021",,,
,,,
Oakland Athletics,7,Baltimore Orioles,2
,,,
Seattle Mariners,8,Boston Red Sox,2
,,,
Texas Rangers,1,Chicago White Sox,2
,,,
Milwaukee Brewers,4,Chicago Cubs,3
,,,
New York Yankees,2,Cleveland Indians,1
,,,
Philadelphia Phillies,7,Colorado Rockies,5
,,,
Kansas City Royals,2,Detroit Tigers,1
,,,
Los Angeles Angels,2,Houston Astros,16
,,,
San Diego Padres,4,Los Angeles Dodgers,5
,,,
Pittsburgh Pirates,6,Minnesota Twins,2
,,,
Washington Nationals,7,New York Mets,1
,,,
Miami Marlins,5,San Francisco Giants,2
,,,
Cincinnati Reds,0,St. Louis Cardinals,2
,,,
Toronto Blue Jays,3,@ Tampa Bay Rays,5
,,,
» 2021-04-24 Standings & Scores,,,
,,,
"Sunday, April 25, 2021",,,
,,,
Arizona Diamondbacks,5,Atlanta Braves,0
,,,
Arizona Diamondbacks,7,Atlanta Braves,0
,,,
Oakland Athletics,1,Baltimore Orioles,8
,,,
Seattle Mariners,3,Boston Red Sox,5
,,,
Texas Rangers,4,Chicago White Sox,8
,,,
Milwaukee Brewers,6,Chicago Cubs,0
,,,
New York Yankees,3,Cleveland Indians,7
,,,
Philadelphia Phillies,2,Colorado Rockies,12
,,,
Kansas City Royals,4,Detroit Tigers,0
,,,
Los Angeles Angels,4,Houston Astros,2
,,,
San Diego Padres,8,Los Angeles Dodgers,7
,,,
Pittsburgh Pirates,6,Minnesota Twins,2
,,,
Washington Nationals,0,New York Mets,4
,,,
Miami Marlins,3,San Francisco Giants,4
,,,
Cincinnati Reds,2,St. Louis Cardinals,5
,,,
Toronto Blue Jays,1,@ Tampa Bay Rays,0
,,,
» 2021-04-25 Standings & Scores,,,
,,,
"Monday, April 26, 2021",,,
,,,
Chicago Cubs,7,Atlanta Braves,8
,,,
New York Yankees,2,Baltimore Orioles,4
,,,
Minnesota Twins,3,Cleveland Indians,5
,,,
Kansas City Royals,3,Detroit Tigers,2
,,,
Seattle Mariners,2,Houston Astros,5
,,,
Cincinnati Reds,5,Los Angeles Dodgers,3
,,,
Miami Marlins,8,Milwaukee Brewers,0
,,,
Colorado Rockies,0,San Francisco Giants,12
,,,
Philadelphia Phillies,2,St. Louis Cardinals,1
,,,
Oakland Athletics,2,Tampa Bay Rays,1
,,,
Los Angeles Angels,9,Texas Rangers,4
,,,
» 2021-04-26 Standings & Scores,,,
,,,
"Tuesday, April 27, 2021",,,
,,,
San Diego Padres,1,Arizona Diamondbacks,5
,,,
Chicago Cubs,0,Atlanta Braves,5
,,,
New York Yankees,5,Baltimore Orioles,1
,,,
Detroit Tigers,5,Chicago White Sox,2
,,,
Minnesota Twins,4,Cleveland Indians,7
,,,
Seattle Mariners,0,Houston Astros,2
,,,
Cincinnati Reds,6,Los Angeles Dodgers,5
,,,
Miami Marlins,4,Milwaukee Brewers,5
,,,
Boston Red Sox,2,New York Mets,1
,,,
Kansas City Royals,1,Pittsburgh Pirates,2
,,,
Colorado Rockies,7,San Francisco Giants,5
,,,
Philadelphia Phillies,2,St. Louis Cardinals,5
,,,
Oakland Athletics,3,Tampa Bay Rays,4
,,,
Los Angeles Angels,1,Texas Rangers,6
,,,
Washington Nationals,5,Toronto Blue Jays,9
,,,
» 2021-04-27 Standings & Scores,,,
,,,
"Wednesday, April 28, 2021",,,
,,,
San Diego Padres,12,Arizona Diamondbacks,3
,,,
Chicago Cubs,0,Atlanta Braves,10
,,,
New York Yankees,7,Baltimore Orioles,0
,,,
Minnesota Twins,10,Cleveland Indians,2
,,,
Seattle Mariners,5,Houston Astros,7
,,,
Cincinnati Reds,0,Los Angeles Dodgers,8
,,,
Miami Marlins,6,Milwaukee Brewers,2
,,,
Boston Red Sox,1,New York Mets,0
,,,
Kansas City Royals,9,Pittsburgh Pirates,6
,,,
Colorado Rockies,3,San Francisco Giants,7
,,,
Philadelphia Phillies,5,St. Louis Cardinals,3
,,,
Oakland Athletics,0,Tampa Bay Rays,2
,,,
Los Angeles Angels,4,Texas Rangers,3
,,,
Washington Nationals,8,Toronto Blue Jays,2
,,,
» 2021-04-28 Standings & Scores,,,
,,,
"Thursday, April 29, 2021",,,
,,,
Colorado Rockies,3,Arizona Diamondbacks,5
,,,
Chicago Cubs,9,Atlanta Braves,3
,,,
New York Yankees,3,Baltimore Orioles,4
,,,
Detroit Tigers,1,Chicago White Sox,3
,,,
Detroit Tigers,0,Chicago White Sox,11
,,,
Seattle Mariners,1,Houston Astros,0
,,,
Los Angeles Dodgers,1,Milwaukee Brewers,2
,,,
Philadelphia Phillies,3,St. Louis Cardinals,4
,,,
Oakland Athletics,3,Tampa Bay Rays,2
,,,
Boston Red Sox,1,Texas Rangers,4
,,,
» 2021-04-29 Standings & Scores,,,
,,,
"Friday, April 30, 2021",,,
,,,
Colorado Rockies,2,Arizona Diamondbacks,7
,,,
Cleveland Indians,5,Chicago White Sox,3
,,,
Chicago Cubs,6,Cincinnati Reds,8
,,,
Los Angeles Dodgers,1,Milwaukee Brewers,3
,,,
Kansas City Royals,1,Minnesota Twins,9
,,,
Detroit Tigers,0,New York Yankees,10
,,,
Baltimore Orioles,3,Oakland Athletics,2
,,,
New York Mets,1,Philadelphia Phillies,2
,,,
St. Louis Cardinals,7,Pittsburgh Pirates,3
,,,
San Francisco Giants,2,San Diego Padres,3
,,,
Los Angeles Angels,4,Seattle Mariners,7
,,,
Houston Astros,9,Tampa Bay Rays,2
,,,
Boston Red Sox,6,Texas Rangers,1
,,,
Atlanta Braves,5,Toronto Blue Jays,13
,,,
Miami Marlins,1,Washington Nationals,2
,,,
» 2021-04-30 Standings & Scores,,,
,,,
"Saturday, May 1, 2021",,,
,,,
Colorado Rockies,14,Arizona Diamondbacks,6
,,,
Cleveland Indians,3,Chicago White Sox,7
,,,
Chicago Cubs,3,Cincinnati Reds,2
,,,
Los Angeles Dodgers,5,Milwaukee Brewers,6
,,,
Kansas City Royals,11,Minnesota Twins,3
,,,
Detroit Tigers,4,New York Yankees,6
,,,
Baltimore Orioles,8,Oakland Athletics,4
,,,
New York Mets,5,Philadelphia Phillies,4
,,,
St. Louis Cardinals,12,Pittsburgh Pirates,5
,,,
San Francisco Giants,2,San Diego Padres,6
,,,
Los Angeles Angels,10,Seattle Mariners,5
,,,
Houston Astros,3,Tampa Bay Rays,1
,,,
Boston Red Sox,6,Texas Rangers,8
,,,
Atlanta Braves,5,Toronto Blue Jays,6
,,,
Miami Marlins,2,Washington Nationals,7
,,,
» 2021-05-01 Standings & Scores,,,
,,,
"Sunday, May 2, 2021",,,
,,,
Colorado Rockies,4,Arizona Diamondbacks,8
,,,
Cleveland Indians,5,Chicago White Sox,0
,,,
Chicago Cubs,12,Cincinnati Reds,13
,,,
Los Angeles Dodgers,16,Milwaukee Brewers,4
,,,
Kansas City Royals,4,Minnesota Twins,13
,,,
Detroit Tigers,0,New York Yankees,2
,,,
Baltimore Orioles,5,Oakland Athletics,7
,,,
New York Mets,8,Philadelphia Phillies,7
,,,
St. Louis Cardinals,3,Pittsburgh Pirates,0
,,,
San Francisco Giants,7,San Diego Padres,1
,,,
Los Angeles Angels,0,Seattle Mariners,2
,,,
Houston Astros,4,Tampa Bay Rays,5
,,,
Boston Red Sox,3,Texas Rangers,5
,,,
Atlanta Braves,2,Toronto Blue Jays,7
,,,
Miami Marlins,1,Washington Nationals,3
,,,
» 2021-05-02 Standings & Scores,,,
,,,
"Monday, May 3, 2021",,,
,,,
Tampa Bay Rays,7,Los Angeles Angels,3
,,,
Cleveland Indians,8,Kansas City Royals,6
,,,
Texas Rangers,5,Minnesota Twins,6
,,,
Toronto Blue Jays,4,@ Oakland Athletics,5
,,,
Milwaukee Brewers,3,Philadelphia Phillies,4
,,,
Pittsburgh Pirates,0,San Diego Padres,2
,,,
Baltimore Orioles,5,Seattle Mariners,3
,,,
New York Mets,5,St. Louis Cardinals,6
,,,
» 2021-05-03 Standings & Scores,,,
,,,
"Tuesday, May 4, 2021",,,
,,,
Tampa Bay Rays,8,Los Angeles Angels,3
,,,
Detroit Tigers,7,Boston Red Sox,11
,,,
Los Angeles Dodgers,1,Chicago Cubs,7
,,,
Los Angeles Dodgers,3,Chicago Cubs,4
,,,
Chicago White Sox,9,Cincinnati Reds,0
,,,
San Francisco Giants,12,Colorado Rockies,4
,,,
San Francisco Giants,6,Colorado Rockies,8
,,,
Cleveland Indians,7,Kansas City Royals,3
,,,
Arizona Diamondbacks,3,Miami Marlins,9
,,,
Texas Rangers,6,Minnesota Twins,3
,,,
Houston Astros,3,New York Yankees,7
,,,
Toronto Blue Jays,1,@ Oakland Athletics,4
,,,
Milwaukee Brewers,5,Philadelphia Phillies,6
,,,
Pittsburgh Pirates,2,San Diego Padres,1
,,,
Baltimore Orioles,2,Seattle Mariners,5
,,,
Atlanta Braves,6,Washington Nationals,1
,,,
» 2021-05-04 Standings & Scores,,,
,,,
"Wednesday, May 5, 2021",,,
,,,
Tampa Bay Rays,3,Los Angeles Angels,1
,,,
Detroit Tigers,6,Boston Red Sox,5
,,,
Los Angeles Dodgers,5,Chicago Cubs,6
,,,
Chicago White Sox,0,Cincinnati Reds,1
,,,
San Francisco Giants,5,Colorado Rockies,6
,,,
Cleveland Indians,5,Kansas City Royals,4
,,,
Arizona Diamondbacks,0,Miami Marlins,8
,,,
Texas Rangers,3,Minnesota Twins,1
,,,
Houston Astros,3,New York Yankees,6
,,,
Toronto Blue Jays,9,@ Oakland Athletics,4
,,,
Milwaukee Brewers,4,Philadelphia Phillies,5
,,,
Pittsburgh Pirates,2,San Diego Padres,4
,,,
Baltimore Orioles,6,Seattle Mariners,0
,,,
New York Mets,1,St. Louis Cardinals,4
,,,
New York Mets,7,St. Louis Cardinals,2
,,,
Atlanta Braves,5,Washington Nationals,3
,,,
» 2021-05-05 Standings & Scores,,,
,,,
"Thursday, May 6, 2021",,,
,,,
Tampa Bay Rays,8,Los Angeles Angels,3
,,,
Detroit Tigers,9,Boston Red Sox,12
,,,
Cleveland Indians,4,Kansas City Royals,0
,,,
Arizona Diamondbacks,1,Miami Marlins,3
,,,
Texas Rangers,4,Minnesota Twins,3
,,,
Houston Astros,7,New York Yankees,4
,,,
Toronto Blue Jays,10,@ Oakland Athletics,4
,,,
Milwaukee Brewers,0,Philadelphia Phillies,2
,,,
New York Mets,4,St. Louis Cardinals,1
,,,
Atlanta Braves,3,Washington Nationals,2
,,,
» 2021-05-06 Standings & Scores,,,
,,,
"Friday, May 7, 2021",,,
,,,
Los Angeles Dodgers,2,Los Angeles Angels,9
,,,
Philadelphia Phillies,12,Atlanta Braves,2
,,,
Boston Red Sox,6,Baltimore Orioles,2
,,,
Pittsburgh Pirates,2,Chicago Cubs,3
,,,
Cincinnati Reds,3,Cleveland Indians,0
,,,
Minnesota Twins,7,Detroit Tigers,3
,,,
Toronto Blue Jays,4,@ Houston Astros,10
,,,
Chicago White Sox,3,Kansas City Royals,0
,,,
Milwaukee Brewers,1,Miami Marlins,6
,,,
Washington Nationals,11,New York Yankees,4
,,,
Arizona Diamondbacks,4,New York Mets,5
,,,
Tampa Bay Rays,1,Oakland Athletics,2
,,,
San Diego Padres,4,San Francisco Giants,5
,,,
Colorado Rockies,0,St. Louis Cardinals,5
,,,
Seattle Mariners,5,Texas Rangers,4
,,,
» 2021-05-07 Standings & Scores,,,
,,,
"Saturday, May 8, 2021",,,
,,,
Los Angeles Dodgers,14,Los Angeles Angels,11
,,,
Philadelphia Phillies,7,Atlanta Braves,8
,,,
Boston Red Sox,11,Baltimore Orioles,6
,,,
Pittsburgh Pirates,2,Chicago Cubs,3
,,,
Cincinnati Reds,2,Cleveland Indians,9
,,,
Minnesota Twins,3,Detroit Tigers,7
,,,
Toronto Blue Jays,8,@ Houston Astros,4
,,,
Chicago White Sox,9,Kansas City Royals,1
,,,
Milwaukee Brewers,6,Miami Marlins,2
,,,
Washington Nationals,3,New York Yankees,4
,,,
Arizona Diamondbacks,2,New York Mets,4
,,,
Tampa Bay Rays,3,Oakland Athletics,6
,,,
San Diego Padres,1,San Francisco Giants,7
,,,
Colorado Rockies,8,St. Louis Cardinals,9
,,,
Seattle Mariners,8,Texas Rangers,9
,,,
» 2021-05-08 Standings & Scores,,,
,,,
"Sunday, May 9, 2021",,,
,,,
Los Angeles Dodgers,1,Los Angeles Angels,2
,,,
Philadelphia Phillies,1,Atlanta Braves,6
,,,
Boston Red Sox,4,Baltimore Orioles,3
,,,
Pittsburgh Pirates,6,Chicago Cubs,5
,,,
Toronto Blue Jays,4,@ Houston Astros,7
,,,
Chicago White Sox,9,Kansas City Royals,3
,,,
Milwaukee Brewers,2,Miami Marlins,1
,,,
Washington Nationals,2,New York Yankees,3
,,,
Arizona Diamondbacks,2,New York Mets,4
,,,
Tampa Bay Rays,4,Oakland Athletics,3
,,,
San Diego Padres,11,San Francisco Giants,1
,,,
Colorado Rockies,0,St. Louis Cardinals,2
,,,
Seattle Mariners,2,Texas Rangers,10
,,,
» 2021-05-09 Standings & Scores,,,
,,,
"Monday, May 10, 2021",,,
,,,
Miami Marlins,2,Arizona Diamondbacks,5
,,,
Boston Red Sox,1,Baltimore Orioles,4
,,,
Los Angeles Angels,5,Houston Astros,4
,,,
Cincinnati Reds,14,Pittsburgh Pirates,1
,,,
Texas Rangers,1,San Francisco Giants,3
,,,
» 2021-05-10 Standings & Scores,,,
,,,
"Tuesday, May 11, 2021",,,
,,,
Miami Marlins,3,Arizona Diamondbacks,11
,,,
Toronto Blue Jays,5,@ Atlanta Braves,3
,,,
Oakland Athletics,3,Boston Red Sox,2
,,,
Minnesota Twins,3,Chicago White Sox,9
,,,
Chicago Cubs,2,Cleveland Indians,3
,,,
San Diego Padres,8,Colorado Rockies,1
,,,
Kansas City Royals,7,Detroit Tigers,8
,,,
Los Angeles Angels,1,Houston Astros,5
,,,
Seattle Mariners,4,Los Angeles Dodgers,6
,,,
St. Louis Cardinals,6,Milwaukee Brewers,1
,,,
Baltimore Orioles,2,New York Mets,3
,,,
Cincinnati Reds,2,Pittsburgh Pirates,7
,,,
Texas Rangers,2,San Francisco Giants,4
,,,
New York Yankees,3,Tampa Bay Rays,1
,,,
Philadelphia Phillies,6,Washington Nationals,2
,,,
» 2021-05-11 Standings & Scores,,,
,,,
"Wednesday, May 12, 2021",,,
,,,
Miami Marlins,3,Arizona Diamondbacks,2
,,,
Toronto Blue Jays,4,@ Atlanta Braves,1
,,,
Oakland Athletics,4,Boston Red Sox,1
,,,
Minnesota Twins,8,Chicago White Sox,13
,,,
Chicago Cubs,1,Cleveland Indians,2
,,,
San Diego Padres,5,Colorado Rockies,3
,,,
San Diego Padres,2,Colorado Rockies,3
,,,
Kansas City Royals,2,Detroit Tigers,4
,,,
Los Angeles Angels,1,Houston Astros,9
,,,
Seattle Mariners,1,Los Angeles Dodgers,7
,,,
St. Louis Cardinals,1,Milwaukee Brewers,4
,,,
Baltimore Orioles,1,New York Mets,7
,,,
Cincinnati Reds,5,Pittsburgh Pirates,1
,,,
New York Yankees,1,Tampa Bay Rays,0
,,,
Philadelphia Phillies,5,Washington Nationals,2
,,,
» 2021-05-12 Standings & Scores,,,
,,,
"Thursday, May 13, 2021",,,
,,,
Miami Marlins,5,Arizona Diamondbacks,1
,,,
Toronto Blue Jays,8,@ Atlanta Braves,4
,,,
Oakland Athletics,1,Boston Red Sox,8
,,,
Minnesota Twins,2,Chicago White Sox,4
,,,
Cincinnati Reds,8,Colorado Rockies,13
,,,
Kansas City Royals,3,Detroit Tigers,4
,,,
Texas Rangers,3,Houston Astros,4
,,,
St. Louis Cardinals,2,Milwaukee Brewers,0
,,,
San Francisco Giants,3,Pittsburgh Pirates,1
,,,
Cleveland Indians,4,Seattle Mariners,2
,,,
New York Yankees,1,Tampa Bay Rays,9
,,,
Philadelphia Phillies,1,Washington Nationals,5
,,,
» 2021-05-13 Standings & Scores,,,
,,,
"Friday, May 14, 2021",,,
,,,
Washington Nationals,17,Arizona Diamondbacks,2
,,,
New York Yankees,5,Baltimore Orioles,4
,,,
Los Angeles Angels,3,Boston Red Sox,4
,,,
Kansas City Royals,6,Chicago White Sox,2
,,,
Kansas City Royals,1,Chicago White Sox,3
,,,
Cincinnati Reds,6,Colorado Rockies,9
,,,
Chicago Cubs,4,Detroit Tigers,2
,,,
Texas Rangers,4,Houston Astros,10
,,,
Miami Marlins,6,Los Angeles Dodgers,9
,,,
Atlanta Braves,6,Milwaukee Brewers,3
,,,
Oakland Athletics,6,Minnesota Twins,1
,,,
San Francisco Giants,2,Pittsburgh Pirates,3
,,,
St. Louis Cardinals,4,San Diego Padres,5
,,,
Cleveland Indians,3,Seattle Mariners,7
,,,
New York Mets,2,Tampa Bay Rays,3
,,,
Philadelphia Phillies,5,Toronto Blue Jays,1
,,,
» 2021-05-14 Standings & Scores,,,
,,,
"Saturday, May 15, 2021",,,
,,,
Washington Nationals,4,Arizona Diamondbacks,11
,,,
New York Yankees,8,Baltimore Orioles,2
,,,
Los Angeles Angels,0,Boston Red Sox,9
,,,
Kansas City Royals,5,Chicago White Sox,1
,,,
Cincinnati Reds,6,Colorado Rockies,5
,,,
Chicago Cubs,8,Detroit Tigers,9
,,,
Texas Rangers,5,Houston Astros,6
,,,
Miami Marlins,0,Los Angeles Dodgers,7
,,,
Atlanta Braves,5,Milwaukee Brewers,1
,,,
Oakland Athletics,4,Minnesota Twins,5
,,,
San Francisco Giants,6,Pittsburgh Pirates,8
,,,
St. Louis Cardinals,3,San Diego Padres,13
,,,
Cleveland Indians,3,Seattle Mariners,7
,,,
New York Mets,5,Tampa Bay Rays,12
,,,
Philadelphia Phillies,0,Toronto Blue Jays,4
,,,
» 2021-05-15 Standings & Scores,,,
,,,
"Sunday, May 16, 2021",,,
,,,
Washington Nationals,3,Arizona Diamondbacks,0
,,,
New York Yankees,6,Baltimore Orioles,10
,,,
Los Angeles Angels,6,Boston Red Sox,5
,,,
Kansas City Royals,3,Chicago White Sox,4
,,,
Cincinnati Reds,7,Colorado Rockies,6
,,,
Chicago Cubs,5,Detroit Tigers,1
,,,
Texas Rangers,2,Houston Astros,6
,,,
Miami Marlins,3,Los Angeles Dodgers,2
,,,
Atlanta Braves,9,Milwaukee Brewers,10
,,,
Oakland Athletics,7,Minnesota Twins,6
,,,
San Francisco Giants,4,Pittsburgh Pirates,1
,,,
St. Louis Cardinals,3,San Diego Padres,5
,,,
Cleveland Indians,2,Seattle Mariners,3
,,,
New York Mets,1,Tampa Bay Rays,7
,,,
Philadelphia Phillies,8,Toronto Blue Jays,10
,,,
» 2021-05-16 Standings & Scores,,,
,,,
"Monday, May 17, 2021",,,
,,,
Cleveland Indians,4,Los Angeles Angels,7
,,,
New York Mets,3,Atlanta Braves,1
,,,
Washington Nationals,3,Chicago Cubs,7
,,,
San Francisco Giants,6,Cincinnati Reds,3
,,,
Arizona Diamondbacks,1,Los Angeles Dodgers,3
,,,
Chicago White Sox,16,Minnesota Twins,4
,,,
Colorado Rockies,0,San Diego Padres,7
,,,
Detroit Tigers,4,Seattle Mariners,1
,,,
New York Yankees,2,Texas Rangers,5
,,,
» 2021-05-17 Standings & Scores,,,
,,,
"Tuesday, May 18, 2021",,,
,,,
Cleveland Indians,6,Los Angeles Angels,5
,,,
New York Mets,4,Atlanta Braves,3
,,,
Tampa Bay Rays,13,Baltimore Orioles,6
,,,
Washington Nationals,3,Chicago Cubs,6
,,,
San Francisco Giants,4,Cincinnati Reds,2
,,,
Milwaukee Brewers,0,Kansas City Royals,2
,,,
Arizona Diamondbacks,1,Los Angeles Dodgers,9
,,,
Chicago White Sox,4,Minnesota Twins,5
,,,
Houston Astros,5,Oakland Athletics,6
,,,
Miami Marlins,3,Philadelphia Phillies,8
,,,
Colorado Rockies,1,San Diego Padres,2
,,,
Detroit Tigers,5,Seattle Mariners,0
,,,
Pittsburgh Pirates,2,St. Louis Cardinals,5
,,,
New York Yankees,7,Texas Rangers,4
,,,
Boston Red Sox,0,Toronto Blue Jays,8
,,,
» 2021-05-18 Standings & Scores,,,
,,,
"Wednesday, May 19, 2021",,,
,,,
Cleveland Indians,3,Los Angeles Angels,2
,,,
New York Mets,4,Atlanta Braves,5
,,,
Tampa Bay Rays,9,Baltimore Orioles,7
,,,
Washington Nationals,4,Chicago Cubs,3
,,,
San Francisco Giants,4,Cincinnati Reds,0
,,,
Milwaukee Brewers,4,Kansas City Royals,6
,,,
Arizona Diamondbacks,2,Los Angeles Dodgers,4
,,,
Chicago White Sox,2,Minnesota Twins,1
,,,
Houston Astros,8,Oakland Athletics,1
,,,
Miami Marlins,3,Philadelphia Phillies,1
,,,
Colorado Rockies,0,San Diego Padres,3
,,,
Detroit Tigers,6,Seattle Mariners,2
,,,
Pittsburgh Pirates,5,St. Louis Cardinals,8
,,,
New York Yankees,2,Texas Rangers,0
,,,
Boston Red Sox,7,Toronto Blue Jays,3
,,,
» 2021-05-19 Standings & Scores,,,
,,,
"Thursday, May 20, 2021",,,
,,,
Minnesota Twins,1,Los Angeles Angels,7
,,,
Minnesota Twins,6,Los Angeles Angels,3
,,,
Pittsburgh Pirates,6,Atlanta Braves,4
,,,
Tampa Bay Rays,10,Baltimore Orioles,1
,,,
Washington Nationals,2,Chicago Cubs,5
,,,
San Francisco Giants,19,Cincinnati Reds,4
,,,
Arizona Diamondbacks,2,Los Angeles Dodgers,3
,,,
Houston Astros,8,Oakland Athletics,4
,,,
Miami Marlins,6,Philadelphia Phillies,0
,,,
New York Yankees,2,Texas Rangers,0
,,,
Boston Red Sox,8,Toronto Blue Jays,7
,,,
» 2021-05-20 Standings & Scores,,,
,,,
"Friday, May 21, 2021",,,
,,,
Oakland Athletics,8,Los Angeles Angels,4
,,,
Pittsburgh Pirates,1,Atlanta Braves,20
,,,
Milwaukee Brewers,4,Cincinnati Reds,9
,,,
Minnesota Twins,10,Cleveland Indians,0
,,,
Arizona Diamondbacks,1,Colorado Rockies,7
,,,
Detroit Tigers,7,Kansas City Royals,5
,,,
New York Mets,6,Miami Marlins,5
,,,
Chicago White Sox,1,New York Yankees,2
,,,
Boston Red Sox,11,Philadelphia Phillies,3
,,,
Seattle Mariners,1,San Diego Padres,16
,,,
Los Angeles Dodgers,2,San Francisco Giants,1
,,,
Chicago Cubs,12,St. Louis Cardinals,3
,,,
Houston Astros,5,Texas Rangers,7
,,,
Tampa Bay Rays,9,Toronto Blue Jays,7
,,,
Baltimore Orioles,2,Washington Nationals,4
,,,
» 2021-05-21 Standings & Scores,,,
,,,
"Saturday, May 22, 2021",,,
,,,
Oakland Athletics,6,Los Angeles Angels,2
,,,
Pittsburgh Pirates,1,Atlanta Braves,6
,,,
Milwaukee Brewers,4,Cincinnati Reds,3
,,,
Minnesota Twins,3,Cleveland Indians,5
,,,
Arizona Diamondbacks,6,Colorado Rockies,7
,,,
Detroit Tigers,5,Kansas City Royals,7
,,,
New York Mets,1,Miami Marlins,3
,,,
Chicago White Sox,0,New York Yankees,7
,,,
Boston Red Sox,4,Philadelphia Phillies,3
,,,
Seattle Mariners,4,San Diego Padres,6
,,,
Los Angeles Dodgers,6,San Francisco Giants,3
,,,
Chicago Cubs,1,St. Louis Cardinals,2
,,,
Houston Astros,4,Texas Rangers,8
,,,
Tampa Bay Rays,3,Toronto Blue Jays,1
,,,
Baltimore Orioles,9,Washington Nationals,12
,,,
» 2021-05-22 Standings & Scores,,,
,,,
"Sunday, May 23, 2021",,,
,,,
Oakland Athletics,5,Los Angeles Angels,6
,,,
Pittsburgh Pirates,1,Atlanta Braves,7
,,,
Milwaukee Brewers,9,Cincinnati Reds,4
,,,
Minnesota Twins,8,Cleveland Indians,5
,,,
Arizona Diamondbacks,3,Colorado Rockies,4
,,,
Detroit Tigers,2,Kansas City Royals,3
,,,
New York Mets,1,Miami Marlins,5
,,,
Chicago White Sox,4,New York Yankees,5
,,,
Boston Red Sox,2,Philadelphia Phillies,6
,,,
Seattle Mariners,2,San Diego Padres,9
,,,
Los Angeles Dodgers,11,San Francisco Giants,5
,,,
Chicago Cubs,2,St. Louis Cardinals,1
,,,
Houston Astros,2,Texas Rangers,3
,,,
Tampa Bay Rays,6,Toronto Blue Jays,4
,,,
Baltimore Orioles,5,Washington Nationals,6
,,,
» 2021-05-23 Standings & Scores,,,
,,,
"Monday, May 24, 2021",,,
,,,
St. Louis Cardinals,1,Chicago White Sox,5
,,,
Cleveland Indians,6,Detroit Tigers,5
,,,
Philadelphia Phillies,6,Miami Marlins,9
,,,
San Diego Padres,3,Milwaukee Brewers,5
,,,
Baltimore Orioles,3,Minnesota Twins,8
,,,
Colorado Rockies,3,New York Mets,2
,,,
Seattle Mariners,4,Oakland Athletics,2
,,,
Tampa Bay Rays,14,Toronto Blue Jays,8
,,,
» 2021-05-24 Standings & Scores,,,
,,,
"Tuesday, May 25, 2021",,,
,,,
Texas Rangers,5,Los Angeles Angels,11
,,,
San Francisco Giants,8,Arizona Diamondbacks,0
,,,
Atlanta Braves,3,Boston Red Sox,1
,,,
St. Louis Cardinals,3,Chicago White Sox,8
,,,
Cleveland Indians,4,Detroit Tigers,1
,,,
Los Angeles Dodgers,9,Houston Astros,2
,,,
Philadelphia Phillies,2,Miami Marlins,0
,,,
San Diego Padres,7,Milwaukee Brewers,1
,,,
Baltimore Orioles,4,Minnesota Twins,7
,,,
Toronto Blue Jays,6,@ New York Yankees,2
,,,
Colorado Rockies,1,New York Mets,3
,,,
Seattle Mariners,4,Oakland Athletics,3
,,,
Chicago Cubs,4,Pittsburgh Pirates,3
,,,
Kansas City Royals,2,Tampa Bay Rays,1
,,,
Cincinnati Reds,2,Washington Nationals,1
,,,
» 2021-05-25 Standings & Scores,,,
,,,
"Wednesday, May 26, 2021",,,
,,,
Texas Rangers,8,Los Angeles Angels,9
,,,
San Francisco Giants,5,Arizona Diamondbacks,4
,,,
Atlanta Braves,5,Boston Red Sox,9
,,,
St. Louis Cardinals,4,Chicago White Sox,0
,,,
Cleveland Indians,0,Detroit Tigers,1
,,,
Los Angeles Dodgers,2,Houston Astros,5
,,,
Philadelphia Phillies,2,Miami Marlins,4
,,,
San Diego Padres,2,Milwaukee Brewers,1
,,,
Baltimore Orioles,2,Minnesota Twins,3
,,,
Seattle Mariners,3,Oakland Athletics,6
,,,
Chicago Cubs,4,Pittsburgh Pirates,1
,,,
Kansas City Royals,1,Tampa Bay Rays,2
,,,
Cincinnati Reds,3,Washington Nationals,5
,,,
» 2021-05-26 Standings & Scores,,,
,,,
"Thursday, May 27, 2021",,,
,,,
St. Louis Cardinals,5,Arizona Diamondbacks,4
,,,
Baltimore Orioles,1,Chicago White Sox,5
,,,
Cleveland Indians,5,Detroit Tigers,2
,,,
San Francisco Giants,3,Los Angeles Dodgers,4
,,,
Philadelphia Phillies,3,Miami Marlins,2
,,,
San Diego Padres,5,Milwaukee Brewers,6
,,,
Toronto Blue Jays,2,@ New York Yankees,0
,,,
Toronto Blue Jays,3,@ New York Yankees,5
,,,
Colorado Rockies,0,New York Mets,1
,,,
Colorado Rockies,2,New York Mets,4
,,,
Los Angeles Angels,0,Oakland Athletics,5
,,,
Chicago Cubs,5,Pittsburgh Pirates,3
,,,
Texas Rangers,0,Seattle Mariners,5
,,,
Kansas City Royals,2,Tampa Bay Rays,7
,,,
Cincinnati Reds,3,Washington Nationals,0
,,,
» 2021-05-27 Standings & Scores,,,
,,,
"Friday, May 28, 2021",,,
,,,
St. Louis Cardinals,8,Arizona Diamondbacks,6
,,,
Miami Marlins,2,Boston Red Sox,5
,,,
Cincinnati Reds,0,Chicago Cubs,1
,,,
Toronto Blue Jays,11,@ Cleveland Indians,2
,,,
New York Yankees,2,Detroit Tigers,3
,,,
San Diego Padres,10,Houston Astros,3
,,,
San Francisco Giants,8,Los Angeles Dodgers,5
,,,
Kansas City Royals,8,Minnesota Twins,3
,,,
Los Angeles Angels,1,Oakland Athletics,3
,,,
Texas Rangers,2,Seattle Mariners,3
,,,
» 2021-05-28 Standings & Scores,,,
,,,
"Saturday, May 29, 2021",,,
,,,
St. Louis Cardinals,7,Arizona Diamondbacks,4
,,,
Miami Marlins,1,Boston Red Sox,3
,,,
Baltimore Orioles,4,Chicago White Sox,7
,,,
Baltimore Orioles,1,Chicago White Sox,3
,,,
Cincinnati Reds,2,Chicago Cubs,10
,,,
New York Yankees,1,Detroit Tigers,6
,,,
San Diego Padres,11,Houston Astros,8
,,,
San Francisco Giants,11,Los Angeles Dodgers,6
,,,
Kansas City Royals,5,Minnesota Twins,6
,,,
Atlanta Braves,2,New York Mets,13
,,,
Los Angeles Angels,4,Oakland Athletics,0
,,,
Colorado Rockies,0,Pittsburgh Pirates,7
,,,
Colorado Rockies,0,Pittsburgh Pirates,4
,,,
Texas Rangers,2,Seattle Mariners,3
,,,
Philadelphia Phillies,3,Tampa Bay Rays,5
,,,
Milwaukee Brewers,4,Washington Nationals,1
,,,
Milwaukee Brewers,6,Washington Nationals,2
,,,
» 2021-05-29 Standings & Scores,,,
,,,
"Sunday, May 30, 2021",,,
,,,
St. Louis Cardinals,2,Arizona Diamondbacks,9
,,,
Baltimore Orioles,1,Chicago White Sox,3
,,,
Cincinnati Reds,5,Chicago Cubs,1
,,,
Toronto Blue Jays,4,@ Cleveland Indians,1
,,,
Toronto Blue Jays,5,@ Cleveland Indians,6
,,,
New York Yankees,2,Detroit Tigers,6
,,,
San Diego Padres,4,Houston Astros,7
,,,
San Francisco Giants,5,Los Angeles Dodgers,4
,,,
Kansas City Royals,6,Minnesota Twins,3
,,,
Los Angeles Angels,4,Oakland Athletics,2
,,,
Colorado Rockies,4,Pittsburgh Pirates,3
,,,
Texas Rangers,2,Seattle Mariners,4
,,,
Philadelphia Phillies,2,Tampa Bay Rays,6
,,,
Milwaukee Brewers,3,Washington Nationals,0
,,,
» 2021-05-30 Standings & Scores,,,
,,,
"Monday, May 31, 2021",,,
,,,
New York Mets,6,Arizona Diamondbacks,2
,,,
Washington Nationals,3,Atlanta Braves,5
,,,
Minnesota Twins,3,Baltimore Orioles,2
,,,
San Diego Padres,2,Chicago Cubs,7
,,,
Philadelphia Phillies,1,Cincinnati Reds,11
,,,
Chicago White Sox,8,Cleveland Indians,6
,,,
Chicago White Sox,1,Cleveland Indians,3
,,,
Boston Red Sox,2,Houston Astros,11
,,,
Pittsburgh Pirates,3,Kansas City Royals,7
,,,
St. Louis Cardinals,4,Los Angeles Dodgers,9
,,,
Detroit Tigers,2,Milwaukee Brewers,3
,,,
Tampa Bay Rays,3,New York Yankees,1
,,,
Oakland Athletics,5,Seattle Mariners,6
,,,
Los Angeles Angels,1,San Francisco Giants,6
,,,
» 2021-05-31 Standings & Scores,,,
,,,
"Tuesday, June 1, 2021",,,
,,,
New York Mets,5,Arizona Diamondbacks,6
,,,
Washington Nationals,11,Atlanta Braves,6
,,,
Minnesota Twins,4,Baltimore Orioles,7
,,,
San Diego Padres,3,Chicago Cubs,4
,,,
Philadelphia Phillies,17,Cincinnati Reds,3
,,,
Chicago White Sox,5,Cleveland Indians,6
,,,
Texas Rangers,2,Colorado Rockies,3
,,,
Boston Red Sox,1,Houston Astros,5
,,,
Pittsburgh Pirates,5,Kansas City Royals,10
,,,
St. Louis Cardinals,3,Los Angeles Dodgers,2
,,,
Detroit Tigers,10,Milwaukee Brewers,7
,,,
Tampa Bay Rays,3,New York Yankees,5
,,,
Oakland Athletics,12,Seattle Mariners,6
,,,
Los Angeles Angels,8,San Francisco Giants,1
,,,
Miami Marlins,1,Toronto Blue Jays,5
,,,
» 2021-06-01 Standings & Scores,,,
,,,
"Wednesday, June 2, 2021",,,
,,,
New York Mets,7,Arizona Diamondbacks,6
,,,
Washington Nationals,5,Atlanta Braves,3
,,,
Minnesota Twins,3,Baltimore Orioles,6
,,,
San Diego Padres,1,Chicago Cubs,6
,,,
Texas Rangers,3,Colorado Rockies,6
,,,
Boston Red Sox,1,Houston Astros,2
,,,
St. Louis Cardinals,3,Los Angeles Dodgers,14
,,,
Tampa Bay Rays,3,New York Yankees,4
,,,
Oakland Athletics,6,Seattle Mariners,0
,,,
Miami Marlins,5,Toronto Blue Jays,6
,,,
» 2021-06-02 Standings & Scores,,,
,,,
"Thursday, June 3, 2021",,,
,,,
Seattle Mariners,6,Los Angeles Angels,2
,,,
Washington Nationals,1,Atlanta Braves,5
,,,
Detroit Tigers,1,Chicago White Sox,4
,,,
Texas Rangers,6,Colorado Rockies,11
,,,
Boston Red Sox,5,Houston Astros,1
,,,
Minnesota Twins,5,Kansas City Royals,6
,,,
Arizona Diamondbacks,4,Milwaukee Brewers,7
,,,
Tampa Bay Rays,9,New York Yankees,2
,,,
Miami Marlins,3,Pittsburgh Pirates,5
,,,
New York Mets,3,San Diego Padres,4
,,,
Chicago Cubs,2,San Francisco Giants,7
,,,
Cincinnati Reds,4,St. Louis Cardinals,2
,,,
» 2021-06-03 Standings & Scores,,,
,,,
"Friday, June 4, 2021",,,
,,,
Seattle Mariners,2,Los Angeles Angels,3
,,,
Los Angeles Dodgers,9,Atlanta Braves,5
,,,
Cleveland Indians,1,Baltimore Orioles,3
,,,
Detroit Tigers,8,Chicago White Sox,9
,,,
Oakland Athletics,9,Colorado Rockies,5
,,,
Minnesota Twins,5,Kansas City Royals,14
,,,
Arizona Diamondbacks,1,Milwaukee Brewers,5
,,,
Boston Red Sox,5,New York Yankees,2
,,,
Washington Nationals,2,Philadelphia Phillies,1
,,,
Miami Marlins,2,Pittsburgh Pirates,9
,,,
New York Mets,0,San Diego Padres,2
,,,
Chicago Cubs,5,San Francisco Giants,8
,,,
Cincinnati Reds,6,St. Louis Cardinals,4
,,,
Tampa Bay Rays,4,Texas Rangers,5
,,,
Houston Astros,13,Toronto Blue Jays,1
,,,
» 2021-06-04 Standings & Scores,,,
,,,
"Saturday, June 5, 2021",,,
,,,
Seattle Mariners,5,Los Angeles Angels,12
,,,
Los Angeles Dodgers,4,Atlanta Braves,6
,,,
Cleveland Indians,10,Baltimore Orioles,4
,,,
Detroit Tigers,4,Chicago White Sox,3
,,,
Oakland Athletics,6,Colorado Rockies,3
,,,
Minnesota Twins,5,Kansas City Royals,4
,,,
Arizona Diamondbacks,5,Milwaukee Brewers,7
,,,
Boston Red Sox,7,New York Yankees,3
,,,
Washington Nationals,2,Philadelphia Phillies,5
,,,
Miami Marlins,7,Pittsburgh Pirates,8
,,,
New York Mets,4,San Diego Padres,0
,,,
Chicago Cubs,3,San Francisco Giants,4
,,,
Cincinnati Reds,5,St. Louis Cardinals,2
,,,
Tampa Bay Rays,3,Texas Rangers,0
,,,
Houston Astros,2,Toronto Blue Jays,6
,,,
» 2021-06-05 Standings & Scores,,,
,,,
"Sunday, June 6, 2021",,,
,,,
Seattle Mariners,9,Los Angeles Angels,5
,,,
Los Angeles Dodgers,2,Atlanta Braves,4
,,,
Cleveland Indians,5,Baltimore Orioles,18
,,,
Detroit Tigers,0,Chicago White Sox,3
,,,
Oakland Athletics,1,Colorado Rockies,3
,,,
Minnesota Twins,2,Kansas City Royals,1
,,,
Arizona Diamondbacks,0,Milwaukee Brewers,2
,,,
Boston Red Sox,6,New York Yankees,5
,,,
Washington Nationals,6,Philadelphia Phillies,12
,,,
Miami Marlins,3,Pittsburgh Pirates,1
,,,
New York Mets,6,San Diego Padres,2
,,,
Chicago Cubs,4,San Francisco Giants,3
,,,
Cincinnati Reds,8,St. Louis Cardinals,7
,,,
Tampa Bay Rays,7,Texas Rangers,1
,,,
Houston Astros,6,Toronto Blue Jays,3
,,,
» 2021-06-06 Standings & Scores,,,
,,,
"Monday, June 7, 2021",,,
,,,
Kansas City Royals,3,Los Angeles Angels,8
,,,
Miami Marlins,3,Boston Red Sox,5
,,,
Chicago Cubs,4,San Diego Padres,9
,,,
» 2021-06-07 Standings & Scores,,,
,,,
"Tuesday, June 8, 2021",,,
,,,
Kansas City Royals,1,Los Angeles Angels,8
,,,
New York Mets,3,Baltimore Orioles,10
,,,
Houston Astros,7,Boston Red Sox,1
,,,
Toronto Blue Jays,1,@ Chicago White Sox,6
,,,
Milwaukee Brewers,5,Cincinnati Reds,1
,,,
Seattle Mariners,3,Detroit Tigers,5
,,,
Colorado Rockies,2,Miami Marlins,6
,,,
New York Yankees,8,Minnesota Twins,4
,,,
Arizona Diamondbacks,2,Oakland Athletics,5
,,,
Atlanta Braves,9,Philadelphia Phillies,5
,,,
Los Angeles Dodgers,5,Pittsburgh Pirates,3
,,,
Chicago Cubs,7,San Diego Padres,1
,,,
Cleveland Indians,10,St. Louis Cardinals,1
,,,
Washington Nationals,1,Tampa Bay Rays,3
,,,
San Francisco Giants,9,Texas Rangers,4
,,,
» 2021-06-08 Standings & Scores,,,
,,,
"Wednesday, June 9, 2021",,,
,,,
Kansas City Royals,1,Los Angeles Angels,6
,,,
New York Mets,14,Baltimore Orioles,1
,,,
Houston Astros,8,Boston Red Sox,3
,,,
Toronto Blue Jays,6,@ Chicago White Sox,2
,,,
Milwaukee Brewers,3,Cincinnati Reds,7
,,,
Seattle Mariners,9,Detroit Tigers,6
,,,
Colorado Rockies,4,Miami Marlins,3
,,,
New York Yankees,9,Minnesota Twins,6
,,,
Arizona Diamondbacks,0,Oakland Athletics,4
,,,
Atlanta Braves,1,Philadelphia Phillies,2
,,,
Los Angeles Dodgers,2,Pittsburgh Pirates,1
,,,
Chicago Cubs,3,San Diego Padres,1
,,,
Cleveland Indians,2,St. Louis Cardinals,8
,,,
Washington Nationals,9,Tampa Bay Rays,7
,,,
San Francisco Giants,3,Texas Rangers,4
,,,
» 2021-06-09 Standings & Scores,,,
,,,
"Thursday, June 10, 2021",,,
,,,
Houston Astros,8,Boston Red Sox,12
,,,
Toronto Blue Jays,2,@ Chicago White Sox,5
,,,
Milwaukee Brewers,7,Cincinnati Reds,2
,,,
Seattle Mariners,3,Detroit Tigers,8
,,,
Colorado Rockies,4,Miami Marlins,11
,,,
New York Yankees,5,Minnesota Twins,7
,,,
Kansas City Royals,6,Oakland Athletics,1
,,,
Atlanta Braves,3,Philadelphia Phillies,4
,,,
Los Angeles Dodgers,6,Pittsburgh Pirates,3
,,,
» 2021-06-10 Standings & Scores,,,
,,,
"Friday, June 11, 2021",,,
,,,
Los Angeles Angels,6,Arizona Diamondbacks,5
,,,
Toronto Blue Jays,5,@ Boston Red Sox,6
,,,
St. Louis Cardinals,5,Chicago Cubs,8
,,,
Colorado Rockies,5,Cincinnati Reds,11
,,,
Seattle Mariners,0,Cleveland Indians,7
,,,
Chicago White Sox,5,Detroit Tigers,4
,,,
Texas Rangers,1,Los Angeles Dodgers,12
,,,
Atlanta Braves,3,Miami Marlins,4
,,,
Pittsburgh Pirates,4,Milwaukee Brewers,7
,,,
Houston Astros,6,Minnesota Twins,4
,,,
San Diego Padres,2,New York Mets,3
,,,
Kansas City Royals,3,Oakland Athletics,4
,,,
Baltimore Orioles,2,Tampa Bay Rays,4
,,,
San Francisco Giants,1,Washington Nationals,0
,,,
» 2021-06-11 Standings & Scores,,,
,,,
"Saturday, June 12, 2021",,,
,,,
Los Angeles Angels,8,Arizona Diamondbacks,7
,,,
Toronto Blue Jays,7,@ Boston Red Sox,2
,,,
St. Louis Cardinals,2,Chicago Cubs,7
,,,
Colorado Rockies,3,Cincinnati Reds,10
,,,
Seattle Mariners,4,Cleveland Indians,5
,,,
Chicago White Sox,15,Detroit Tigers,2
,,,
Texas Rangers,12,Los Angeles Dodgers,1
,,,
Atlanta Braves,2,Miami Marlins,4
,,,
Pittsburgh Pirates,4,Milwaukee Brewers,7
,,,
Houston Astros,2,Minnesota Twins,5
,,,
San Diego Padres,1,New York Mets,4
,,,
Kansas City Royals,2,Oakland Athletics,11
,,,
New York Yankees,7,Philadelphia Phillies,8
,,,
Baltimore Orioles,4,Tampa Bay Rays,5
,,,
San Francisco Giants,0,Washington Nationals,2
,,,
San Francisco Giants,2,Washington Nationals,1
,,,
» 2021-06-12 Standings & Scores,,,
,,,
"Sunday, June 13, 2021",,,
,,,
Los Angeles Angels,10,Arizona Diamondbacks,3
,,,
Toronto Blue Jays,18,@ Boston Red Sox,4
,,,
St. Louis Cardinals,0,Chicago Cubs,2
,,,
Colorado Rockies,2,Cincinnati Reds,6
,,,
Seattle Mariners,6,Cleveland Indians,2
,,,
Chicago White Sox,4,Detroit Tigers,1
,,,
Texas Rangers,3,Los Angeles Dodgers,5
,,,
Atlanta Braves,6,Miami Marlins,4
,,,
Pittsburgh Pirates,2,Milwaukee Brewers,5
,,,
Houston Astros,14,Minnesota Twins,3
,,,
San Diego Padres,7,New York Mets,3
,,,
Kansas City Royals,3,Oakland Athletics,6
,,,
New York Yankees,0,Philadelphia Phillies,7
,,,
Baltimore Orioles,1,Tampa Bay Rays,7
,,,
San Francisco Giants,0,Washington Nationals,5
,,,
» 2021-06-13 Standings & Scores,,,
,,,
"Monday, June 14, 2021",,,
,,,
Toronto Blue Jays,1,@ Boston Red Sox,2
,,,
Tampa Bay Rays,5,Chicago White Sox,2
,,,
Baltimore Orioles,3,Cleveland Indians,4
,,,
San Diego Padres,2,Colorado Rockies,3
,,,
Detroit Tigers,10,Kansas City Royals,3
,,,
Philadelphia Phillies,1,Los Angeles Dodgers,3
,,,
Cincinnati Reds,10,Milwaukee Brewers,2
,,,
Chicago Cubs,2,New York Mets,5
,,,
Los Angeles Angels,5,Oakland Athletics,8
,,,
Minnesota Twins,3,Seattle Mariners,4
,,,
Arizona Diamondbacks,2,San Francisco Giants,5
,,,
Miami Marlins,2,St. Louis Cardinals,4
,,,
Pittsburgh Pirates,2,Washington Nationals,3
,,,
» 2021-06-14 Standings & Scores,,,
,,,
"Tuesday, June 15, 2021",,,
,,,
Boston Red Sox,10,Atlanta Braves,8
,,,
Tampa Bay Rays,0,Chicago White Sox,3
,,,
Baltimore Orioles,2,Cleveland Indians,7
,,,
San Diego Padres,4,Colorado Rockies,8
,,,
Texas Rangers,3,Houston Astros,6
,,,
Detroit Tigers,4,Kansas City Royals,3
,,,
Philadelphia Phillies,3,Los Angeles Dodgers,5
,,,
Cincinnati Reds,2,Milwaukee Brewers,1
,,,
Chicago Cubs,2,New York Mets,3
,,,
Los Angeles Angels,4,Oakland Athletics,6
,,,
Minnesota Twins,0,Seattle Mariners,10
,,,
Arizona Diamondbacks,8,San Francisco Giants,9
,,,
Miami Marlins,1,St. Louis Cardinals,2
,,,
New York Yankees,6,Toronto Blue Jays,5
,,,
Pittsburgh Pirates,1,Washington Nationals,8
,,,
» 2021-06-15 Standings & Scores,,,
,,,
"Wednesday, June 16, 2021",,,
,,,
Boston Red Sox,10,Atlanta Braves,8
,,,
Tampa Bay Rays,7,Chicago White Sox,8
,,,
Baltimore Orioles,7,Cleveland Indians,8
,,,
San Diego Padres,7,Colorado Rockies,8
,,,
Texas Rangers,4,Houston Astros,8
,,,
Detroit Tigers,6,Kansas City Royals,5
,,,
Philadelphia Phillies,2,Los Angeles Dodgers,0
,,,
Cincinnati Reds,2,Milwaukee Brewers,1
,,,
Chicago Cubs,3,New York Mets,6
,,,
Los Angeles Angels,4,Oakland Athletics,8
,,,
Minnesota Twins,7,Seattle Mariners,2
,,,
Arizona Diamondbacks,7,San Francisco Giants,13
,,,
Miami Marlins,0,St. Louis Cardinals,1
,,,
New York Yankees,3,Toronto Blue Jays,2
,,,
Pittsburgh Pirates,1,Washington Nationals,3
,,,
» 2021-06-16 Standings & Scores,,,
,,,
"Thursday, June 17, 2021",,,
,,,
Detroit Tigers,5,Los Angeles Angels,7
,,,
St. Louis Cardinals,0,Atlanta Braves,4
,,,
Baltimore Orioles,3,Cleveland Indians,10
,,,
Milwaukee Brewers,3,Colorado Rockies,7
,,,
Chicago White Sox,2,Houston Astros,10
,,,
Chicago Cubs,2,New York Mets,0
,,,
Cincinnati Reds,4,San Diego Padres,6
,,,
Tampa Bay Rays,5,Seattle Mariners,6
,,,
Arizona Diamondbacks,3,San Francisco Giants,10
,,,
New York Yankees,8,Toronto Blue Jays,4
,,,
» 2021-06-17 Standings & Scores,,,
,,,
"Friday, June 18, 2021",,,
,,,
Detroit Tigers,3,Los Angeles Angels,11
,,,
Los Angeles Dodgers,3,Arizona Diamondbacks,0
,,,
St. Louis Cardinals,1,Atlanta Braves,9
,,,
Toronto Blue Jays,1,@ Baltimore Orioles,7
,,,
Miami Marlins,10,Chicago Cubs,2
,,,
Milwaukee Brewers,5,Colorado Rockies,6
,,,
Chicago White Sox,1,Houston Astros,2
,,,
Boston Red Sox,3,Kansas City Royals,5
,,,
Oakland Athletics,5,New York Yankees,3
,,,
Cleveland Indians,10,Pittsburgh Pirates,11
,,,
Cincinnati Reds,2,San Diego Padres,8
,,,
Tampa Bay Rays,1,Seattle Mariners,5
,,,
Philadelphia Phillies,3,San Francisco Giants,5
,,,
Minnesota Twins,7,Texas Rangers,5
,,,
New York Mets,0,Washington Nationals,1
,,,
» 2021-06-18 Standings & Scores,,,
,,,
"Saturday, June 19, 2021",,,
,,,
Detroit Tigers,3,Los Angeles Angels,8
,,,
Los Angeles Dodgers,9,Arizona Diamondbacks,3
,,,
Toronto Blue Jays,10,@ Baltimore Orioles,7
,,,
Miami Marlins,11,Chicago Cubs,1
,,,
Milwaukee Brewers,6,Colorado Rockies,5
,,,
Chicago White Sox,3,Houston Astros,7
,,,
Boston Red Sox,7,Kansas City Royals,1
,,,
Oakland Athletics,5,New York Yankees,7
,,,
Cleveland Indians,3,Pittsburgh Pirates,6
,,,
Cincinnati Reds,5,San Diego Padres,7
,,,
Tampa Bay Rays,5,Seattle Mariners,6
,,,
Philadelphia Phillies,13,San Francisco Giants,6
,,,
Minnesota Twins,3,Texas Rangers,2
,,,
New York Mets,5,Washington Nationals,1
,,,
New York Mets,2,Washington Nationals,6
,,,
» 2021-06-19 Standings & Scores,,,
,,,
"Sunday, June 20, 2021",,,
,,,
Detroit Tigers,5,Los Angeles Angels,3
,,,
Los Angeles Dodgers,9,Arizona Diamondbacks,8
,,,
St. Louis Cardinals,9,Atlanta Braves,1
,,,
St. Louis Cardinals,0,Atlanta Braves,1
,,,
Toronto Blue Jays,7,@ Baltimore Orioles,4
,,,
Miami Marlins,0,Chicago Cubs,2
,,,
Milwaukee Brewers,7,Colorado Rockies,6
,,,
Chicago White Sox,2,Houston Astros,8
,,,
Boston Red Sox,3,Kansas City Royals,7
,,,
Oakland Athletics,1,New York Yankees,2
,,,
Cleveland Indians,2,Pittsburgh Pirates,1
,,,
Cincinnati Reds,2,San Diego Padres,3
,,,
Tampa Bay Rays,2,Seattle Mariners,6
,,,
Philadelphia Phillies,2,San Francisco Giants,11
,,,
Minnesota Twins,4,Texas Rangers,2
,,,
New York Mets,2,Washington Nationals,5
,,,
» 2021-06-20 Standings & Scores,,,
,,,
"Monday, June 21, 2021",,,
,,,
Milwaukee Brewers,1,Arizona Diamondbacks,5
,,,
Houston Astros,10,Baltimore Orioles,2
,,,
Cleveland Indians,4,Chicago Cubs,0
,,,
Cincinnati Reds,5,Minnesota Twins,7
,,,
Atlanta Braves,2,New York Mets,4
,,,
Atlanta Braves,1,New York Mets,0
,,,
Los Angeles Dodgers,2,San Diego Padres,6
,,,
Oakland Athletics,3,Texas Rangers,8
,,,
» 2021-06-21 Standings & Scores,,,
,,,
"Tuesday, June 22, 2021",,,
,,,
San Francisco Giants,5,Los Angeles Angels,0
,,,
Milwaukee Brewers,5,Arizona Diamondbacks,0
,,,
Houston Astros,3,Baltimore Orioles,1
,,,
Cleveland Indians,1,Chicago Cubs,7
,,,
St. Louis Cardinals,2,Detroit Tigers,8
,,,
Toronto Blue Jays,2,@ Miami Marlins,1
,,,
Cincinnati Reds,10,Minnesota Twins,7
,,,
Kansas City Royals,6,New York Yankees,5
,,,
Atlanta Braves,3,New York Mets,0
,,,
Washington Nationals,3,Philadelphia Phillies,2
,,,
Chicago White Sox,3,Pittsburgh Pirates,6
,,,
Los Angeles Dodgers,2,San Diego Padres,3
,,,
Colorado Rockies,1,Seattle Mariners,2
,,,
Boston Red Sox,9,Tampa Bay Rays,5
,,,
Oakland Athletics,13,Texas Rangers,6
,,,
» 2021-06-22 Standings & Scores,,,
,,,
"Wednesday, June 23, 2021",,,
,,,
San Francisco Giants,9,Los Angeles Angels,3
,,,
Milwaukee Brewers,3,Arizona Diamondbacks,2
,,,
Houston Astros,13,Baltimore Orioles,0
,,,
St. Louis Cardinals,2,Detroit Tigers,6
,,,
Toronto Blue Jays,3,@ Miami Marlins,1
,,,
Kansas City Royals,5,New York Yankees,6
,,,
Atlanta Braves,3,New York Mets,7
,,,
Washington Nationals,13,Philadelphia Phillies,12
,,,
Chicago White Sox,4,Pittsburgh Pirates,3
,,,
Los Angeles Dodgers,3,San Diego Padres,5
,,,
Colorado Rockies,5,Seattle Mariners,2
,,,
Boston Red Sox,2,Tampa Bay Rays,8
,,,
Oakland Athletics,3,Texas Rangers,5
,,,
» 2021-06-23 Standings & Scores,,,
,,,
"Thursday, June 24, 2021",,,
,,,
Atlanta Braves,3,Cincinnati Reds,5
,,,
Houston Astros,12,Detroit Tigers,3
,,,
Chicago Cubs,4,Los Angeles Dodgers,0
,,,
Washington Nationals,7,Miami Marlins,3
,,,
Cleveland Indians,4,Minnesota Twins,1
,,,
Kansas City Royals,1,New York Yankees,8
,,,
Pittsburgh Pirates,8,St. Louis Cardinals,2
,,,
Boston Red Sox,0,Tampa Bay Rays,1
,,,
Oakland Athletics,5,Texas Rangers,1
,,,
Baltimore Orioles,0,Toronto Blue Jays,9
,,,
» 2021-06-24 Standings & Scores,,,
,,,
"Friday, June 25, 2021",,,
,,,
New York Yankees,3,Boston Red Sox,5
,,,
Seattle Mariners,9,Chicago White Sox,3
,,,
Atlanta Braves,3,Cincinnati Reds,2
,,,
Chicago Cubs,2,Los Angeles Dodgers,6
,,,
Washington Nationals,2,Miami Marlins,11
,,,
Colorado Rockies,4,Milwaukee Brewers,5
,,,
Cleveland Indians,7,Minnesota Twins,8
,,,
Philadelphia Phillies,1,New York Mets,2
,,,
Philadelphia Phillies,2,New York Mets,1
,,,
Arizona Diamondbacks,5,San Diego Padres,11
,,,
Oakland Athletics,0,San Francisco Giants,2
,,,
Pittsburgh Pirates,5,St. Louis Cardinals,4
,,,
Los Angeles Angels,3,Tampa Bay Rays,4
,,,
Kansas City Royals,4,Texas Rangers,9
,,,
Baltimore Orioles,6,Toronto Blue Jays,5
,,,
» 2021-06-25 Standings & Scores,,,
,,,
"Saturday, June 26, 2021",,,
,,,
New York Yankees,2,Boston Red Sox,4
,,,
Seattle Mariners,3,Chicago White Sox,2
,,,
Atlanta Braves,1,Cincinnati Reds,4
,,,
Houston Astros,1,Detroit Tigers,3
,,,
Houston Astros,3,Detroit Tigers,2
,,,
Chicago Cubs,2,Los Angeles Dodgers,3
,,,
Washington Nationals,2,Miami Marlins,3
,,,
Colorado Rockies,4,Milwaukee Brewers,10
,,,
Philadelphia Phillies,3,New York Mets,4
,,,
Arizona Diamondbacks,10,San Diego Padres,1
,,,
Oakland Athletics,5,San Francisco Giants,6
,,,
Pittsburgh Pirates,1,St. Louis Cardinals,3
,,,
Los Angeles Angels,3,Tampa Bay Rays,13
,,,
Kansas City Royals,0,Texas Rangers,8
,,,
Baltimore Orioles,4,Toronto Blue Jays,12
,,,
» 2021-06-26 Standings & Scores,,,
,,,
"Sunday, June 27, 2021",,,
,,,
New York Yankees,2,Boston Red Sox,9
,,,
Seattle Mariners,5,Chicago White Sox,7
,,,
Atlanta Braves,4,Cincinnati Reds,0
,,,
Houston Astros,1,Detroit Tigers,2
,,,
Chicago Cubs,1,Los Angeles Dodgers,7
,,,
Washington Nationals,5,Miami Marlins,1
,,,
Colorado Rockies,0,Milwaukee Brewers,5
,,,
Cleveland Indians,2,Minnesota Twins,8
,,,
Philadelphia Phillies,4,New York Mets,2
,,,
Arizona Diamondbacks,4,San Diego Padres,5
,,,
Oakland Athletics,6,San Francisco Giants,2
,,,
Pittsburgh Pirates,7,St. Louis Cardinals,2
,,,
Los Angeles Angels,6,Tampa Bay Rays,4
,,,
Kansas City Royals,1,Texas Rangers,4
,,,
Baltimore Orioles,2,Toronto Blue Jays,5
,,,
» 2021-06-27 Standings & Scores,,,
,,,
"Monday, June 28, 2021",,,
,,,
Kansas City Royals,5,Boston Red Sox,6
,,,
Philadelphia Phillies,4,Cincinnati Reds,12
,,,
Detroit Tigers,5,Cleveland Indians,13
,,,
Pittsburgh Pirates,0,Colorado Rockies,2
,,,
Baltimore Orioles,9,Houston Astros,7
,,,
San Francisco Giants,2,Los Angeles Dodgers,3
,,,
Chicago Cubs,4,Milwaukee Brewers,14
,,,
Los Angeles Angels,5,New York Yankees,3
,,,
Arizona Diamondbacks,1,St. Louis Cardinals,7
,,,
New York Mets,4,Washington Nationals,8
,,,
» 2021-06-28 Standings & Scores,,,
,,,
"Tuesday, June 29, 2021",,,
,,,
New York Mets,4,Atlanta Braves,3
,,,
Kansas City Royals,6,Boston Red Sox,7
,,,
Minnesota Twins,6,Chicago White Sox,7
,,,
San Diego Padres,5,Cincinnati Reds,4
,,,
Pittsburgh Pirates,0,Colorado Rockies,8
,,,
Baltimore Orioles,13,Houston Astros,3
,,,
San Francisco Giants,1,Los Angeles Dodgers,3
,,,
Chicago Cubs,1,Milwaukee Brewers,2
,,,
Los Angeles Angels,5,New York Yankees,11
,,,
Texas Rangers,5,Oakland Athletics,4
,,,
Miami Marlins,3,Philadelphia Phillies,4
,,,
Arizona Diamondbacks,2,St. Louis Cardinals,3
,,,
Seattle Mariners,3,Toronto Blue Jays,9
,,,
Tampa Bay Rays,3,Washington Nationals,4
,,,
» 2021-06-29 Standings & Scores,,,
,,,
"Wednesday, June 30, 2021",,,
,,,
New York Mets,2,Atlanta Braves,20
,,,
Kansas City Royals,2,Boston Red Sox,6
,,,
Minnesota Twins,3,Chicago White Sox,13
,,,
San Diego Padres,7,Cincinnati Reds,5
,,,
Detroit Tigers,9,Cleveland Indians,4
,,,
Detroit Tigers,7,Cleveland Indians,1
,,,
Pittsburgh Pirates,2,Colorado Rockies,6
,,,
Baltimore Orioles,5,Houston Astros,2
,,,
Chicago Cubs,7,Milwaukee Brewers,15
,,,
Los Angeles Angels,11,New York Yankees,8
,,,
Texas Rangers,1,Oakland Athletics,3
,,,
Miami Marlins,11,Philadelphia Phillies,6
,,,
Arizona Diamondbacks,4,St. Louis Cardinals,7
,,,
Seattle Mariners,9,Toronto Blue Jays,7
,,,
Tampa Bay Rays,6,Washington Nationals,15
,,,
» 2021-06-30 Standings & Scores,,,
,,,
"Thursday, July 1, 2021",,,
,,,
San Francisco Giants,3,Arizona Diamondbacks,5
,,,
New York Mets,3,Atlanta Braves,4
,,,
Kansas City Royals,1,Boston Red Sox,15
,,,
Minnesota Twins,5,Chicago White Sox,8
,,,
San Diego Padres,4,Cincinnati Reds,5
,,,
Houston Astros,7,Cleveland Indians,2
,,,
St. Louis Cardinals,2,Colorado Rockies,5
,,,
Texas Rangers,8,Oakland Athletics,3
,,,
Milwaukee Brewers,7,Pittsburgh Pirates,2
,,,
Seattle Mariners,7,Toronto Blue Jays,2
,,,
Los Angeles Dodgers,6,Washington Nationals,2
,,,
» 2021-07-01 Standings & Scores,,,
,,,
"Friday, July 2, 2021",,,
,,,
Baltimore Orioles,7,Los Angeles Angels,8
,,,
San Francisco Giants,11,Arizona Diamondbacks,4
,,,
Miami Marlins,0,Atlanta Braves,1
,,,
Chicago Cubs,1,Cincinnati Reds,2
,,,
Houston Astros,6,Cleveland Indians,3
,,,
St. Louis Cardinals,9,Colorado Rockies,3
,,,
Chicago White Sox,8,Detroit Tigers,2
,,,
Minnesota Twins,4,Kansas City Royals,7
,,,
Boston Red Sox,3,Oakland Athletics,2
,,,
San Diego Padres,3,Philadelphia Phillies,4
,,,
Milwaukee Brewers,7,Pittsburgh Pirates,2
,,,
Texas Rangers,4,Seattle Mariners,5
,,,
Tampa Bay Rays,1,Toronto Blue Jays,11
,,,
Los Angeles Dodgers,10,Washington Nationals,5
,,,
» 2021-07-02 Standings & Scores,,,
,,,
"Saturday, July 3, 2021",,,
,,,
Baltimore Orioles,1,Los Angeles Angels,4
,,,
San Francisco Giants,6,Arizona Diamondbacks,5
,,,
Miami Marlins,3,Atlanta Braves,2
,,,
Chicago Cubs,2,Cincinnati Reds,3
,,,
Houston Astros,3,Cleveland Indians,2
,,,
St. Louis Cardinals,2,Colorado Rockies,3
,,,
Chicago White Sox,5,Detroit Tigers,11
,,,
Minnesota Twins,3,Kansas City Royals,6
,,,
New York Mets,8,New York Yankees,3
,,,
Boston Red Sox,6,Oakland Athletics,7
,,,
San Diego Padres,2,Philadelphia Phillies,4
,,,
Milwaukee Brewers,11,Pittsburgh Pirates,2
,,,
Texas Rangers,7,Seattle Mariners,3
,,,
Tampa Bay Rays,3,Toronto Blue Jays,6
,,,
Los Angeles Dodgers,5,Washington Nationals,3
,,,
» 2021-07-03 Standings & Scores,,,
,,,
"Sunday, July 4, 2021",,,
,,,
Baltimore Orioles,5,Los Angeles Angels,6
,,,
San Francisco Giants,5,Arizona Diamondbacks,2
,,,
Miami Marlins,7,Atlanta Braves,8
,,,
Chicago Cubs,2,Cincinnati Reds,3
,,,
Houston Astros,4,Cleveland Indians,3
,,,
St. Louis Cardinals,2,Colorado Rockies,3
,,,
Chicago White Sox,5,Detroit Tigers,6
,,,
Minnesota Twins,6,Kansas City Royals,2
,,,
New York Mets,10,New York Yankees,5
,,,
New York Mets,2,New York Yankees,4
,,,
Boston Red Sox,1,Oakland Athletics,0
,,,
San Diego Padres,11,Philadelphia Phillies,1
,,,
Milwaukee Brewers,0,Pittsburgh Pirates,2
,,,
Texas Rangers,1,Seattle Mariners,4
,,,
Tampa Bay Rays,5,Toronto Blue Jays,1
,,,
Los Angeles Dodgers,5,Washington Nationals,1
,,,
» 2021-07-04 Standings & Scores,,,
,,,
"Monday, July 5, 2021",,,
,,,
Boston Red Sox,5,Los Angeles Angels,4
,,,
Philadelphia Phillies,13,Chicago Cubs,3
,,,
Cincinnati Reds,6,Kansas City Royals,2
,,,
Los Angeles Dodgers,4,Miami Marlins,5
,,,
Chicago White Sox,5,Minnesota Twins,8
,,,
Milwaukee Brewers,2,New York Mets,4
,,,
Atlanta Braves,1,Pittsburgh Pirates,11
,,,
Washington Nationals,7,San Diego Padres,5
,,,
St. Louis Cardinals,5,San Francisco Giants,3
,,,
Cleveland Indians,8,Tampa Bay Rays,9
,,,
Detroit Tigers,7,Texas Rangers,3
,,,
» 2021-07-05 Standings & Scores,,,
,,,
"Tuesday, July 6, 2021",,,
,,,
Boston Red Sox,3,Los Angeles Angels,5
,,,
Colorado Rockies,3,Arizona Diamondbacks,4
,,,
Toronto Blue Jays,5,@ Baltimore Orioles,7
,,,
Philadelphia Phillies,15,Chicago Cubs,10
,,,
Oakland Athletics,6,Houston Astros,9
,,,
Cincinnati Reds,6,Kansas City Royals,7
,,,
Los Angeles Dodgers,1,Miami Marlins,2
,,,
Chicago White Sox,4,Minnesota Twins,1
,,,
Atlanta Braves,1,Pittsburgh Pirates,2
,,,
Washington Nationals,4,San Diego Padres,7
,,,
New York Yankees,12,Seattle Mariners,1
,,,
St. Louis Cardinals,6,San Francisco Giants,5
,,,
Detroit Tigers,5,Texas Rangers,10
,,,
» 2021-07-06 Standings & Scores,,,
,,,
"Wednesday, July 7, 2021",,,
,,,
Boston Red Sox,4,Los Angeles Angels,5
,,,
Colorado Rockies,4,Arizona Diamondbacks,6
,,,
Toronto Blue Jays,10,@ Baltimore Orioles,2
,,,
Philadelphia Phillies,3,Chicago Cubs,8
,,,
Oakland Athletics,3,Houston Astros,4
,,,
Cincinnati Reds,5,Kansas City Royals,2
,,,
Los Angeles Dodgers,6,Miami Marlins,9
,,,
Chicago White Sox,6,Minnesota Twins,1
,,,
Milwaukee Brewers,3,New York Mets,4
,,,
Milwaukee Brewers,5,New York Mets,0
,,,
Atlanta Braves,14,Pittsburgh Pirates,3
,,,
Washington Nationals,15,San Diego Padres,5
,,,
New York Yankees,5,Seattle Mariners,4
,,,
St. Louis Cardinals,2,San Francisco Giants,5
,,,
Cleveland Indians,1,Tampa Bay Rays,8
,,,
Cleveland Indians,0,Tampa Bay Rays,4
,,,
Detroit Tigers,5,Texas Rangers,3
,,,
» 2021-07-07 Standings & Scores,,,
,,,
"Thursday, July 8, 2021",,,
,,,
Colorado Rockies,9,Arizona Diamondbacks,3
,,,
Philadelphia Phillies,8,Chicago Cubs,0
,,,
Kansas City Royals,4,Cleveland Indians,7
,,,
Oakland Athletics,2,Houston Astros,1
,,,
Los Angeles Dodgers,6,Miami Marlins,1
,,,
Cincinnati Reds,3,Milwaukee Brewers,5
,,,
Detroit Tigers,3,Minnesota Twins,5
,,,
Washington Nationals,8,San Diego Padres,9
,,,
New York Yankees,0,Seattle Mariners,4
