"Season","Team","FB%","FBv","SL%","SLv","CT%","CTv","CB%","CBv","CH%","CHv","SF%","SFv","KN%","KNv","XX%"
"2021","MIN","48.4%","93.8","21.9%","85.0","5.9%","88.4","8.7%","79.6","13.6%","84.7","1.4%","85.8","0.1%","62.2","0.3%"
"2021","NYY","51.1%","93.8","21.1%","84.8","6.6%","88.3","8.5%","79.3","11.1%","84.3","1.7%","87.4","","","0.2%"
"2021","CHC","50.6%","93.8","21.1%","84.7","6.8%","88.1","8.8%","79.2","11.2%","84.9","1.5%","85.4","","","0.3%"
"2021","TOR","50.5%","93.7","21.3%","85.1","7.3%","87.6","8.7%","79.5","10.8%","85.1","1.4%","86.8","","","0.2%"
"2021","WSN","51.0%","93.7","19.3%","85.3","5.5%","88.3","11.4%","79.1","11.3%","85.2","1.4%","85.4","","","0.6%"
"2021","PHI","51.8%","93.7","20.4%","84.5","6.8%","88.4","9.3%","78.9","10.5%","85.7","1.1%","86.6","0.1%","62.5","0.5%"
"2021","NYM","52.0%","93.7","18.0%","84.7","6.9%","88.4","10.6%","79.1","11.4%","85.1","1.1%","85.2","","","0.4%"
"2021","BAL","49.7%","93.7","19.7%","84.3","7.7%","87.5","9.7%","79.2","11.4%","84.4","1.8%","86.8","","","0.1%"
"2020","ARI","52.6%","93.7","18.8%","85.0","4.8%","89.6","8.4%","80.3","13.8%","84.8","1.6%","85.0","","","0.1%"
"2021","ARI","52.0%","93.6","18.9%","84.7","6.9%","89.3","8.5%","79.4","12.1%","85.3","1.5%","84.4","","","0.4%"
"2021","KCR","49.7%","93.6","21.9%","84.9","5.4%","88.5","10.1%","79.8","11.2%","84.5","1.8%","86.1","0.0%","43.7","0.2%"
"2019","ATL","53.1%","93.6","17.9%","85.2","6.1%","89.1","9.7%","79.6","12.1%","84.9","1.1%","86.0","","","0.6%"
"2021","SDP","52.9%","93.5","19.7%","85.1","6.7%","89.1","9.0%","79.1","10.5%","85.2","1.1%","85.5","0.1%","57.2","0.6%"
"2021","LAA","51.4%","93.5","21.7%","84.2","5.9%","88.1","8.9%","79.8","10.7%","84.5","1.5%","86.1","","","0.5%"
"2021","MIA","51.8%","93.5","20.2%","84.7","6.0%","88.2","10.7%","78.9","9.7%","84.8","1.6%","85.9","","","0.4%"
"2021","BOS","52.3%","93.5","18.7%","84.5","6.5%","87.2","9.1%","79.7","12.0%","84.3","1.3%","85.4","0.2%","54.8","0.4%"
"2021","TBR","50.4%","93.5","18.0%","84.4","7.1%","88.6","10.4%","79.7","12.5%","84.6","1.6%","86.9","","","0.4%"
"2020","LAD","48.5%","93.5","20.2%","84.6","5.6%","88.7","10.1%","80.3","13.6%","85.0","1.9%","86.1","","","0.3%"
"2021","STL","51.7%","93.4","20.7%","85.0","4.8%","89.5","10.7%","79.5","10.8%","85.0","1.3%","85.5","","","0.5%"
"2021","CLE","49.9%","93.4","21.4%","84.3","5.8%","87.6","8.5%","78.7","12.8%","84.2","1.7%","85.8","","","0.3%"
"2021","ATL","51.6%","93.4","19.3%","85.1","7.3%","88.6","9.5%","78.3","10.8%","85.1","1.5%","86.2","","","0.6%"
"2021","SFG","50.4%","93.4","18.6%","84.5","7.4%","89.2","10.5%","79.3","11.9%","85.8","1.2%","85.7","0.0%","68.9","0.6%"
"2021","CHW","52.1%","93.4","20.8%","84.7","4.8%","89.1","10.1%","80.0","10.6%","84.8","1.6%","86.4","0.0%","71.5","0.1%"
"2020","COL","54.4%","93.4","17.7%","85.0","5.6%","88.7","8.7%","80.5","11.5%","84.4","2.2%","84.4","","","0.5%"
"2019","CHC","52.8%","93.4","18.5%","85.4","4.6%","88.8","11.5%","79.1","11.5%","84.4","1.2%","86.3","","","0.5%"
"2021","MIL","51.9%","93.4","19.7%","84.8","5.6%","88.2","10.6%","78.9","10.7%","85.0","1.5%","85.6","0.0%","61.0","0.4%"
"2021","DET","50.9%","93.4","18.9%","84.5","5.5%","89.3","10.0%","79.4","12.6%","84.3","2.0%","86.6","","","0.1%"
"2020","MIN","49.3%","93.3","19.7%","83.4","6.2%","88.3","10.9%","79.3","13.2%","84.4","0.7%","86.3","","","0.4%"
"2021","SEA","49.8%","93.3","19.5%","84.0","5.2%","88.0","10.8%","79.7","13.1%","84.8","1.5%","86.3","","","0.1%"
"2018","CHC","54.0%","93.3","18.3%","84.8","5.3%","88.8","10.7%","79.1","10.4%","85.0","1.3%","85.9","","","1.0%"
"2021","OAK","51.1%","93.3","19.6%","84.4","6.1%","88.3","11.3%","79.4","10.2%","84.2","1.7%","86.0","","","0.2%"
"2019","PHI","53.2%","93.3","18.8%","84.7","5.8%","88.8","10.2%","78.9","10.9%","84.6","1.1%","85.8","","","0.7%"
"2020","SFG","51.9%","93.3","19.1%","85.3","4.9%","88.5","11.3%","80.1","11.7%","84.9","1.1%","84.9","","","0.3%"
"2019","NYY","50.9%","93.3","20.2%","84.6","5.6%","88.8","10.6%","79.3","10.2%","84.6","2.3%","85.4","0.2%","74.0","0.3%"
"2019","WSN","53.3%","93.3","19.8%","84.9","5.3%","88.5","10.3%","79.0","9.6%","84.9","1.6%","86.1","","","0.5%"
"2021","LAD","50.8%","93.3","21.8%","84.7","5.9%","88.8","9.8%","79.2","10.2%","85.3","1.5%","85.7","0.0%","62.5","0.5%"
"2021","HOU","50.6%","93.3","20.4%","84.2","6.7%","88.8","8.8%","79.3","11.4%","84.6","1.8%","85.7","0.3%","77.2","0.3%"
"2020","SDP","52.0%","93.3","18.0%","84.6","6.0%","89.5","9.7%","80.3","12.2%","85.4","2.2%","84.1","","","0.2%"
"2020","DET","48.4%","93.3","22.4%","83.6","5.4%","87.9","11.6%","78.6","11.5%","84.8","0.6%","82.0","","","0.1%"
"2020","HOU","50.8%","93.3","20.7%","84.6","6.1%","89.2","9.3%","79.9","11.3%","84.7","1.8%","85.8","","","0.2%"
"2019","ARI","54.2%","93.3","17.0%","85.1","6.1%","88.9","10.0%","79.0","11.1%","84.6","1.6%","86.0","","","0.5%"
"2017","CHC","56.4%","93.3","15.3%","84.8","5.5%","88.8","10.1%","78.5","10.5%","84.8","1.5%","84.5","0.7%","75.8","0.8%"
"2019","MIN","50.5%","93.3","18.4%","84.2","6.1%","88.3","10.7%","79.4","12.7%","84.7","1.5%","85.4","","","0.3%"
"2020","SEA","52.5%","93.3","17.7%","84.2","4.2%","88.6","10.7%","79.7","13.2%","84.8","1.6%","85.6","","","0.2%"
"2020","TBR","48.7%","93.3","15.8%","84.6","8.5%","88.5","10.2%","78.7","14.2%","84.2","2.6%","86.4","","","0.3%"
"2019","COL","53.9%","93.3","18.1%","84.6","5.6%","89.0","10.3%","78.9","10.4%","84.8","1.6%","86.1","","","0.4%"
"2020","BAL","49.5%","93.2","16.7%","84.1","8.7%","88.7","11.5%","79.4","10.4%","83.9","3.3%","85.6","","","0.2%"
"2020","BOS","53.3%","93.2","15.2%","84.3","6.8%","87.5","10.3%","79.1","12.4%","84.5","1.9%","85.7","0.1%","62.6","0.3%"
"2019","DET","52.0%","93.2","19.5%","84.0","5.8%","88.1","10.5%","79.5","10.6%","84.1","1.5%","85.2","0.1%","75.1","0.3%"
"2019","MIA","54.0%","93.2","18.9%","85.4","5.4%","88.8","10.5%","79.1","10.0%","84.5","1.2%","85.8","","","0.3%"
"2020","STL","49.1%","93.2","19.6%","83.9","6.5%","88.1","12.1%","78.5","11.5%","84.9","1.1%","86.2","","","0.1%"
"2020","NYY","49.7%","93.2","17.6%","84.4","8.8%","88.5","9.9%","78.9","11.9%","83.9","2.1%","85.7","","","0.2%"
"2018","WSN","54.6%","93.2","16.8%","84.7","5.8%","89.7","9.9%","79.1","11.2%","84.5","1.7%","85.7","","","0.8%"
"2021","TEX","52.3%","93.2","18.1%","84.1","6.6%","88.2","8.8%","78.9","12.4%","84.2","1.8%","86.9","","","0.2%"
"2019","MIL","55.6%","93.2","17.0%","84.8","5.8%","88.3","10.3%","78.9","10.3%","85.0","1.0%","85.5","","","0.6%"
"2021","COL","51.4%","93.2","19.0%","84.5","7.8%","88.4","9.3%","79.8","11.6%","84.6","0.9%","85.7","","","0.4%"
"2020","CHW","49.1%","93.2","22.0%","83.7","5.6%","87.8","11.8%","79.5","10.1%","84.2","1.4%","85.0","","","0.0%"
"2019","BOS","52.9%","93.2","18.3%","84.3","6.7%","88.0","9.7%","79.9","10.9%","84.3","1.5%","85.4","0.1%","74.6","0.5%"
"2020","MIA","50.1%","93.2","18.3%","85.2","6.5%","88.0","10.9%","78.7","12.3%","84.7","2.0%","84.5","","","0.3%"
"2017","ARI","55.3%","93.1","17.1%","84.9","5.5%","88.6","10.9%","78.5","9.6%","84.7","1.1%","84.7","0.6%","78.1","0.7%"
"2018","TOR","51.6%","93.1","18.9%","84.2","5.4%","88.6","10.5%","79.7","11.8%","84.4","1.6%","85.5","0.1%","77.2","0.2%"
"2020","ATL","48.8%","93.1","20.1%","84.2","8.5%","88.2","8.2%","79.2","11.9%","84.6","2.5%","85.4","0.1%","54.4","0.5%"
"2021","CIN","51.6%","93.1","18.6%","84.4","5.9%","88.8","10.9%","78.9","11.8%","84.6","1.1%","85.1","","","0.4%"
"2020","CLE","50.8%","93.1","20.4%","83.6","4.2%","87.8","10.8%","78.2","12.8%","84.1","0.9%","86.3","","","0.2%"
"2019","TOR","51.9%","93.1","18.9%","83.9","5.9%","88.2","10.4%","79.5","10.8%","84.6","1.9%","85.5","0.1%","74.3","0.1%"
"2019","CLE","51.4%","93.1","18.1%","84.2","5.6%","88.8","10.8%","79.2","12.7%","84.9","1.4%","85.5","","","0.4%"
"2020","CHC","52.3%","93.1","20.6%","83.9","4.8%","87.6","11.0%","79.1","10.4%","84.6","0.8%","84.8","","","0.3%"
"2020","KCR","47.3%","93.1","21.8%","83.6","6.2%","88.2","10.9%","78.9","13.1%","84.2","0.7%","84.0","","","0.1%"
"2019","SDP","53.4%","93.1","19.5%","84.8","5.5%","89.1","11.0%","79.0","9.6%","84.6","1.0%","84.9","0.0%","61.5","0.3%"
"2019","SFG","53.8%","93.1","16.6%","84.8","6.3%","88.5","10.6%","79.1","11.0%","84.1","1.7%","85.6","0.0%","67.0","0.4%"
"2018","BOS","55.0%","93.1","18.1%","84.2","4.9%","88.7","8.2%","79.1","12.5%","84.4","1.5%","85.1","","","0.5%"
"2019","STL","51.9%","93.1","19.2%","84.8","5.9%","88.4","10.5%","79.0","11.2%","84.5","1.3%","86.4","","","0.2%"
"2020","TOR","49.7%","93.1","17.5%","83.9","8.0%","87.6","9.5%","79.6","13.0%","83.8","2.2%","85.9","0.1%","59.7","0.1%"
"2019","LAA","52.1%","93.1","17.8%","84.7","6.5%","88.0","10.6%","78.9","11.6%","84.1","1.4%","85.9","","","0.4%"
"2017","PHI","57.5%","93.1","15.0%","84.4","4.3%","88.8","9.8%","78.4","11.3%","84.7","1.0%","83.6","0.9%","77.4","0.4%"
"2019","SEA","52.3%","93.1","17.6%","84.2","6.2%","88.4","11.3%","79.0","11.1%","84.4","1.6%","85.7","","","0.1%"
"2019","KCR","51.3%","93.1","20.4%","84.1","5.4%","88.3","10.3%","79.0","11.6%","84.5","1.0%","84.9","","","0.4%"
"2018","NYY","52.9%","93.1","17.9%","84.4","6.6%","88.5","9.3%","79.2","11.7%","84.3","1.3%","84.9","0.2%","77.3","0.3%"
"2018","PHI","56.1%","93.1","15.1%","84.9","5.0%","89.4","10.4%","78.8","12.4%","84.7","1.1%","84.8","","","0.5%"
"2021","PIT","51.6%","93.0","18.4%","84.3","6.4%","88.5","10.3%","78.6","11.4%","84.6","1.8%","84.6","0.1%","58.1","0.4%"
"2017","LAD","57.9%","93.0","15.5%","84.4","5.9%","88.3","9.8%","79.0","10.0%","84.7","0.9%","85.1","","","0.6%"
"2019","HOU","53.0%","93.0","17.8%","84.7","6.1%","88.2","10.0%","78.9","11.4%","83.9","1.6%","85.7","","","0.3%"
"2019","NYM","53.2%","93.0","18.4%","84.4","6.1%","88.9","10.0%","78.4","10.7%","84.5","1.5%","85.7","","","0.5%"
"2019","PIT","53.0%","93.0","16.7%","84.8","5.7%","88.5","11.3%","78.2","11.9%","84.0","1.5%","86.2","","","0.6%"
"2017","SDP","56.8%","93.0","15.7%","84.2","5.6%","88.7","12.8%","78.6","7.9%","84.3","0.8%","84.6","0.4%","77.4","0.3%"
"2017","MIL","56.8%","93.0","15.7%","84.7","5.1%","88.5","10.9%","78.7","10.2%","84.5","1.0%","85.1","0.4%","76.4","0.5%"
"2018","MIL","56.7%","93.0","16.9%","85.0","5.2%","88.9","10.8%","78.6","9.6%","84.8","0.8%","86.0","","","0.5%"
"2019","LAD","52.8%","93.0","18.2%","84.9","5.7%","89.0","10.4%","79.5","11.1%","84.9","1.7%","86.1","0.1%","75.4","0.6%"
"2019","CIN","52.9%","93.0","17.1%","84.7","6.8%","88.3","11.4%","78.6","10.4%","84.0","1.3%","85.8","","","0.4%"
"2017","WSN","56.4%","93.0","14.2%","84.6","5.5%","88.0","9.9%","78.6","10.8%","84.4","1.8%","85.0","1.5%","77.6","0.8%"
"2017","MIA","57.2%","93.0","15.8%","84.9","4.1%","88.4","10.6%","78.6","10.2%","84.9","1.4%","85.1","0.8%","77.5","0.8%"
"2019","TEX","51.9%","93.0","19.1%","84.4","5.8%","87.8","10.7%","79.1","11.2%","84.4","1.3%","85.2","0.0%","64.3","0.3%"
"2020","PIT","50.8%","93.0","18.0%","83.1","6.9%","88.1","12.3%","78.3","11.4%","84.6","0.6%","84.6","","","0.3%"
"2019","BAL","50.2%","93.0","16.7%","84.3","7.3%","88.2","11.9%","79.5","11.8%","84.4","2.1%","85.2","","","0.1%"
"2020","PHI","49.1%","93.0","17.8%","84.6","10.0%","88.3","10.1%","78.3","11.1%","84.3","1.9%","86.1","","","0.6%"
"2018","ATL","55.5%","93.0","16.5%","84.6","4.2%","89.3","11.0%","79.1","11.0%","85.0","1.4%","86.1","0.3%","76.0","0.9%"
"2017","NYY","55.0%","93.0","17.2%","84.2","5.9%","88.4","10.0%","79.4","10.7%","83.8","1.2%","84.2","","","0.3%"
"2018","MIA","55.4%","93.0","17.4%","84.7","4.8%","89.7","11.3%","78.9","9.6%","84.5","1.4%","85.5","","","0.4%"
"2019","OAK","50.7%","92.9","18.1%","84.5","5.6%","88.0","11.7%","79.4","12.5%","84.4","1.4%","85.3","","","0.2%"
"2017","STL","56.0%","92.9","17.0%","84.5","5.8%","89.1","10.3%","78.3","9.0%","84.0","1.2%","84.3","0.7%","77.1","0.5%"
"2017","BOS","54.4%","92.9","16.4%","84.4","6.7%","88.7","9.8%","79.2","10.9%","84.2","1.8%","84.9","","","0.8%"
"2017","COL","58.4%","92.9","16.4%","84.4","5.7%","88.6","10.4%","78.6","8.2%","84.1","0.9%","84.7","","","0.7%"
"2018","MIN","56.3%","92.9","17.0%","83.8","5.0%","88.5","10.5%","79.0","9.9%","84.4","1.4%","86.1","","","0.4%"
"2017","BAL","52.7%","92.9","17.9%","84.7","5.6%","88.6","11.2%","79.5","11.0%","83.9","1.2%","84.7","0.3%","72.4","0.2%"
"2019","CHW","52.9%","92.9","18.3%","84.1","5.6%","87.8","10.4%","79.4","11.6%","84.4","1.0%","84.5","0.3%","74.5","0.2%"
"2017","PIT","57.8%","92.9","15.3%","84.8","5.4%","88.6","9.6%","78.5","10.0%","84.2","1.4%","83.6","0.7%","77.0","0.6%"
"2020","OAK","49.4%","92.9","19.1%","84.0","6.1%","89.4","10.7%","80.2","13.0%","85.2","1.7%","84.9","","","0.2%"
"2020","WSN","49.8%","92.9","18.5%","84.1","7.6%","87.7","9.6%","78.6","12.7%","84.3","1.8%","84.8","0.0%","60.7","0.6%"
"2018","TEX","53.7%","92.8","18.1%","83.9","6.2%","88.3","10.2%","79.4","10.5%","84.1","1.3%","85.3","","","0.2%"
"2019","TBR","50.8%","92.8","19.4%","83.9","7.3%","88.3","9.6%","79.3","11.6%","84.4","1.4%","85.3","","","0.3%"
"2018","DET","55.3%","92.8","16.0%","84.1","4.5%","88.3","10.9%","79.4","11.8%","83.8","1.2%","85.1","0.3%","74.8","0.2%"
"2020","CIN","50.6%","92.8","18.5%","83.6","6.0%","87.2","13.9%","78.6","10.2%","83.7","0.7%","85.2","","","0.1%"
"2020","LAA","52.7%","92.8","18.8%","84.5","7.2%","88.3","10.6%","79.3","9.0%","84.7","1.7%","83.8","","","0.3%"
"2017","CIN","57.2%","92.8","14.4%","84.3","6.0%","88.0","10.2%","78.0","10.5%","84.5","1.0%","84.5","0.6%","77.1","0.6%"
"2018","SFG","55.6%","92.8","16.3%","84.3","5.9%","88.7","10.5%","78.7","10.6%","84.0","1.1%","85.9","","","0.6%"
"2017","TEX","53.9%","92.8","17.6%","84.3","5.2%","88.8","10.3%","78.8","11.1%","84.1","1.6%","84.0","0.3%","78.1","0.3%"
"2018","CIN","57.0%","92.8","14.4%","84.1","6.6%","88.7","11.5%","78.3","9.6%","84.3","0.9%","86.8","0.0%","59.0","0.5%"
"2017","SFG","57.2%","92.8","15.8%","84.1","4.9%","88.5","10.3%","77.7","10.4%","84.5","0.7%","84.7","0.6%","75.6","0.6%"
"2020","TEX","50.2%","92.8","18.7%","83.6","7.2%","88.3","11.0%","79.3","10.8%","84.7","2.1%","84.7","","","0.1%"
"2017","TOR","52.8%","92.8","16.9%","84.2","6.2%","88.5","11.7%","78.7","10.4%","83.9","1.9%","84.6","","","0.1%"
"2020","MIL","50.7%","92.8","19.3%","83.7","6.3%","87.0","12.3%","78.1","10.6%","84.2","0.8%","84.8","","","0.3%"
"2018","NYM","55.7%","92.8","15.1%","83.7","6.1%","89.4","10.2%","78.8","11.5%","84.6","1.3%","85.4","0.2%","76.2","0.5%"
"2018","BAL","52.6%","92.8","17.0%","84.2","6.5%","88.4","10.0%","79.5","11.5%","83.9","1.7%","85.8","0.7%","75.3","0.3%"
"2017","MIN","55.3%","92.8","15.3%","84.3","5.6%","88.6","11.5%","78.5","10.9%","84.1","1.4%","84.2","","","0.4%"
"2017","SEA","54.3%","92.8","16.7%","83.9","6.0%","88.6","10.5%","79.2","10.6%","83.9","1.7%","84.2","0.3%","77.4","0.4%"
"2017","NYM","56.1%","92.8","15.8%","84.1","5.0%","88.0","10.9%","77.8","9.8%","84.4","1.4%","84.1","1.1%","76.4","0.5%"
"2018","PIT","55.6%","92.7","16.9%","84.2","5.8%","88.5","10.4%","78.4","9.9%","84.3","1.4%","85.2","","","0.6%"
"2018","SEA","56.2%","92.7","17.1%","83.9","5.2%","88.3","9.5%","79.7","9.9%","83.7","1.4%","85.4","0.6%","74.5","0.3%"
"2018","STL","57.3%","92.7","17.6%","84.5","5.2%","88.9","9.8%","78.4","9.0%","84.3","1.0%","85.7","","","0.6%"
"2018","ARI","56.6%","92.7","16.7%","84.5","5.1%","89.0","10.0%","78.6","10.8%","83.8","0.8%","85.5","","","0.5%"
"2018","CLE","53.9%","92.7","17.3%","84.2","5.2%","88.3","11.1%","79.0","11.0%","84.1","1.4%","85.7","0.1%","75.4","0.5%"
"2018","SDP","55.5%","92.7","14.8%","84.2","6.8%","89.0","12.1%","78.7","10.1%","83.9","0.8%","85.2","","","0.5%"
"2017","DET","55.5%","92.7","17.1%","84.4","5.1%","88.5","11.1%","79.0","9.6%","84.1","1.3%","84.1","0.3%","71.3","0.3%"
"2017","TBR","55.8%","92.7","17.4%","83.9","5.5%","88.4","9.2%","79.2","10.2%","84.0","1.6%","84.3","0.4%","72.4","0.5%"
"2018","HOU","52.0%","92.7","17.3%","84.2","7.3%","88.2","11.0%","79.2","10.8%","83.5","1.4%","85.2","0.3%","76.4","0.3%"
"2017","KCR","52.7%","92.7","17.8%","84.4","6.1%","88.3","11.8%","78.8","10.3%","84.0","1.2%","83.2","","","0.3%"
"2018","CHW","55.3%","92.7","17.2%","84.0","4.7%","88.1","11.0%","79.6","10.7%","84.2","1.2%","85.0","","","0.3%"
"2015","CHC","58.3%","92.7","15.6%","84.4","5.5%","87.8","9.1%","78.6","10.7%","84.3","0.9%","84.1","","","0.7%"
"2017","LAA","55.9%","92.7","16.1%","84.0","5.5%","88.5","10.3%","78.4","10.9%","83.8","1.4%","83.7","","","0.4%"
"2016","PHI","59.5%","92.6","14.9%","84.7","3.9%","88.2","9.9%","78.2","10.7%","83.8","0.6%","83.9","0.4%","75.7","0.6%"
"2018","KCR","53.2%","92.6","17.7%","83.8","5.9%","87.9","11.5%","79.3","10.7%","84.0","0.9%","85.2","","","0.2%"
"2016","CHW","56.6%","92.6","13.7%","84.2","5.4%","88.6","11.3%","78.5","10.1%","83.7","1.4%","84.4","1.5%","75.0","0.2%"
"2018","TBR","53.8%","92.6","17.6%","83.9","5.2%","88.6","10.4%","79.1","11.3%","84.1","1.7%","85.3","0.1%","75.1","0.3%"
"2020","NYM","52.2%","92.6","15.5%","83.0","8.0%","88.7","10.7%","79.1","11.5%","84.1","2.1%","86.0","","","0.3%"
"2018","COL","57.6%","92.6","16.9%","84.4","4.9%","89.3","9.7%","78.8","9.9%","84.0","1.1%","85.5","","","0.6%"
"2018","LAA","54.8%","92.6","16.9%","84.2","7.2%","88.1","9.6%","79.0","10.7%","83.4","0.9%","85.9","","","0.6%"
"2016","NYM","57.4%","92.6","15.6%","84.4","4.7%","88.0","10.9%","78.1","9.8%","84.1","1.5%","85.5","","","0.6%"
"2016","PIT","56.9%","92.6","16.4%","84.6","6.4%","88.3","10.0%","77.8","9.3%","83.9","0.9%","85.9","","","0.6%"
"2016","LAD","56.9%","92.6","15.6%","84.5","6.0%","88.3","9.0%","78.2","10.6%","84.1","1.0%","84.5","0.8%","72.8","0.5%"
"2016","STL","57.6%","92.6","16.4%","84.5","5.2%","88.4","9.6%","77.9","10.1%","83.5","1.0%","85.5","","","0.5%"
"2017","HOU","53.1%","92.6","16.8%","84.4","6.0%","88.2","11.3%","78.5","11.0%","83.9","1.9%","83.4","","","0.4%"
"2016","KCR","53.5%","92.6","16.7%","84.5","6.0%","88.2","10.6%","78.0","10.4%","84.2","1.7%","84.4","1.2%","74.0","0.4%"
"2017","ATL","56.3%","92.6","16.8%","84.5","4.6%","88.3","9.8%","77.7","11.4%","84.3","1.1%","85.3","","","0.9%"
"2018","LAD","55.0%","92.6","15.1%","84.3","6.9%","88.9","10.9%","78.7","11.1%","84.1","1.0%","85.3","0.0%","63.2","0.6%"
"2016","DET","56.2%","92.5","14.4%","83.7","6.6%","87.8","10.5%","78.4","10.2%","84.2","1.2%","84.5","0.9%","74.4","0.4%"
"2015","TOR","56.3%","92.5","16.4%","84.2","5.8%","88.2","8.5%","78.1","10.6%","83.9","2.3%","84.7","0.2%","74.5","0.2%"
"2016","CHC","57.3%","92.5","15.8%","84.4","5.0%","88.0","9.4%","77.9","11.4%","83.9","1.0%","84.8","","","0.7%"
"2015","WSN","58.4%","92.5","16.1%","84.4","5.4%","87.6","8.9%","78.5","10.0%","83.6","1.0%","85.1","0.4%","75.2","0.7%"
"2017","OAK","53.6%","92.5","17.0%","84.0","5.7%","88.6","10.9%","78.3","10.2%","83.5","2.3%","83.8","0.3%","77.2","0.2%"
"2016","BOS","54.9%","92.5","15.3%","84.2","6.6%","87.9","9.6%","77.8","10.1%","83.3","1.9%","84.8","1.6%","75.1","0.5%"
"2017","CLE","55.1%","92.5","15.9%","84.5","4.7%","88.2","10.9%","78.0","12.1%","83.7","1.3%","83.4","","","0.4%"
"2017","CHW","55.6%","92.5","16.0%","84.3","6.5%","88.7","10.7%","79.0","10.3%","83.5","0.9%","84.4","","","0.3%"
"2016","ATL","59.5%","92.5","16.3%","84.8","4.7%","88.0","9.9%","77.9","8.5%","84.1","0.7%","85.8","0.4%","74.5","0.9%"
"2016","SFG","58.8%","92.4","14.1%","84.6","5.6%","87.7","10.3%","77.7","10.5%","84.0","0.7%","85.7","0.0%","58.5","0.7%"
"2015","PIT","57.3%","92.4","14.6%","84.4","6.3%","88.3","9.3%","78.0","11.5%","83.7","1.0%","83.6","","","0.8%"
"2015","MIN","56.5%","92.4","14.6%","84.3","6.5%","88.5","8.7%","78.6","11.4%","83.8","2.0%","84.6","0.4%","73.9","0.5%"
"2015","DET","57.1%","92.4","15.6%","84.1","6.1%","88.8","8.6%","78.7","9.5%","83.9","2.1%","84.3","1.0%","75.6","0.6%"
"2016","CIN","60.1%","92.4","13.4%","84.3","6.2%","87.6","9.6%","77.9","9.8%","83.7","0.9%","84.9","","","0.7%"
"2015","NYM","59.1%","92.4","15.8%","84.0","4.6%","87.8","8.9%","77.8","10.1%","83.7","0.9%","85.1","0.4%","75.4","0.7%"
"2015","CHW","58.0%","92.3","12.5%","84.2","6.2%","88.1","9.0%","78.8","11.4%","83.9","1.7%","83.9","1.2%","74.9","0.4%"
"2015","BOS","57.4%","92.3","15.3%","84.0","5.4%","87.6","8.3%","78.3","9.0%","83.6","2.5%","84.6","2.0%","76.1","0.4%"
"2016","SEA","55.8%","92.3","13.4%","83.5","5.7%","87.9","11.5%","77.8","11.6%","83.1","1.6%","84.5","0.3%","76.3","0.5%"
"2018","OAK","53.8%","92.3","17.1%","84.1","5.8%","87.8","10.9%","79.5","10.8%","83.4","1.5%","84.9","0.2%","75.1","0.3%"
"2016","WSN","58.7%","92.3","15.1%","84.3","5.1%","87.7","9.9%","77.9","10.1%","83.4","1.1%","85.0","","","0.8%"
"2016","SDP","58.2%","92.3","15.1%","84.5","5.4%","87.8","10.8%","77.8","9.0%","83.3","1.2%","84.3","0.3%","77.5","0.5%"
"2016","TOR","54.6%","92.3","16.7%","84.2","6.0%","87.8","10.2%","77.8","8.8%","83.9","2.5%","84.2","1.2%","73.0","0.2%"
"2015","SEA","56.3%","92.3","15.7%","84.0","6.0%","88.0","8.9%","77.9","11.2%","83.2","1.5%","84.6","0.3%","74.6","0.5%"
"2015","COL","61.2%","92.2","14.4%","84.0","4.7%","87.5","8.6%","77.8","10.1%","83.6","1.1%","83.5","","","0.8%"
"2016","MIN","56.5%","92.2","14.0%","84.2","6.2%","88.5","9.8%","77.9","10.9%","83.8","1.5%","84.8","1.0%","73.9","0.4%"
"2016","LAA","56.1%","92.2","14.9%","83.8","6.4%","87.8","10.1%","77.8","9.5%","83.7","1.8%","84.5","1.3%","75.1","0.3%"
"2016","TBR","54.4%","92.2","14.8%","83.7","6.3%","88.0","10.7%","78.2","10.4%","83.5","2.1%","84.3","1.3%","74.9","0.3%"
"2016","MIA","57.2%","92.2","18.2%","84.4","4.6%","87.2","9.0%","77.6","10.1%","83.1","0.8%","85.3","","","0.7%"
"2015","CIN","59.7%","92.2","13.3%","84.3","6.9%","87.3","9.4%","78.2","10.2%","83.8","0.6%","83.4","","","0.6%"
"2015","PHI","59.7%","92.2","11.5%","84.2","5.0%","87.2","11.8%","78.2","10.7%","83.7","0.7%","85.2","0.7%","77.1","0.3%"
"2015","LAD","58.5%","92.2","14.2%","84.2","6.2%","87.8","9.0%","77.9","11.5%","83.5","0.7%","84.6","","","0.4%"
"2016","HOU","53.9%","92.2","14.6%","83.5","6.2%","87.8","11.7%","77.7","9.9%","83.0","2.6%","83.7","1.2%","74.9","0.5%"
"2015","MIL","60.4%","92.2","15.3%","84.0","6.1%","87.5","7.6%","78.0","9.9%","83.4","0.8%","83.6","","","0.6%"
"2015","LAA","55.5%","92.1","15.0%","84.1","4.9%","88.5","9.9%","78.3","11.5%","83.8","1.8%","83.9","1.4%","74.4","0.6%"
"2016","COL","58.6%","92.1","15.1%","84.0","6.3%","88.0","9.4%","77.6","9.6%","83.4","0.7%","84.8","0.4%","74.3","0.6%"
"2016","MIL","59.8%","92.1","15.0%","84.3","4.6%","87.4","8.8%","77.2","10.9%","83.4","0.8%","85.0","","","0.5%"
"2013","LAA","57.8%","92.1","15.8%","83.6","5.0%","87.9","9.1%","77.3","10.2%","83.1","1.8%","84.2","0.3%","77.1","0.7%"
"2014","TOR","57.1%","92.1","12.7%","83.8","7.0%","88.0","9.3%","77.9","11.0%","83.6","2.6%","84.5","0.2%","72.0","0.4%"
"2016","BAL","53.3%","92.1","14.9%","83.6","6.6%","87.7","10.3%","78.1","11.9%","83.3","1.5%","83.5","1.5%","74.2","0.3%"
"2016","ARI","56.4%","92.1","17.5%","84.0","6.3%","87.4","10.1%","77.6","9.0%","83.5","0.6%","85.8","","","0.7%"
"2013","CHW","57.3%","92.1","14.5%","83.8","6.7%","87.9","9.4%","77.8","9.7%","83.7","1.8%","84.5","0.6%","74.7","0.4%"
"2016","NYY","54.9%","92.1","12.6%","83.9","6.2%","87.6","11.1%","77.8","11.6%","83.4","1.8%","83.2","1.7%","75.1","0.3%"
"2014","WSN","60.0%","92.1","13.5%","83.9","5.6%","87.9","10.4%","78.0","9.4%","83.6","1.1%","84.3","","","0.4%"
"2012","NYY","56.3%","92.1","12.4%","83.3","7.2%","88.4","10.6%","77.4","10.9%","83.9","2.2%","85.0","0.3%","77.7","0.4%"
"2015","MIA","61.2%","92.1","14.5%","84.1","4.7%","87.6","8.6%","78.3","9.5%","83.3","1.1%","84.8","0.4%","72.3","0.6%"
"2015","KCR","54.6%","92.1","14.4%","84.2","7.1%","88.1","9.6%","78.2","12.2%","83.3","1.5%","84.3","0.5%","77.2","0.5%"
"2015","ARI","57.5%","92.1","16.7%","84.3","6.1%","87.6","9.7%","77.7","9.2%","83.7","0.7%","83.3","","","0.7%"
"2016","CLE","58.5%","92.1","13.1%","84.1","4.3%","87.7","10.7%","78.0","11.4%","83.1","1.7%","84.4","0.3%","77.0","0.3%"
"2013","CLE","56.2%","92.1","13.1%","83.4","6.3%","87.6","10.9%","77.6","11.4%","83.4","1.2%","84.3","0.8%","75.9","0.3%"
"2014","LAD","61.0%","92.0","14.8%","84.2","4.7%","87.8","8.9%","77.8","9.6%","83.3","1.1%","84.4","","","0.5%"
"2014","ATL","58.1%","92.0","15.9%","84.0","6.6%","88.0","9.4%","77.4","9.1%","83.4","1.0%","83.8","","","0.5%"
"2014","LAA","56.5%","92.0","13.5%","83.6","6.7%","87.9","10.9%","77.8","10.1%","83.6","1.9%","84.2","0.4%","75.6","0.6%"
"2012","LAA","59.6%","92.0","15.6%","83.7","4.7%","87.9","8.7%","77.4","9.6%","83.0","1.7%","84.9","","","0.6%"
"2015","SFG","57.7%","92.0","14.1%","84.1","6.5%","87.5","9.7%","77.5","11.5%","83.3","0.6%","82.8","","","0.5%"
"2013","TOR","57.9%","92.0","13.2%","83.5","5.8%","88.1","10.4%","77.6","10.1%","83.4","2.7%","83.8","","","0.3%"
"2015","NYY","55.9%","92.0","13.6%","83.9","4.9%","87.9","8.0%","77.8","13.0%","83.4","2.4%","84.2","2.3%","76.0","0.4%"
"2015","STL","59.1%","92.0","15.1%","83.8","6.8%","87.7","9.3%","77.9","8.7%","83.5","1.0%","83.7","","","0.8%"
"2014","STL","60.1%","92.0","12.6%","84.0","7.1%","87.6","9.8%","77.3","9.3%","83.2","1.2%","83.9","","","0.5%"
"2010","KCR","61.4%","92.0","14.9%","83.8","3.8%","87.7","7.6%","77.3","10.6%","83.2","0.9%","85.2","0.7%","68.3","1.9%"
"2014","MIL","59.3%","92.0","14.4%","84.1","6.1%","88.3","8.9%","77.6","9.4%","83.3","1.4%","84.9","0.4%","75.5","0.6%"
"2015","BAL","56.2%","92.0","14.7%","83.9","5.4%","87.3","9.4%","77.6","11.8%","83.2","2.0%","83.2","0.4%","74.6","0.3%"
"2015","ATL","59.1%","92.0","14.4%","84.3","5.4%","87.4","8.9%","77.6","10.7%","83.3","1.1%","84.4","0.4%","75.0","0.6%"
"2011","KCR","61.2%","92.0","13.8%","83.3","5.4%","87.2","8.0%","77.8","10.3%","83.2","1.1%","84.6","0.4%","65.9","0.9%"
"2014","CHW","56.3%","92.0","14.4%","83.8","7.2%","87.9","10.7%","77.9","9.6%","83.5","1.3%","84.2","0.4%","76.8","0.5%"
"2012","KCR","57.5%","92.0","14.6%","83.1","6.7%","87.7","9.7%","77.5","10.2%","83.5","1.2%","84.3","","","0.7%"
"2014","ARI","58.2%","91.9","15.0%","84.5","6.9%","87.6","9.4%","76.9","8.9%","83.7","1.6%","83.5","","","0.5%"
"2013","ATL","56.5%","91.9","15.4%","83.4","6.5%","87.5","9.7%","77.5","10.3%","82.9","1.3%","84.3","0.4%","74.5","0.6%"
"2011","CHW","60.0%","91.9","15.1%","83.8","4.6%","87.4","8.0%","77.2","10.5%","82.7","1.0%","85.8","0.8%","65.9","0.7%"
"2013","MIN","58.1%","91.9","14.4%","83.3","5.2%","87.6","9.8%","77.3","10.7%","83.2","1.2%","83.6","0.6%","76.0","0.3%"
"2012","CHW","58.0%","91.9","14.8%","83.5","6.1%","87.7","10.8%","77.5","8.9%","83.6","1.4%","85.0","","","0.5%"
"2014","CIN","59.2%","91.9","14.1%","84.1","5.9%","87.6","9.5%","77.4","9.5%","82.9","1.4%","84.4","0.5%","76.4","0.4%"
"2011","NYY","56.3%","91.9","12.2%","83.6","6.3%","87.7","10.7%","77.3","11.5%","83.5","1.7%","85.0","1.3%","70.9","0.8%"
"2012","DET","57.4%","91.9","14.9%","83.0","5.8%","87.9","11.1%","77.4","9.3%","83.3","1.4%","84.7","","","0.8%"
"2014","HOU","57.0%","91.9","13.0%","83.3","6.2%","88.5","9.3%","77.4","11.6%","83.3","1.9%","84.4","1.1%","76.4","0.5%"
"2013","PIT","56.6%","91.9","15.5%","83.5","5.6%","87.8","10.3%","77.3","10.4%","83.2","1.7%","84.3","","","0.7%"
"2010","CLE","58.2%","91.9","14.5%","84.0","5.3%","87.2","8.4%","77.2","11.4%","82.8","1.2%","85.3","1.0%","72.0","1.8%"
"2015","SDP","58.9%","91.9","14.8%","83.5","4.8%","87.2","9.6%","77.2","11.3%","83.3","0.7%","83.4","","","0.4%"
"2012","TBR","55.6%","91.9","14.9%","83.0","6.7%","87.8","10.1%","77.4","10.2%","83.6","2.0%","84.8","0.4%","78.0","0.5%"
"2013","SEA","57.5%","91.9","13.7%","83.2","5.0%","87.9","10.5%","77.2","10.7%","83.0","1.4%","84.0","1.2%","75.6","0.4%"
"2015","HOU","55.3%","91.9","15.2%","83.7","4.6%","87.6","9.6%","77.5","12.4%","83.2","2.1%","83.8","0.8%","75.4","0.4%"
"2014","SFG","58.7%","91.9","14.5%","84.3","5.7%","87.8","9.4%","76.7","10.9%","83.2","0.8%","84.9","","","0.6%"
"2012","BAL","58.0%","91.9","13.0%","83.5","5.8%","88.2","10.4%","77.9","10.7%","83.2","1.7%","84.1","0.4%","77.8","0.4%"
"2013","WSN","59.9%","91.9","14.5%","83.4","5.8%","87.5","9.0%","77.2","9.2%","83.2","1.6%","82.7","","","0.6%"
"2012","MIN","60.7%","91.9","13.0%","83.2","6.3%","87.5","9.9%","77.5","8.9%","83.2","1.3%","84.2","","","0.5%"
"2013","MIL","59.4%","91.8","14.5%","83.3","6.6%","87.9","10.3%","77.6","7.6%","83.2","1.7%","84.6","","","0.5%"
"2012","BOS","58.6%","91.8","13.8%","83.0","5.6%","88.0","9.5%","77.3","11.0%","83.3","1.5%","84.1","","","0.4%"
"2014","BOS","58.1%","91.8","13.7%","83.4","5.6%","87.8","8.9%","77.7","10.3%","83.0","1.8%","84.4","1.7%","75.4","0.5%"
"2013","STL","59.5%","91.8","14.0%","83.5","5.0%","87.9","10.7%","77.5","9.2%","82.6","1.6%","83.8","","","0.6%"
"2013","NYY","57.9%","91.8","13.2%","83.4","5.8%","87.1","9.3%","77.6","10.0%","83.5","2.3%","83.5","1.6%","76.9","0.6%"
"2016","OAK","55.0%","91.8","15.6%","83.2","5.5%","87.2","10.5%","77.6","11.1%","83.1","2.1%","83.9","0.3%","76.7","0.3%"
"2014","NYY","58.2%","91.8","10.7%","83.3","6.8%","87.3","10.0%","77.5","10.5%","83.6","2.7%","83.6","1.1%","75.1","0.3%"
"2010","BOS","60.0%","91.8","13.0%","83.5","6.4%","87.7","8.8%","77.1","10.7%","82.6","1.1%","86.1","0.1%","80.7","1.5%"
"2015","CLE","57.9%","91.8","12.8%","83.3","5.2%","87.6","9.3%","77.6","12.1%","83.4","2.4%","84.1","0.3%","76.8","0.6%"
"2013","KCR","57.4%","91.8","13.6%","83.6","6.0%","87.9","9.9%","77.7","10.9%","83.4","1.3%","83.6","0.8%","76.4","0.6%"
"2011","BOS","58.4%","91.8","13.8%","83.3","6.0%","87.3","9.5%","77.6","10.6%","83.0","1.7%","83.8","","","0.9%"
"2014","DET","55.9%","91.8","14.1%","83.5","7.7%","87.7","8.9%","77.8","11.1%","83.2","1.6%","84.3","0.7%","76.4","0.9%"
"2011","TBR","57.0%","91.8","12.6%","83.5","6.5%","88.0","10.0%","77.4","11.6%","83.4","1.4%","83.9","1.0%","65.6","0.6%"
"2015","TBR","56.8%","91.8","14.4%","83.7","4.6%","87.0","8.8%","77.3","11.7%","83.0","1.9%","83.5","1.8%","75.4","0.3%"
"2014","PHI","59.5%","91.8","13.5%","83.6","5.1%","87.1","9.9%","76.8","10.3%","83.6","1.4%","83.4","0.4%","76.8","0.6%"
"2013","PHI","58.0%","91.8","14.0%","83.2","5.2%","87.8","10.9%","77.4","9.9%","83.1","2.0%","83.2","","","0.7%"
"2012","TOR","56.7%","91.8","14.7%","83.0","6.6%","87.5","10.2%","77.3","10.1%","83.3","1.8%","84.8","","","0.5%"
"2014","NYM","59.6%","91.8","14.0%","83.4","5.3%","88.0","9.5%","77.6","10.4%","83.4","1.2%","85.1","","","0.6%"
"2014","PIT","56.2%","91.8","15.4%","83.8","5.9%","87.4","10.1%","77.0","10.3%","83.2","1.6%","83.8","0.5%","75.8","0.7%"
"2014","BAL","55.1%","91.8","15.1%","83.5","5.9%","87.4","9.7%","77.8","10.4%","83.8","2.5%","84.5","1.3%","75.5","0.4%"
"2012","CLE","57.6%","91.8","13.0%","82.9","5.5%","87.8","10.8%","77.5","11.3%","83.5","1.9%","83.7","","","0.4%"
"2013","HOU","57.2%","91.8","15.9%","83.1","6.2%","87.9","9.1%","77.5","9.5%","83.2","1.6%","84.1","0.5%","75.5","0.3%"
"2014","MIA","58.1%","91.8","13.5%","83.9","6.2%","88.1","10.2%","77.3","10.8%","83.0","1.3%","84.1","","","0.7%"
"2011","BAL","57.2%","91.7","13.9%","83.6","6.3%","87.9","10.3%","77.6","10.4%","82.6","1.5%","84.5","0.4%","66.4","0.4%"
"2012","SEA","57.7%","91.7","13.2%","83.0","6.5%","87.7","10.5%","77.2","10.3%","83.0","1.8%","84.0","","","0.4%"
"2011","TEX","57.7%","91.7","13.5%","83.4","7.3%","87.6","9.3%","77.0","10.5%","82.5","1.4%","84.7","0.3%","65.8","0.8%"
"2010","CHW","59.5%","91.7","15.9%","83.8","4.5%","88.4","7.7%","77.6","11.4%","82.8","0.8%","85.1","0.2%","72.4","1.3%"
"2014","SDP","56.2%","91.7","13.8%","84.0","5.7%","87.5","11.2%","77.5","11.9%","83.5","1.3%","83.5","","","0.4%"
"2013","DET","57.6%","91.7","14.0%","83.0","6.5%","88.0","9.5%","77.6","10.6%","83.1","1.5%","84.1","0.4%","76.4","0.7%"
"2014","COL","59.3%","91.7","13.7%","84.1","6.0%","87.6","9.5%","77.0","10.2%","83.0","1.3%","84.4","","","0.7%"
"2016","TEX","54.3%","91.7","15.2%","83.1","5.3%","87.6","10.1%","77.2","11.9%","83.1","1.6%","83.2","1.6%","73.5","0.4%"
"2011","TOR","55.6%","91.7","15.3%","83.3","7.1%","87.8","10.1%","77.3","9.0%","82.7","1.7%","83.3","1.2%","65.9","0.7%"
"2014","KCR","54.3%","91.7","14.4%","83.6","7.7%","87.2","11.1%","77.6","10.2%","83.3","1.8%","83.9","0.6%","75.6","0.4%"
"2013","CHC","58.4%","91.7","15.1%","83.4","5.1%","87.3","10.1%","77.1","9.9%","82.5","1.5%","83.0","","","0.4%"
"2015","TEX","56.5%","91.7","15.4%","83.3","5.5%","87.1","9.4%","77.4","10.9%","82.8","2.0%","83.8","0.3%","70.9","0.5%"
"2014","SEA","57.8%","91.7","13.0%","83.1","5.0%","87.4","10.6%","77.3","11.3%","83.0","1.6%","84.4","0.7%","75.5","0.6%"
"2009","CLE","58.0%","91.7","15.0%","83.4","6.2%","87.7","9.5%","77.2","9.7%","82.8","0.8%","81.5","0.8%","66.4","2.3%"
"2010","TOR","56.8%","91.7","15.9%","83.5","5.9%","87.4","10.1%","77.1","9.6%","82.7","1.1%","85.6","0.6%","66.6","1.5%"
"2013","MIA","57.8%","91.7","14.7%","83.4","6.1%","87.4","9.4%","77.5","10.3%","82.7","1.8%","82.7","","","0.5%"
"2009","BOS","59.9%","91.7","13.8%","83.0","5.7%","88.1","9.2%","77.5","10.6%","82.8","0.7%","83.2","0.2%","72.8","1.1%"
"2011","MIN","60.0%","91.7","12.7%","83.3","6.4%","87.1","9.5%","76.8","9.7%","82.2","1.0%","85.1","0.7%","66.0","0.5%"
"2013","TBR","54.1%","91.7","14.4%","83.2","5.6%","86.9","10.8%","77.5","10.5%","82.9","2.1%","83.6","2.4%","75.6","0.5%"
"2011","LAA","59.5%","91.6","13.7%","83.6","5.3%","87.7","9.0%","77.4","10.9%","82.7","1.5%","84.1","0.1%","65.6","0.7%"
"2013","LAD","60.8%","91.6","15.8%","83.4","4.5%","87.1","8.0%","77.5","9.6%","82.7","1.4%","83.3","","","0.7%"
"2013","BOS","56.7%","91.6","13.8%","83.3","6.3%","87.1","9.5%","77.1","11.4%","83.1","1.6%","84.6","0.7%","76.0","0.7%"
"2014","MIN","56.3%","91.6","13.2%","83.3","6.8%","87.2","9.5%","77.5","11.9%","83.2","1.6%","84.8","0.7%","76.8","0.4%"
"2014","TEX","57.5%","91.6","13.7%","83.4","6.7%","87.7","10.0%","77.8","9.5%","82.8","1.7%","84.0","0.9%","74.9","0.6%"
"2011","CLE","57.4%","91.6","13.8%","83.4","5.7%","87.1","9.9%","76.9","11.5%","82.5","1.3%","84.7","0.5%","65.8","0.7%"
"2013","ARI","57.2%","91.6","16.3%","83.4","6.1%","87.1","8.9%","76.6","9.7%","82.9","1.8%","83.4","","","0.8%"
"2008","BOS","60.9%","91.6","13.5%","83.3","5.5%","87.3","9.6%","77.3","9.3%","82.6","0.9%","84.1","0.4%","72.3","1.5%"
"2011","SEA","58.3%","91.6","13.4%","83.1","6.8%","87.3","9.4%","77.5","9.8%","82.7","1.3%","84.6","1.1%","65.3","0.8%"
"2012","STL","58.2%","91.6","15.2%","83.4","4.6%","87.8","11.5%","76.7","7.6%","82.2","2.3%","84.6","0.7%","76.6","0.7%"
"2013","TEX","57.8%","91.6","14.4%","83.2","6.0%","87.5","9.7%","77.2","10.0%","82.9","1.7%","83.9","0.4%","75.8","0.4%"
"2012","TEX","57.0%","91.6","14.6%","83.1","6.8%","87.9","9.7%","77.1","10.2%","82.8","1.8%","84.9","","","0.7%"
"2010","SEA","58.9%","91.6","13.2%","83.3","6.1%","87.8","9.6%","76.7","10.8%","82.5","1.1%","84.6","0.4%","66.6","2.2%"
"2009","KCR","60.5%","91.6","14.3%","83.3","5.1%","87.6","8.2%","76.9","10.3%","82.3","0.9%","84.0","0.6%","70.6","2.2%"
"2012","MIL","58.1%","91.6","17.1%","83.3","5.6%","87.3","9.6%","76.8","8.6%","82.3","1.1%","84.1","","","0.6%"
"2012","CHC","56.1%","91.5","14.9%","83.3","5.8%","87.9","12.3%","76.9","9.7%","82.1","1.3%","84.2","","","0.5%"
"2009","OAK","61.1%","91.5","13.0%","83.0","4.6%","87.9","9.6%","76.8","9.4%","82.7","1.3%","83.8","1.0%","65.5","1.0%"
"2009","CHW","59.1%","91.5","16.3%","83.3","4.5%","88.1","8.4%","77.0","9.6%","82.4","0.8%","83.2","1.2%","69.7","2.4%"
"2012","PHI","58.0%","91.5","14.2%","83.2","4.2%","87.6","10.8%","76.8","10.1%","82.8","1.5%","83.9","1.1%","77.2","0.7%"
"2011","DET","58.2%","91.5","14.1%","83.6","6.2%","87.8","8.9%","77.1","10.7%","82.2","1.3%","84.8","0.7%","71.1","0.8%"
"2013","NYM","59.9%","91.5","13.8%","83.0","5.5%","87.0","9.6%","77.3","9.9%","82.5","1.3%","83.3","","","0.6%"
"2014","CHC","58.0%","91.5","14.0%","83.6","5.7%","87.2","10.8%","76.9","9.7%","82.9","1.8%","84.5","","","0.5%"
"2014","CLE","57.0%","91.5","12.5%","83.4","5.4%","87.4","10.8%","77.1","11.5%","83.3","2.5%","83.7","0.4%","76.9","0.4%"
"2010","ARI","56.8%","91.5","16.2%","83.4","4.6%","87.6","10.0%","76.4","10.1%","82.6","1.7%","84.8","0.4%","76.6","1.3%"
"2012","WSN","54.9%","91.5","14.7%","83.4","6.3%","87.2","10.6%","76.8","10.0%","82.8","2.2%","83.9","1.4%","77.4","0.7%"
"2012","OAK","59.3%","91.5","13.7%","82.9","4.9%","87.7","10.1%","77.0","10.4%","83.0","1.7%","84.1","","","0.5%"
"2011","COL","57.5%","91.5","15.4%","83.8","6.0%","87.3","9.5%","76.3","10.2%","82.2","1.1%","84.4","0.3%","73.2","1.0%"
"2009","TOR","60.7%","91.5","13.8%","83.3","4.2%","87.4","9.3%","77.2","9.9%","82.0","0.7%","84.4","1.3%","67.1","1.7%"
"2013","CIN","57.7%","91.5","15.7%","83.1","6.2%","87.4","9.3%","77.2","9.3%","82.5","1.8%","83.9","","","1.0%"
"2013","BAL","57.9%","91.5","12.6%","83.0","6.0%","87.3","8.5%","77.6","11.7%","82.6","2.0%","83.1","1.3%","74.5","0.6%"
"2009","LAA","61.6%","91.5","12.3%","83.1","5.5%","87.6","8.8%","76.8","10.0%","82.4","0.9%","83.6","0.9%","68.1","1.4%"
"2012","HOU","58.2%","91.4","14.7%","83.2","5.4%","87.7","11.2%","76.7","8.1%","82.3","1.7%","84.5","0.6%","77.1","0.3%"
"2011","SFG","57.9%","91.4","15.9%","83.8","4.9%","87.0","9.0%","76.6","10.5%","82.3","1.2%","85.0","0.6%","75.3","1.2%"
"2012","MIA","57.3%","91.4","13.0%","82.9","5.5%","87.7","9.4%","76.7","11.0%","82.6","1.5%","84.5","2.4%","76.9","0.8%"
"2010","SDP","61.8%","91.4","14.0%","83.5","3.6%","87.0","8.3%","75.4","10.9%","82.5","1.4%","84.4","","","1.7%"
"2014","TBR","55.8%","91.4","13.8%","83.2","6.5%","87.4","10.1%","77.4","10.1%","83.1","2.3%","84.0","1.4%","75.0","0.5%"
"2013","OAK","57.7%","91.4","14.1%","82.7","5.1%","87.4","9.7%","76.9","10.9%","82.8","1.6%","84.2","1.0%","75.8","0.5%"
"2009","DET","60.4%","91.4","14.5%","83.3","4.4%","87.4","8.9%","77.0","10.2%","82.5","1.1%","82.3","0.5%","68.3","3.5%"
"2012","LAD","59.6%","91.4","13.4%","83.2","5.7%","87.0","9.8%","76.8","9.6%","82.1","1.4%","85.2","0.5%","77.1","0.8%"
"2009","BAL","59.8%","91.4","12.5%","82.8","6.5%","87.9","9.8%","77.2","10.3%","82.5","1.1%","83.9","","","1.2%"
"2011","ARI","57.5%","91.4","16.7%","83.6","5.1%","87.1","8.6%","76.0","10.9%","82.4","1.3%","84.2","","","0.9%"
"2009","MIL","60.3%","91.4","17.0%","83.5","3.6%","86.9","8.6%","76.3","9.0%","82.2","1.5%","84.8","0.1%","74.9","1.4%"
"2013","SFG","59.1%","91.4","13.6%","82.8","4.5%","87.6","10.5%","76.8","10.2%","82.4","1.2%","82.7","0.8%","73.9","0.7%"
"2009","SEA","59.7%","91.4","14.8%","82.7","6.8%","88.1","8.6%","77.2","8.6%","82.4","1.0%","83.2","0.6%","69.1","2.4%"
"2012","ATL","55.9%","91.4","14.6%","82.7","5.8%","87.2","10.2%","77.0","10.5%","82.7","2.0%","84.1","0.9%","76.5","0.6%"
"2010","DET","59.8%","91.4","14.0%","83.6","5.7%","87.8","7.3%","76.3","11.7%","82.0","1.0%","83.8","0.4%","72.9","2.1%"
"2011","WSN","57.6%","91.3","14.6%","83.5","6.2%","88.1","8.3%","76.7","9.7%","82.4","2.1%","84.5","1.5%","76.6","0.7%"
"2009","COL","60.0%","91.3","15.7%","82.9","4.4%","86.7","9.6%","75.7","9.3%","81.5","1.1%","84.7","","","1.6%"
"2009","STL","55.9%","91.3","18.1%","83.3","4.2%","87.1","9.2%","76.0","10.3%","82.5","1.9%","84.3","0.4%","71.2","1.8%"
"2012","PIT","56.9%","91.3","15.3%","82.9","5.8%","86.8","10.5%","76.7","8.8%","82.1","1.8%","83.9","0.8%","77.5","0.6%"
"2011","ATL","56.6%","91.3","14.9%","83.1","5.1%","87.8","9.5%","76.3","10.7%","82.7","1.9%","83.7","1.4%","76.7","0.9%"
"2011","STL","58.2%","91.3","14.6%","83.3","4.7%","87.9","10.6%","76.1","9.8%","82.1","1.9%","84.4","0.3%","76.6","1.1%"
"2010","COL","59.3%","91.3","15.0%","83.2","5.6%","87.9","8.4%","75.8","10.1%","82.0","1.4%","85.5","0.1%","70.0","2.0%"
"2015","OAK","56.0%","91.3","16.2%","83.4","4.5%","87.7","9.6%","77.2","10.3%","83.0","2.0%","83.8","1.3%","75.1","0.4%"
"2011","LAD","58.4%","91.3","15.4%","83.6","5.9%","87.3","8.4%","76.5","10.2%","82.5","1.3%","84.0","0.3%","76.2","1.3%"
"2009","MIN","61.2%","91.3","13.0%","83.1","5.9%","87.6","8.5%","76.8","10.1%","82.5","0.9%","81.7","0.4%","65.0","1.8%"
"2011","CHC","54.9%","91.3","16.7%","83.6","5.4%","87.6","11.2%","76.3","10.0%","82.3","1.4%","84.0","0.4%","68.2","0.8%"
"2010","BAL","57.7%","91.3","12.3%","83.1","6.5%","87.5","9.7%","77.3","11.3%","82.4","1.2%","85.2","1.4%","69.4","1.6%"
"2011","CIN","58.2%","91.3","16.1%","83.4","5.4%","87.4","9.9%","76.1","8.4%","82.1","1.7%","83.7","0.3%","76.3","1.0%"
"2011","NYM","60.2%","91.3","13.6%","83.0","4.5%","87.6","8.7%","76.4","11.1%","82.6","2.0%","83.8","","","1.1%"
"2013","COL","58.7%","91.3","15.8%","83.2","5.7%","87.2","9.1%","77.1","9.4%","82.2","1.3%","84.1","","","0.5%"
"2011","FLA","58.4%","91.2","14.7%","83.1","5.9%","87.5","9.2%","76.3","9.5%","82.3","1.4%","84.4","1.0%","75.8","0.7%"
"2010","MIN","60.1%","91.2","14.3%","83.2","4.9%","87.4","7.9%","77.1","10.8%","82.3","1.5%","84.5","0.5%","68.2","1.8%"
"2012","NYM","58.8%","91.2","13.1%","83.0","5.4%","86.8","11.1%","76.6","10.1%","82.1","1.6%","84.2","","","0.7%"
"2013","SDP","56.4%","91.2","14.6%","82.9","5.2%","87.5","10.2%","76.8","11.6%","82.3","1.9%","83.8","","","0.6%"
"2006","KCR","61.4%","91.2","15.1%","83.3","3.4%","86.6","7.9%","76.2","10.3%","81.0","1.6%","83.1","0.4%","68.6","3.5%"
"2014","OAK","57.5%","91.2","12.1%","83.0","5.6%","87.2","10.2%","77.1","11.9%","83.0","1.8%","83.9","0.8%","76.3","0.5%"
"2010","WSN","58.0%","91.2","15.3%","83.2","3.9%","87.5","8.9%","76.2","10.9%","82.6","1.6%","83.9","1.4%","75.2","1.6%"
"2009","NYY","60.6%","91.2","12.3%","82.7","4.9%","87.9","8.8%","77.0","11.2%","82.4","1.6%","83.4","0.7%","71.5","1.8%"
"2010","NYY","59.8%","91.2","11.4%","82.9","5.6%","87.3","9.1%","76.9","11.7%","82.3","1.6%","85.5","0.8%","67.4","1.3%"
"2006","OAK","63.9%","91.2","13.0%","83.0","2.2%","86.9","8.4%","76.3","10.8%","81.2","1.7%","84.3","","","1.7%"
"2011","OAK","59.6%","91.2","12.0%","83.3","5.9%","87.2","8.9%","76.8","11.4%","82.7","1.5%","84.2","0.6%","70.5","0.4%"
"2006","MIN","62.2%","91.2","13.4%","82.7","3.0%","86.0","7.7%","76.4","10.9%","81.3","1.9%","83.9","0.9%","68.1","3.0%"
"2010","LAA","59.8%","91.2","12.3%","83.0","5.4%","87.2","9.0%","76.7","11.9%","82.2","1.1%","85.2","0.5%","74.3","1.8%"
"2012","COL","58.4%","91.2","15.3%","83.2","5.6%","87.5","9.1%","76.7","9.9%","82.0","1.3%","84.4","0.4%","77.9","0.6%"
"2009","CIN","58.6%","91.1","16.5%","83.6","3.8%","86.0","9.3%","76.0","9.5%","82.3","2.0%","83.8","0.3%","70.7","2.9%"
"2009","TBR","59.1%","91.1","12.3%","82.3","5.9%","87.8","10.0%","76.9","11.0%","82.4","1.1%","84.3","0.6%","68.4","1.5%"
"2010","OAK","59.9%","91.1","13.3%","82.9","4.9%","87.9","8.8%","76.5","11.4%","82.4","1.0%","84.4","0.7%","65.6","1.1%"
"2006","DET","59.7%","91.1","16.8%","83.4","2.5%","86.4","8.0%","76.3","10.3%","81.4","2.0%","84.7","0.6%","67.7","3.7%"
"2011","SDP","57.8%","91.1","16.6%","83.7","4.6%","88.0","8.4%","75.9","10.6%","82.2","1.5%","84.8","0.6%","75.8","0.8%"
"2008","HOU","62.0%","91.1","16.3%","83.2","2.5%","86.7","8.0%","75.8","9.4%","81.9","1.9%","83.8","","","1.5%"
"2011","MIL","54.5%","91.1","17.6%","83.3","5.4%","88.1","9.7%","76.4","10.5%","82.2","1.6%","83.6","0.7%","69.8","0.9%"
"2009","SDP","61.9%","91.1","14.1%","82.9","4.1%","86.5","9.2%","75.6","9.1%","82.0","1.6%","84.4","","","1.5%"
"2009","SFG","59.1%","91.1","13.7%","83.2","4.7%","85.6","11.3%","75.9","9.9%","81.8","1.2%","84.3","0.1%","72.9","1.4%"
"2010","ATL","57.8%","91.1","14.8%","83.1","4.7%","86.8","8.7%","75.6","10.8%","82.3","2.0%","83.6","1.3%","75.5","1.3%"
"2010","FLA","56.5%","91.1","15.8%","83.2","5.2%","87.3","9.9%","76.2","9.9%","81.5","1.4%","84.5","1.4%","74.1","1.7%"
"2006","NYY","62.1%","91.1","12.6%","82.9","1.9%","87.7","9.3%","76.5","11.1%","81.8","1.9%","84.6","1.2%","67.5","1.9%"
"2012","ARI","56.5%","91.1","16.1%","82.9","4.8%","86.4","10.4%","76.0","10.0%","81.7","1.4%","84.2","0.8%","76.5","0.7%"
"2009","ARI","60.1%","91.1","17.2%","82.7","3.5%","86.2","8.9%","75.3","8.8%","81.8","1.4%","83.9","0.1%","69.8","1.4%"
"2011","PIT","56.1%","91.1","16.5%","83.3","5.7%","87.5","8.9%","75.9","10.1%","82.2","1.6%","84.1","1.1%","73.8","0.6%"
"2008","SDP","62.5%","91.1","14.2%","83.0","3.2%","85.7","8.3%","76.1","9.9%","81.5","1.8%","84.7","","","1.2%"
"2010","CIN","58.0%","91.0","17.3%","83.1","3.6%","87.5","9.8%","76.0","9.6%","81.8","1.6%","85.2","0.0%","54.0","1.3%"
"2010","TBR","58.0%","91.0","14.0%","83.4","4.9%","87.6","9.0%","76.8","12.3%","82.4","1.1%","84.5","0.7%","67.1","1.4%"
"2010","PHI","58.6%","91.0","16.3%","82.9","2.7%","87.4","7.9%","75.8","10.8%","82.3","1.9%","83.7","1.9%","72.0","1.9%"
"2009","HOU","59.9%","91.0","16.9%","83.3","3.4%","87.1","8.0%","75.7","10.2%","82.2","1.5%","83.3","0.1%","75.1","1.4%"
"2012","SFG","58.2%","91.0","14.4%","83.0","5.7%","87.1","9.8%","75.9","10.3%","81.8","1.6%","84.4","","","0.8%"
"2009","LAD","60.9%","91.0","15.4%","83.0","4.0%","86.4","8.7%","76.6","9.5%","81.9","1.6%","84.1","","","2.2%"
"2010","STL","57.9%","91.0","16.6%","83.3","3.6%","87.9","9.6%","75.7","9.8%","82.1","2.0%","84.8","0.4%","75.7","1.9%"
"2008","CLE","57.6%","91.0","16.6%","83.4","3.8%","86.8","9.6%","76.5","10.2%","81.9","1.3%","81.7","0.8%","66.2","1.5%"
"2006","SEA","60.8%","91.0","15.6%","82.9","2.8%","86.6","8.1%","75.9","9.8%","81.5","2.1%","84.7","0.7%","69.0","3.3%"
"2010","MIL","57.8%","91.0","17.1%","83.5","3.8%","87.3","9.3%","75.9","9.7%","82.2","1.5%","84.0","0.8%","73.7","1.5%"
"2009","WSN","59.9%","91.0","16.4%","82.8","3.7%","86.2","8.0%","75.8","10.4%","82.1","1.7%","84.4","","","1.6%"
"2008","NYY","61.7%","91.0","12.3%","82.2","4.4%","87.3","9.5%","76.3","9.6%","81.9","1.3%","82.5","1.3%","65.4","1.5%"
"2012","CIN","57.2%","91.0","16.1%","82.8","5.6%","86.5","11.4%","77.0","7.6%","82.2","1.4%","83.9","0.7%","76.6","0.9%"
"2009","TEX","58.7%","91.0","15.0%","82.6","4.7%","87.0","10.4%","77.0","9.9%","81.8","1.3%","82.6","0.0%","75.8","2.1%"
"2011","HOU","57.5%","91.0","15.3%","83.4","5.7%","87.6","10.0%","75.8","9.1%","81.9","1.5%","84.6","1.0%","72.6","0.6%"
"2010","SFG","56.9%","91.0","16.0%","83.3","3.9%","87.1","10.6%","75.9","10.4%","82.0","1.3%","84.2","1.0%","71.3","1.8%"
"2007","SEA","62.2%","90.9","15.0%","82.8","2.0%","87.2","8.3%","75.3","10.2%","81.8","2.3%","83.9","","","2.1%"
"2009","PHI","59.2%","90.9","16.8%","82.6","2.7%","86.4","8.7%","75.5","11.2%","82.2","1.4%","84.1","","","1.4%"
"2007","NYY","59.7%","90.9","13.9%","82.0","3.4%","87.3","8.7%","76.1","11.1%","81.9","2.1%","83.6","1.1%","67.5","1.7%"
"2008","BAL","60.0%","90.9","13.7%","82.8","5.9%","87.3","9.1%","76.4","9.5%","82.1","1.1%","82.8","0.8%","64.2","2.1%"
"2009","ATL","58.2%","90.9","15.5%","83.0","3.6%","86.4","9.4%","75.7","11.3%","82.2","1.4%","84.2","0.6%","65.9","2.2%"
"2012","SDP","55.4%","90.9","14.0%","83.3","5.7%","87.2","11.1%","76.5","11.0%","81.7","2.0%","84.5","0.8%","76.6","0.7%"
"2008","DET","60.3%","90.9","15.7%","83.3","3.4%","86.2","8.8%","76.4","9.1%","81.5","1.3%","82.6","1.2%","70.3","1.4%"
"2010","HOU","58.3%","90.9","15.9%","83.1","4.6%","87.8","9.4%","75.3","9.4%","81.4","1.4%","84.1","0.9%","75.8","1.3%"
"2006","BAL","62.1%","90.9","14.6%","83.1","2.8%","87.6","7.9%","75.6","9.3%","80.9","1.6%","84.3","1.7%","67.8","2.0%"
"2010","CHC","57.1%","90.9","16.0%","82.9","4.2%","86.5","10.7%","75.2","10.7%","81.4","1.0%","84.4","0.3%","74.3","1.5%"
"2011","PHI","56.2%","90.9","15.0%","82.9","4.6%","86.8","9.5%","75.6","11.9%","82.3","2.1%","84.1","0.7%","75.9","1.0%"
"2007","BAL","60.1%","90.9","12.8%","82.7","4.7%","88.0","9.1%","75.8","10.7%","81.4","1.9%","83.7","0.7%","67.0","1.6%"
"2010","LAD","59.9%","90.9","14.8%","83.0","4.1%","87.1","9.4%","75.9","10.0%","81.7","1.2%","85.2","0.6%","71.5","1.7%"
"2008","SEA","62.7%","90.9","14.7%","82.5","3.3%","86.4","7.8%","76.2","9.7%","81.6","1.0%","83.5","0.7%","65.5","2.2%"
"2008","CHW","57.5%","90.8","17.0%","82.9","3.5%","86.9","8.9%","76.6","11.6%","82.2","1.0%","83.1","0.5%","66.9","1.4%"
"2008","TOR","61.0%","90.8","13.9%","82.6","4.6%","86.8","8.7%","76.3","8.9%","81.8","1.2%","83.9","1.7%","69.2","2.6%"
"2008","CHC","59.8%","90.8","16.9%","82.7","3.6%","86.2","9.0%","75.7","9.2%","81.8","1.6%","83.3","0.0%","75.8","2.1%"
"2009","NYM","63.2%","90.8","12.7%","82.7","4.3%","86.1","8.0%","76.0","10.0%","82.3","1.4%","84.2","0.4%","66.5","2.8%"
"2008","TBR","59.6%","90.8","14.0%","82.2","5.0%","87.1","8.9%","75.9","9.9%","81.8","1.4%","83.1","1.2%","66.0","1.4%"
"2005","KCR","62.5%","90.8","16.1%","83.1","2.0%","85.6","7.4%","75.7","9.7%","81.1","1.9%","84.7","0.4%","67.6","10.0%"
"2005","MIN","60.9%","90.8","15.6%","82.9","2.4%","86.2","8.0%","76.0","10.3%","80.9","2.3%","85.0","0.4%","68.5","12.0%"
"2010","TEX","57.9%","90.8","14.1%","82.7","4.9%","87.0","9.2%","76.6","11.5%","81.5","1.7%","83.9","0.7%","67.9","1.8%"
"2008","OAK","61.6%","90.8","13.1%","82.5","4.9%","86.9","8.4%","76.2","9.8%","81.8","1.1%","83.7","1.3%","68.6","1.3%"
"2007","DET","58.2%","90.8","15.9%","83.1","2.9%","87.0","8.5%","76.1","11.6%","81.7","2.3%","82.9","0.4%","68.3","1.8%"
"2006","TEX","58.8%","90.7","14.9%","83.1","2.5%","86.3","9.5%","76.1","12.2%","81.1","1.4%","84.5","0.6%","68.0","1.9%"
"2006","HOU","61.6%","90.7","15.2%","82.4","3.9%","87.4","8.7%","75.6","9.8%","81.5","0.8%","84.2","","","2.4%"
"2006","CLE","58.4%","90.7","14.9%","82.7","2.7%","86.0","9.1%","75.6","12.6%","80.9","1.4%","84.3","0.7%","69.1","3.1%"
"2010","PIT","58.2%","90.7","16.0%","83.1","3.9%","86.7","9.3%","75.2","10.8%","81.7","1.5%","83.2","0.4%","74.1","1.4%"
"2008","TEX","60.1%","90.7","15.3%","82.5","3.3%","86.5","8.6%","76.3","10.3%","81.7","1.4%","82.7","1.0%","68.2","1.7%"
"2006","TBD","60.5%","90.7","13.8%","82.7","2.9%","87.0","9.1%","76.1","10.7%","80.7","2.0%","84.1","1.1%","66.2","1.8%"
"2007","KCR","60.5%","90.7","16.4%","82.4","2.3%","86.6","8.5%","76.1","10.1%","81.4","1.9%","82.8","0.3%","66.2","1.9%"
"2008","COL","63.5%","90.7","14.6%","82.8","3.5%","85.8","8.5%","76.2","8.5%","81.1","1.3%","83.9","0.1%","69.0","1.5%"
"2004","KCR","63.8%","90.7","12.2%","83.2","1.2%","86.5","9.0%","76.5","10.9%","80.9","2.0%","83.6","0.9%","","15.8%"
"2009","PIT","58.5%","90.7","15.5%","82.8","4.5%","85.9","9.1%","75.4","10.4%","81.7","1.8%","83.4","0.2%","72.9","3.6%"
"2008","MIL","59.8%","90.7","16.7%","82.9","3.5%","86.2","8.3%","75.3","10.2%","81.1","1.2%","82.9","0.3%","66.8","1.9%"
"2008","STL","60.4%","90.7","16.4%","83.0","2.8%","85.9","8.4%","75.1","10.0%","81.6","1.5%","84.3","0.4%","65.3","2.4%"
"2008","PHI","60.8%","90.7","15.7%","82.5","2.7%","86.2","8.4%","75.3","11.0%","81.6","1.3%","84.0","","","1.7%"
"2007","TEX","60.1%","90.7","13.8%","82.5","3.4%","86.6","8.2%","76.1","12.0%","81.3","1.6%","84.3","1.0%","66.9","2.2%"
"2008","ARI","60.8%","90.7","17.1%","82.9","2.3%","85.7","8.6%","75.4","10.0%","81.1","1.0%","83.8","0.3%","66.1","1.6%"
"2008","WSN","62.1%","90.7","15.4%","82.9","2.3%","84.9","8.2%","75.8","10.7%","81.3","1.0%","84.6","0.2%","73.1","1.8%"
"2010","NYM","59.0%","90.6","14.7%","82.8","4.5%","87.6","9.0%","75.6","10.9%","81.9","1.7%","83.8","0.2%","71.6","1.8%"
"2007","OAK","59.3%","90.6","13.3%","82.3","3.4%","86.8","9.6%","76.3","12.0%","81.7","2.0%","82.5","0.4%","66.0","2.0%"
"2008","FLA","59.0%","90.6","16.5%","82.8","3.7%","85.3","8.3%","75.2","11.0%","81.0","1.3%","84.4","0.3%","76.3","2.0%"
"2007","MIN","62.5%","90.6","14.4%","82.4","2.3%","86.9","7.5%","76.2","10.8%","81.6","2.0%","82.8","0.6%","66.1","2.0%"
"2006","ATL","58.3%","90.6","18.8%","82.5","2.2%","87.2","8.8%","75.6","10.4%","81.1","1.4%","84.2","0.0%","70.4","3.3%"
"2007","TBD","57.5%","90.6","15.6%","82.3","3.5%","86.2","9.1%","75.8","10.3%","81.3","2.1%","82.8","2.0%","66.3","1.9%"
"2006","CHW","61.0%","90.6","15.1%","83.0","2.0%","87.6","8.8%","75.9","11.5%","80.9","1.6%","84.3","","","2.3%"
"2007","TOR","60.3%","90.6","14.5%","82.8","3.4%","86.6","8.2%","75.5","10.0%","81.5","2.0%","83.6","1.5%","67.5","1.9%"
"2004","HOU","64.2%","90.6","13.8%","83.4","0.9%","86.1","9.3%","76.7","10.3%","81.8","1.2%","84.2","0.2%","71.5","10.9%"
"2008","KCR","60.9%","90.6","16.1%","82.4","4.2%","85.9","8.2%","75.9","9.2%","81.3","1.0%","81.9","0.4%","66.4","2.7%"
"2007","BOS","58.6%","90.6","15.2%","82.3","4.5%","87.2","8.0%","76.1","11.6%","81.3","1.8%","84.3","0.3%","68.0","2.8%"
"2006","TOR","61.6%","90.6","14.3%","82.7","2.6%","86.7","8.9%","75.4","10.8%","81.2","1.5%","83.1","0.3%","66.6","2.0%"
"2006","LAA","59.9%","90.5","14.1%","82.7","2.6%","87.0","8.7%","75.4","12.2%","80.7","2.0%","83.6","0.4%","72.7","2.2%"
"2008","ATL","60.9%","90.5","15.2%","82.6","3.4%","85.8","8.6%","75.5","10.8%","81.6","1.0%","84.0","0.1%","72.6","2.2%"
"2005","BAL","61.0%","90.5","15.0%","82.7","3.8%","87.0","8.3%","75.2","9.8%","80.9","1.3%","82.5","0.8%","67.4","8.1%"
"2007","CHW","60.8%","90.5","15.0%","82.5","3.0%","86.8","8.4%","76.3","10.4%","81.3","1.7%","84.0","0.7%","66.0","2.0%"
"2006","BOS","59.3%","90.5","15.0%","82.8","3.2%","86.7","9.4%","75.9","11.5%","80.9","1.5%","84.0","","","2.5%"
"2004","PIT","61.8%","90.5","14.1%","83.0","0.7%","85.9","10.7%","75.9","10.7%","81.5","2.1%","84.2","","","13.9%"
"2008","MIN","61.0%","90.5","14.3%","82.5","4.2%","86.2","8.6%","76.1","10.0%","81.6","1.1%","83.3","0.7%","71.0","2.2%"
"2002","ATL","63.1%","90.5","13.5%","82.3","","","11.6%","76.8","9.7%","80.7","1.7%","83.7","0.3%","68.6","0.8%"
"2007","HOU","62.4%","90.5","14.9%","83.0","2.4%","86.2","8.4%","75.4","11.1%","81.3","0.8%","83.2","","","1.6%"
"2004","STL","61.7%","90.5","14.7%","83.1","0.6%","86.0","9.4%","75.3","11.2%","81.4","2.1%","83.8","0.4%","66.7","6.3%"
"2005","TEX","58.3%","90.5","16.9%","82.5","2.5%","85.5","8.6%","75.6","11.2%","80.6","1.7%","85.0","0.8%","68.6","4.2%"
"2005","SEA","63.6%","90.5","15.0%","82.7","1.9%","86.5","7.6%","75.6","9.8%","80.6","1.4%","83.6","0.8%","67.7","7.5%"
"2007","CLE","58.6%","90.5","14.9%","82.7","2.5%","86.4","8.9%","76.0","13.1%","81.3","1.7%","83.0","0.2%","71.5","2.3%"
"2004","MIL","63.6%","90.5","14.7%","83.2","0.2%","87.4","9.6%","75.5","10.1%","81.6","1.5%","85.4","0.3%","68.0","15.3%"
"2005","CLE","59.9%","90.5","15.5%","82.5","1.9%","85.4","8.4%","75.5","12.4%","80.8","1.4%","84.1","0.4%","67.5","3.8%"
"2004","CHC","60.1%","90.4","15.7%","83.1","1.1%","85.6","10.9%","76.0","10.6%","81.0","1.2%","85.5","0.4%","","5.9%"
"2004","SEA","63.5%","90.4","14.3%","82.9","1.0%","87.0","8.6%","75.4","10.4%","80.4","1.5%","84.7","0.8%","68.0","8.1%"
"2006","SFG","59.8%","90.4","15.7%","82.4","3.5%","86.3","8.6%","75.1","11.3%","81.4","1.2%","85.6","0.0%","71.0","3.0%"
"2008","LAA","60.7%","90.4","14.3%","82.2","3.5%","86.2","8.7%","75.7","10.5%","81.3","1.3%","81.9","1.0%","70.0","1.6%"
"2009","CHC","56.8%","90.4","15.8%","82.6","4.7%","86.0","10.9%","75.7","9.6%","81.2","1.8%","83.1","0.4%","71.1","2.3%"
"2008","LAD","61.3%","90.4","16.2%","82.5","1.9%","84.9","8.7%","75.7","10.5%","81.0","1.2%","84.5","0.2%","67.6","1.7%"
"2008","CIN","60.4%","90.4","16.4%","82.3","2.7%","86.4","8.3%","74.8","9.6%","81.3","2.2%","83.3","0.3%","64.3","1.9%"
"2005","BOS","62.2%","90.4","15.2%","82.4","2.2%","88.1","7.8%","75.1","10.9%","80.8","1.6%","83.2","","","2.2%"
"2004","CIN","64.7%","90.3","12.8%","83.1","0.6%","85.7","10.0%","75.8","10.8%","80.9","1.0%","85.5","0.0%","71.0","10.4%"
"2004","TEX","58.5%","90.3","14.1%","83.1","1.5%","87.0","10.3%","75.3","12.5%","80.5","2.0%","83.7","1.1%","68.1","7.7%"
"2008","SFG","62.7%","90.3","13.9%","82.9","2.9%","84.8","8.6%","75.3","10.4%","81.3","1.5%","84.1","0.1%","68.9","1.5%"
"2005","CHC","62.8%","90.3","13.8%","82.5","2.4%","87.0","8.7%","75.5","10.6%","81.1","1.5%","84.8","0.3%","68.6","1.8%"
"2008","NYM","60.0%","90.3","14.1%","82.7","3.6%","84.8","9.6%","75.3","10.4%","81.2","1.9%","84.1","0.4%","72.5","2.3%"
"2004","OAK","62.5%","90.3","14.2%","82.6","1.8%","87.1","7.7%","76.2","11.8%","80.8","2.1%","84.0","","","11.4%"
"2008","PIT","59.5%","90.3","17.4%","82.6","3.8%","85.3","8.9%","75.1","9.2%","81.1","1.3%","83.0","0.0%","66.3","2.1%"
"2006","PIT","61.2%","90.3","17.0%","82.4","2.9%","85.8","8.8%","75.2","9.0%","81.0","1.1%","84.6","","","2.5%"
"2004","NYY","61.4%","90.3","12.3%","82.8","1.4%","86.6","9.5%","75.4","11.9%","80.8","2.1%","83.3","1.4%","68.5","4.2%"
"2005","HOU","63.5%","90.3","15.0%","82.8","2.3%","85.8","8.1%","76.3","10.4%","81.2","0.7%","83.4","","","2.5%"
"2009","FLA","59.0%","90.3","16.1%","82.8","4.3%","85.1","8.4%","74.9","10.3%","81.1","1.8%","83.4","0.3%","66.6","2.3%"
"2003","HOU","64.6%","90.3","13.1%","82.9","","","10.8%","75.7","9.7%","80.1","1.8%","82.4","0.0%","78.0","3.1%"
"2006","CHC","61.2%","90.2","15.0%","82.3","3.6%","86.0","9.0%","75.0","9.8%","80.8","1.3%","84.8","0.0%","73.8","2.7%"
"2006","FLA","60.2%","90.2","17.1%","82.7","2.5%","86.1","8.8%","75.2","9.8%","80.9","1.1%","84.9","0.4%","67.6","3.4%"
"2006","MIL","62.0%","90.2","16.6%","82.5","1.8%","86.2","9.0%","75.3","9.6%","81.0","1.1%","84.5","","","2.2%"
"2004","ARI","64.7%","90.2","12.6%","82.7","0.8%","85.4","8.8%","75.6","11.6%","81.8","1.5%","82.1","","","9.1%"
"2003","ATL","62.8%","90.2","13.7%","82.7","","","10.3%","76.1","11.8%","81.3","1.5%","82.2","","","1.1%"
"2004","FLA","63.7%","90.2","13.7%","82.9","1.1%","85.7","8.7%","76.0","11.0%","81.2","1.5%","84.2","0.2%","67.3","9.0%"
"2007","SDP","60.3%","90.2","13.5%","82.7","3.4%","85.8","9.3%","74.5","12.3%","80.9","1.0%","83.9","0.2%","67.9","1.7%"
"2005","SDP","64.1%","90.2","13.9%","82.6","1.9%","86.0","8.7%","75.6","10.4%","81.0","0.9%","83.6","","","6.0%"
"2004","ATL","61.7%","90.2","14.3%","83.0","0.7%","85.6","9.7%","76.1","12.0%","81.3","1.7%","83.7","0.0%","73.0","4.6%"
"2006","SDP","61.4%","90.2","15.2%","82.2","2.5%","87.3","9.4%","74.9","10.2%","81.1","1.2%","84.5","0.2%","","2.0%"
"2005","DET","60.6%","90.2","15.8%","82.6","2.4%","85.8","8.0%","75.0","10.6%","80.5","1.7%","83.3","0.9%","68.1","10.9%"
"2007","ARI","61.6%","90.2","14.6%","82.7","2.5%","85.9","9.3%","74.6","11.2%","81.3","0.8%","83.7","","","2.6%"
"2005","CIN","62.4%","90.2","14.9%","82.6","3.0%","85.4","8.7%","75.2","9.8%","80.8","1.2%","84.3","","","10.8%"
"2007","ATL","59.4%","90.1","16.6%","82.3","1.9%","84.8","8.5%","74.6","13.1%","80.8","0.5%","83.2","","","2.2%"
"2005","ATL","59.7%","90.1","13.9%","82.5","2.9%","86.7","9.1%","75.7","13.1%","81.0","1.1%","83.3","0.3%","67.1","1.6%"
"2005","TOR","61.1%","90.1","15.3%","82.5","1.9%","86.4","8.7%","75.4","10.7%","80.5","1.9%","83.7","0.4%","67.6","6.9%"
"2007","FLA","59.3%","90.1","17.0%","82.5","2.6%","84.5","8.4%","74.5","11.6%","80.5","1.1%","83.3","","","2.9%"
"2007","LAA","59.0%","90.1","14.6%","82.6","3.6%","86.3","8.6%","75.1","11.6%","80.8","1.9%","82.4","0.6%","67.2","1.3%"
"2005","PIT","61.0%","90.1","15.9%","82.9","2.0%","85.6","8.5%","75.3","11.0%","81.1","1.1%","84.4","0.5%","68.5","11.9%"
"2005","PHI","63.2%","90.1","13.5%","82.5","2.5%","86.2","8.4%","75.5","11.1%","81.5","1.0%","83.4","0.4%","","2.0%"
"2005","CHW","60.8%","90.1","15.9%","82.5","1.7%","86.2","8.3%","75.0","11.5%","80.5","1.2%","82.4","0.6%","68.1","4.7%"
"2005","MIL","62.4%","90.1","15.8%","82.8","1.9%","86.2","9.0%","75.4","9.8%","81.0","1.1%","84.0","","","8.8%"
"2005","WSN","63.7%","90.1","14.4%","82.4","1.8%","85.9","7.7%","75.2","10.9%","80.5","1.5%","83.3","","","2.1%"
"2002","HOU","65.0%","90.1","11.8%","82.5","","","11.7%","76.4","8.5%","80.3","2.2%","81.5","0.8%","71.8","6.4%"
"2004","DET","61.7%","90.1","12.5%","82.6","1.1%","85.5","9.9%","75.5","11.9%","80.8","2.1%","82.2","0.9%","69.2","15.5%"
"2007","CIN","61.1%","90.1","15.9%","82.2","2.7%","86.7","8.6%","74.5","10.7%","81.0","0.8%","84.1","0.0%","69.0","2.1%"
"2006","CIN","61.8%","90.1","14.9%","82.1","3.9%","85.2","8.8%","74.7","9.0%","80.9","1.6%","83.2","","","3.2%"
"2006","NYM","60.6%","90.1","15.7%","82.1","2.4%","86.2","9.0%","75.1","10.9%","81.3","1.2%","85.0","0.1%","67.1","2.3%"
"2005","NYY","61.0%","90.1","13.7%","82.2","1.7%","86.0","8.6%","75.0","11.1%","80.8","1.5%","83.7","2.4%","68.0","2.8%"
"2004","NYM","65.3%","90.1","13.8%","83.1","0.4%","84.6","8.7%","76.5","10.3%","81.6","1.4%","84.5","0.1%","76.5","5.6%"
"2004","TBD","61.8%","90.1","13.1%","82.2","0.9%","87.1","9.3%","75.8","11.9%","80.9","1.8%","83.7","1.3%","68.0","7.7%"
"2005","FLA","63.9%","90.1","15.0%","82.6","1.4%","86.5","9.0%","75.4","9.6%","80.8","1.2%","84.2","","","3.5%"
"2004","MON","64.4%","90.1","12.2%","82.8","0.9%","86.4","9.1%","75.9","11.9%","81.3","1.3%","83.4","0.4%","64.9","16.1%"
"2007","MIL","61.1%","90.0","15.6%","82.4","2.4%","86.4","8.6%","74.9","11.7%","80.8","0.7%","83.5","0.0%","64.9","2.1%"
"2004","TOR","62.6%","90.0","13.4%","82.5","1.8%","86.1","8.2%","74.9","10.6%","80.6","1.5%","83.4","1.9%","68.0","7.1%"
"2003","PIT","66.0%","90.0","11.7%","82.4","","","9.9%","76.0","10.7%","80.9","1.6%","83.0","","","12.6%"
"2006","PHI","60.6%","90.0","15.5%","82.0","2.1%","87.1","8.6%","74.9","11.4%","81.2","1.4%","83.7","0.4%","67.6","2.5%"
"2006","STL","62.4%","90.0","14.8%","82.2","2.9%","85.6","8.6%","74.8","10.0%","80.6","1.4%","85.0","","","2.4%"
"2005","TBD","60.1%","90.0","15.5%","82.1","2.6%","86.7","7.9%","74.8","10.1%","80.7","1.8%","83.5","2.0%","67.7","4.8%"
"2005","SFG","59.9%","90.0","15.5%","82.1","1.9%","86.3","9.4%","75.3","11.8%","80.9","1.5%","84.9","","","4.2%"
"2004","SDP","62.9%","90.0","14.5%","82.9","1.0%","83.8","8.3%","75.3","10.5%","81.3","1.4%","83.2","1.3%","68.8","8.0%"
"2002","CHC","64.3%","90.0","12.3%","82.0","","","12.4%","75.5","9.1%","79.8","1.7%","83.3","0.1%","65.6","5.3%"
"2005","OAK","61.7%","90.0","14.1%","82.1","2.0%","86.7","7.9%","76.0","11.9%","80.6","1.3%","82.5","1.1%","66.9","7.6%"
"2004","PHI","63.5%","89.9","14.1%","82.7","0.9%","84.5","9.3%","75.9","10.4%","81.0","1.5%","83.7","0.3%","68.9","5.4%"
"2006","WSN","60.6%","89.9","15.2%","82.1","2.4%","86.2","9.3%","75.1","10.9%","81.0","1.2%","84.7","0.4%","68.4","2.8%"
"2004","CHW","62.6%","89.9","14.4%","82.3","0.6%","84.6","9.5%","75.8","11.1%","79.7","1.5%","83.0","0.4%","76.0","4.8%"
"2003","STL","65.4%","89.9","11.9%","82.0","","","11.2%","74.9","9.7%","78.3","1.3%","84.5","0.5%","56.8","10.8%"
"2006","ARI","63.2%","89.9","13.1%","82.0","2.9%","85.6","9.3%","74.3","10.4%","81.3","0.9%","84.1","0.1%","66.7","2.2%"
"2007","SFG","63.3%","89.9","12.7%","82.2","2.2%","85.9","9.0%","74.6","11.2%","80.9","1.3%","83.8","0.3%","67.6","2.3%"
"2005","ARI","63.4%","89.9","14.6%","82.2","2.3%","86.0","7.5%","75.7","11.2%","80.9","1.0%","84.9","","","5.3%"
"2006","COL","63.7%","89.9","15.7%","81.9","2.2%","86.9","8.4%","74.6","8.9%","80.7","1.1%","83.4","","","3.3%"
"2004","SFG","59.8%","89.9","14.3%","82.5","0.7%","86.3","9.5%","75.4","12.1%","81.2","2.3%","82.4","1.4%","71.7","10.5%"
"2007","PIT","62.1%","89.9","14.1%","82.2","2.9%","86.1","8.9%","74.6","10.9%","80.9","1.0%","83.4","","","1.8%"
"2003","MIL","64.9%","89.9","13.8%","82.1","","","9.8%","75.2","10.3%","80.2","1.1%","81.9","0.2%","71.7","8.1%"
"2007","WSN","62.4%","89.9","14.7%","82.2","2.2%","85.7","7.6%","74.4","12.1%","80.5","0.9%","83.9","0.0%","72.0","2.2%"
"2004","ANA","64.0%","89.9","13.0%","82.4","0.8%","83.6","7.9%","75.3","11.7%","80.0","2.2%","83.6","0.3%","68.4","6.7%"
"2004","COL","62.9%","89.8","13.1%","82.6","0.9%","85.9","8.3%","75.4","12.6%","81.3","1.8%","81.5","0.3%","70.4","11.7%"
"2004","BAL","61.8%","89.8","14.1%","82.7","1.3%","88.1","8.2%","74.9","11.5%","80.4","1.5%","84.0","1.5%","66.5","6.0%"
"2005","LAA","58.8%","89.8","14.5%","82.3","3.5%","85.6","8.7%","74.7","11.6%","80.2","1.9%","83.8","1.1%","67.2","4.7%"
"2005","STL","62.3%","89.8","13.5%","82.5","2.9%","86.1","9.4%","75.7","10.2%","80.7","1.3%","84.3","0.4%","68.9","3.2%"
"2004","BOS","62.9%","89.8","12.0%","82.4","1.5%","86.6","8.5%","75.1","13.4%","80.7","1.7%","82.7","","","6.4%"
"2005","NYM","62.5%","89.8","13.5%","82.4","2.7%","86.2","8.4%","75.4","11.2%","81.0","1.7%","83.8","0.0%","","1.1%"
"2007","PHI","61.2%","89.8","16.2%","82.1","2.4%","86.6","8.2%","74.2","10.9%","80.6","1.0%","82.6","","","1.7%"
"2007","COL","64.3%","89.8","14.6%","82.0","2.5%","86.1","7.6%","74.1","9.7%","80.4","1.1%","82.5","0.3%","68.1","2.8%"
"2005","COL","65.6%","89.8","13.9%","82.0","1.1%","86.3","7.4%","75.5","11.4%","80.5","0.6%","84.4","","","5.7%"
"2002","TEX","62.8%","89.7","11.6%","81.8","","","11.9%","75.3","11.0%","80.1","1.8%","81.9","1.0%","74.1","1.9%"
"2007","CHC","60.8%","89.7","15.0%","82.2","2.8%","85.9","10.0%","74.5","10.5%","80.6","0.9%","81.2","0.0%","","2.4%"
"2004","CLE","62.2%","89.7","13.8%","82.3","1.1%","85.1","8.7%","75.4","12.0%","80.2","1.8%","82.8","0.3%","67.3","5.3%"
"2004","MIN","61.0%","89.7","14.4%","82.4","1.5%","85.4","9.6%","76.2","11.4%","80.6","1.8%","83.6","0.3%","73.9","14.4%"
"2007","STL","61.0%","89.7","14.9%","82.1","2.4%","85.4","9.1%","74.1","11.7%","80.6","0.9%","82.8","0.0%","","1.8%"
"2003","CHC","61.8%","89.7","13.5%","82.4","","","12.7%","76.3","10.0%","80.9","1.5%","82.9","0.6%","70.0","1.7%"
"2003","TBD","62.0%","89.7","11.0%","82.0","","","11.0%","74.7","11.8%","80.0","2.2%","84.5","1.9%","66.9","6.2%"
"2003","DET","64.8%","89.7","9.6%","81.9","","","9.2%","75.1","13.8%","79.8","1.8%","83.2","0.9%","66.2","5.5%"
"2003","TEX","60.0%","89.6","10.6%","82.6","","","11.4%","76.0","15.4%","79.9","1.6%","83.6","1.1%","70.4","3.5%"
"2002","DET","63.9%","89.6","11.2%","81.6","","","12.4%","75.2","10.0%","79.7","1.7%","83.6","0.7%","66.6","8.4%"
"2004","LAD","64.0%","89.6","12.6%","82.4","0.6%","86.4","9.2%","75.3","11.7%","80.9","1.1%","84.0","0.9%","70.2","3.1%"
"2003","FLA","65.3%","89.6","13.1%","82.4","","","8.9%","75.3","10.7%","80.9","1.4%","83.7","0.6%","67.6","3.2%"
"2007","LAD","59.6%","89.6","15.4%","81.8","3.2%","86.2","9.3%","74.1","11.8%","80.3","0.7%","84.3","","","1.0%"
"2003","BOS","63.8%","89.6","10.7%","82.3","","","10.3%","75.5","12.7%","80.1","2.1%","83.1","0.4%","70.1","0.5%"
"2002","NYM","65.1%","89.6","12.0%","81.9","","","10.8%","75.9","10.1%","80.5","1.3%","83.7","0.7%","70.9","1.7%"
"2003","SDP","65.5%","89.6","11.6%","79.1","","","8.8%","75.9","11.1%","80.3","2.4%","81.4","0.7%","67.0","5.3%"
"2005","LAD","62.6%","89.5","13.5%","82.0","1.6%","85.9","8.9%","75.4","12.2%","80.7","1.1%","84.0","","","3.0%"
"2007","NYM","60.7%","89.5","14.9%","82.6","2.7%","85.9","8.8%","74.0","11.7%","80.2","1.3%","84.1","","","1.8%"
"2002","ARI","65.1%","89.5","13.3%","81.5","","","10.8%","75.9","9.0%","80.3","1.2%","79.9","0.6%","68.5","6.9%"
"2002","CIN","64.7%","89.5","14.0%","79.0","","","10.8%","74.4","8.8%","78.6","1.6%","83.5","","","13.7%"
"2003","ARI","64.6%","89.5","12.1%","80.9","","","8.7%","75.4","13.0%","80.4","1.7%","81.9","","","4.8%"
"2003","CIN","63.9%","89.5","12.0%","81.6","","","9.6%","72.8","12.1%","76.2","2.3%","81.5","","","11.0%"
"2002","NYY","63.2%","89.5","11.9%","81.1","","","11.8%","75.8","9.9%","79.7","2.1%","81.4","1.2%","68.0","3.8%"
"2006","LAD","61.1%","89.4","15.4%","81.8","2.9%","86.8","8.8%","75.0","11.0%","80.9","0.8%","85.1","0.0%","66.4","2.7%"
"2002","MIL","63.6%","89.4","13.0%","81.3","","","12.9%","75.9","8.3%","79.7","1.6%","74.1","0.6%","71.8","8.4%"
"2002","STL","63.8%","89.4","11.9%","80.4","","","12.7%","75.4","10.6%","79.9","1.1%","82.3","","","11.2%"
"2003","SEA","63.9%","89.4","12.0%","82.3","","","8.9%","75.4","12.9%","79.9","1.6%","84.0","0.7%","73.4","2.3%"
"2003","CHW","63.3%","89.4","11.5%","82.5","","","9.1%","75.9","13.2%","80.3","1.2%","84.0","1.6%","68.6","1.8%"
"2003","NYY","63.1%","89.4","10.2%","81.9","","","10.6%","75.2","12.5%","80.5","1.8%","83.1","1.8%","67.3","1.5%"
"2003","MON","62.8%","89.3","11.8%","82.2","","","10.7%","73.3","11.9%","79.3","2.6%","83.8","0.2%","1.1","19.1%"
"2002","FLA","65.8%","89.3","13.1%","79.7","","","9.9%","75.8","9.4%","80.0","1.4%","82.4","0.4%","68.4","4.8%"
"2003","TOR","64.1%","89.3","10.3%","82.2","","","11.4%","75.0","10.9%","79.4","1.4%","83.9","1.9%","67.7","8.5%"
"2003","ANA","60.4%","89.3","10.8%","82.1","","","10.3%","75.0","15.5%","79.7","2.1%","81.7","0.8%","51.2","9.1%"
"2003","NYM","66.4%","89.2","10.6%","81.6","","","10.0%","75.3","11.7%","77.7","1.3%","83.0","","","1.1%"
"2003","SFG","62.9%","89.2","12.3%","81.3","","","9.9%","75.7","12.8%","79.9","1.9%","82.5","0.2%","69.6","8.6%"
"2002","CHW","64.8%","89.2","10.8%","81.0","","","10.1%","76.4","10.7%","79.8","1.6%","82.2","2.0%","65.3","5.3%"
"2003","LAD","64.4%","89.2","12.0%","81.2","","","10.1%","75.4","11.6%","80.1","1.7%","82.7","0.1%","73.5","5.8%"
"2002","PIT","66.7%","89.1","12.3%","81.3","","","11.1%","75.4","8.3%","79.7","1.5%","82.2","0.2%","72.3","8.0%"
"2003","MIN","61.9%","89.1","12.7%","79.9","","","9.4%","74.7","13.4%","78.3","1.5%","82.4","1.1%","68.7","6.9%"
"2003","KCR","64.3%","89.1","11.9%","81.6","","","9.3%","72.5","12.6%","78.4","1.2%","80.7","0.8%","58.4","7.1%"
"2002","OAK","64.7%","89.0","9.7%","78.8","","","12.1%","75.9","10.8%","79.7","1.6%","82.8","1.0%","74.3","6.0%"
"2003","CLE","62.1%","89.0","12.0%","81.9","","","9.3%","75.3","14.3%","79.0","2.0%","83.2","0.3%","70.2","3.4%"
"2002","COL","64.3%","88.9","15.1%","76.3","","","9.5%","74.4","8.7%","79.2","2.0%","81.0","0.3%","67.6","13.3%"
"2002","TBD","63.7%","88.9","11.5%","74.1","","","12.1%","73.8","9.2%","78.4","1.7%","81.5","1.8%","65.4","6.1%"
"2003","BAL","63.4%","88.9","11.1%","82.0","","","10.9%","73.9","11.1%","79.1","1.7%","83.2","1.9%","65.6","3.5%"
"2003","COL","65.8%","88.9","13.9%","79.4","","","8.2%","74.7","10.5%","78.7","1.4%","81.7","0.2%","68.6","8.1%"
"2002","MIN","61.7%","88.8","10.6%","80.2","","","11.9%","72.9","11.0%","79.2","2.3%","83.2","2.5%","69.0","7.4%"
"2002","BOS","64.0%","88.7","11.2%","80.9","","","10.8%","75.5","11.0%","80.0","2.2%","82.4","0.8%","70.3","0.8%"
"2002","PHI","65.4%","88.7","12.4%","80.8","","","10.0%","75.4","9.6%","79.4","2.2%","81.4","0.3%","71.2","1.5%"
"2002","CLE","63.4%","88.6","10.9%","80.9","","","10.8%","73.5","11.7%","79.6","1.3%","83.6","1.9%","68.7","4.2%"
"2002","BAL","63.9%","88.6","11.2%","80.5","","","11.7%","74.5","9.6%","78.3","2.1%","83.4","1.6%","68.8","2.4%"
"2002","SEA","67.5%","88.5","10.3%","81.2","","","9.5%","76.0","10.3%","79.4","1.3%","83.2","1.1%","38.9","5.6%"
"2002","MON","64.7%","88.5","12.1%","80.8","","","11.3%","74.2","10.0%","79.7","1.8%","81.7","0.0%","71.0","17.6%"
"2003","PHI","63.6%","88.4","12.6%","81.0","","","9.8%","74.6","12.1%","78.2","1.9%","82.3","","","1.1%"
"2002","LAD","64.6%","88.4","14.4%","80.8","","","11.0%","73.7","8.7%","79.4","1.1%","84.1","0.0%","68.5","9.8%"
"2002","SFG","64.1%","88.3","14.2%","80.7","","","9.6%","74.2","9.4%","78.3","2.8%","81.5","","","7.6%"
"2002","KCR","64.3%","88.3","10.6%","77.3","","","11.2%","71.9","10.6%","78.6","1.8%","80.5","1.5%","70.2","13.8%"
"2003","OAK","65.1%","88.1","10.9%","80.3","","","10.2%","74.4","11.3%","78.0","1.6%","84.3","0.9%","68.1","10.9%"
"2002","SDP","63.4%","88.1","14.9%","80.5","","","10.0%","72.8","9.1%","79.6","1.9%","78.2","0.8%","70.5","9.4%"
"2002","ANA","64.1%","88.0","10.4%","80.0","","","11.1%","73.5","11.7%","79.0","2.0%","80.9","0.7%","65.6","14.6%"
"2002","TOR","64.6%","86.8","10.6%","78.7","","","12.1%","73.4","9.8%","77.0","1.6%","80.5","1.2%","67.5","6.0%"
