"Season","Team","wFB","wSL","wCT","wCB","wCH","wSF","wKN","wFB/C","wSL/C","wCT/C","wCB/C","wCH/C","wSF/C","wKN/C"
"2003","BOS","160.5","21.3","","17.0","2.9","-7.3","1.5","1.01","0.80","","0.67","0.09","-1.39","1.53"
"2009","NYY","144.9","-5.5","-0.1","18.3","20.0","-3.1","1.5","0.97","-0.18","-0.01","0.84","0.73","-0.78","0.90"
"2005","BOS","142.5","-17.9","-1.6","8.2","9.1","2.9","","0.95","-0.49","-0.30","0.44","0.35","0.74",""
"2007","NYY","139.8","22.8","-2.7","0.0","0.0","2.4","13.2","0.94","0.66","-0.32","0.00","0.00","0.45","4.63"
"2011","TEX","135.3","-6.5","5.6","-0.8","25.4","1.5","-1.1","1.00","-0.21","0.33","-0.04","1.03","0.46","-1.68"
"2012","NYY","129.1","-4.4","2.5","-3.0","1.3","-3.4","1.2","0.95","-0.15","0.15","-0.12","0.05","-0.64","1.41"
"2003","NYY","128.6","7.3","","-16.8","10.7","-8.2","-3.4","0.84","0.29","","-0.66","0.36","-1.89","-0.78"
"2011","BOS","127.4","1.2","12.5","8.2","21.4","0.1","","0.87","0.04","0.83","0.34","0.80","0.02",""
"2005","TEX","126.1","-24.3","3.9","7.4","-6.5","-15.3","-1.5","0.94","-0.63","0.68","0.38","-0.25","-3.99","-0.78"
"2002","BOS","125.7","-24.8","","-8.6","1.9","-3.1","1.7","0.84","-0.95","","-0.34","0.07","-0.59","0.94"
"2015","TOR","124.0","-10.1","1.7","9.3","25.6","-7.2","1.6","0.92","-0.26","0.12","0.46","1.01","-1.31","4.27"
"2008","TEX","120.3","-18.3","9.0","21.7","10.0","2.3","4.3","0.82","-0.49","1.11","1.03","0.40","0.68","1.75"
"2005","NYY","118.7","13.7","7.4","10.9","-3.0","-7.4","-3.6","0.84","0.43","1.88","0.54","-0.12","-2.07","-0.64"
"2009","BOS","116.4","-5.1","-7.8","9.4","6.1","1.2","0.3","0.79","-0.15","-0.56","0.41","0.23","0.68","0.66"
"2017","HOU","115.3","13.4","1.0","21.3","4.9","1.7","","0.91","0.34","0.07","0.79","0.19","0.39",""
"2019","MIN","115.2","4.2","13.0","20.2","2.5","-0.5","","0.93","0.09","0.88","0.77","0.08","-0.14",""
"2011","NYY","111.6","8.3","-5.8","9.1","0.3","1.6","0.3","0.81","0.28","-0.37","0.35","0.01","0.38","0.10"
"2004","BOS","110.9","2.4","4.5","2.8","20.1","-0.3","","0.74","0.08","1.27","0.14","0.63","-0.07",""
"2018","NYY","109.8","-19.9","-7.4","23.9","11.5","-4.8","-0.7","0.82","-0.44","-0.45","1.02","0.39","-1.49","-1.38"
"2002","NYY","106.1","-2.9","","5.3","-2.6","1.6","-0.8","0.71","-0.11","","0.19","-0.11","0.34","-0.29"
"2007","PHI","105.8","-14.8","-3.9","10.2","23.0","-2.7","","0.70","-0.37","-0.66","0.50","0.85","-1.06",""
"2008","CHC","102.9","-10.0","7.0","-17.9","-3.0","1.2","0.5","0.71","-0.24","0.81","-0.83","-0.14","0.30","9.69"
"2013","BOS","102.5","7.7","7.2","18.0","4.6","5.0","3.4","0.71","0.22","0.45","0.75","0.16","1.24","2.03"
"2003","TOR","102.3","-12.5","","7.3","-4.2","-5.7","3.0","0.72","-0.55","","0.29","-0.18","-1.79","0.70"
"2006","NYY","101.7","5.7","1.8","2.7","9.1","7.7","-1.2","0.68","0.19","0.38","0.12","0.34","1.72","-0.40"
"2010","MIL","101.2","-17.9","-16.6","-8.2","6.1","3.2","-0.8","0.74","-0.44","-1.85","-0.37","0.26","0.94","-0.45"
"2019","HOU","99.2","39.1","2.1","24.5","6.0","0.7","","0.76","0.89","0.14","0.99","0.21","0.17",""
"2010","BOS","98.7","-20.8","0.1","12.2","21.4","-3.5","2.1","0.65","-0.63","0.00","0.55","0.80","-1.31","12.83"
"2006","PHI","98.4","-20.5","5.0","2.0","-7.2","-3.1","-2.7","0.67","-0.55","0.98","0.10","-0.26","-0.87","-2.76"
"2002","TEX","96.5","1.4","","-9.1","6.5","-7.9","1.5","0.65","0.05","","-0.32","0.25","-1.89","0.64"
"2016","BAL","95.5","-20.8","-13.7","5.5","-26.4","-4.3","-2.7","0.76","-0.60","-0.88","0.23","-0.94","-1.25","-0.76"
"2003","ATL","94.8","5.0","","7.9","23.0","-1.6","","0.66","0.16","","0.34","0.85","-0.48",""
"2004","TEX","93.2","-19.3","-2.8","-9.6","4.8","-13.2","2.0","0.73","-0.63","-0.89","-0.43","0.18","-3.09","0.80"
"2019","LAD","90.5","-3.7","-2.1","2.7","5.1","6.2","3.0","0.69","-0.08","-0.15","0.10","0.18","1.46","18.88"
"2006","CHW","90.2","-30.8","-4.6","10.5","9.7","5.3","","0.63","-0.87","-0.96","0.51","0.36","1.44",""
"2018","BOS","89.5","6.0","7.2","4.6","28.6","3.2","","0.66","0.13","0.60","0.23","0.93","0.89",""
"2005","CLE","88.7","-19.6","0.7","6.9","1.9","1.2","0.4","0.65","-0.55","0.17","0.36","0.07","0.38","0.40"
"2010","NYY","87.1","13.4","-0.4","15.7","15.0","0.6","-3.8","0.59","0.47","-0.03","0.70","0.52","0.15","-1.94"
"2019","NYY","84.7","1.4","7.9","8.3","19.8","4.4","0.9","0.66","0.03","0.56","0.31","0.77","0.77","1.61"
"2005","ATL","84.1","-31.2","-4.3","-18.1","-5.0","-6.1","2.6","0.63","-1.00","-0.66","-0.88","-0.17","-2.39","4.32"
"2009","CLE","84.1","-35.1","-7.9","-5.4","-10.7","-2.1","-1.1","0.60","-0.96","-0.52","-0.24","-0.46","-1.12","-0.57"
"2003","TEX","84.0","-18.6","","2.8","0.6","-12.2","7.3","0.61","-0.76","","0.11","0.02","-3.38","2.76"
"2006","CLE","83.8","-9.3","-0.5","-6.2","-7.6","4.8","-3.7","0.61","-0.26","-0.08","-0.29","-0.25","1.48","-2.11"
"2018","CLE","83.8","2.8","5.5","4.6","-1.1","-3.4","0.5","0.63","0.07","0.43","0.17","-0.04","-1.02","3.63"
"2002","CHW","83.5","-15.2","","-2.6","2.9","6.0","12.5","0.57","-0.62","","-0.11","0.12","1.69","2.83"
"2007","BOS","83.4","-5.4","10.9","5.4","12.5","0.5","0.3","0.58","-0.14","0.99","0.28","0.44","0.10","0.42"
"2002","SEA","82.9","-7.7","","5.1","-6.0","-4.1","-1.2","0.54","-0.33","","0.24","-0.26","-1.35","-0.52"
"2003","STL","82.8","-24.6","","4.9","13.3","-1.8","-0.3","0.59","-0.96","","0.20","0.64","-0.63","-0.31"
"2008","BOS","81.8","12.4","-9.7","-11.4","33.1","-2.2","-0.2","0.55","0.38","-0.73","-0.49","1.47","-1.04","-0.17"
"2016","COL","81.4","-2.4","-1.0","12.9","14.2","-1.6","-0.1","0.57","-0.07","-0.07","0.57","0.61","-0.94","-0.10"
"2006","BOS","81.2","-10.4","-3.1","-0.7","-5.8","-8.9","","0.56","-0.28","-0.40","-0.03","-0.20","-2.45",""
"2004","NYY","80.7","3.9","3.8","7.6","12.6","-4.8","-4.5","0.57","0.14","1.17","0.35","0.46","-0.97","-1.37"
"2014","BAL","80.2","7.2","-4.0","-3.9","-8.8","-4.2","-2.6","0.63","0.20","-0.29","-0.17","-0.37","-0.73","-0.88"
"2015","NYY","78.6","-9.4","8.0","-2.8","-10.5","7.9","-5.2","0.58","-0.28","0.68","-0.14","-0.33","1.37","-0.94"
"2003","SFG","78.6","-2.3","","-24.6","-16.6","-5.8","-0.9","0.61","-0.09","","-1.21","-0.63","-1.53","-2.27"
"2019","WSN","78.4","-21.5","4.8","3.2","12.1","-1.2","","0.60","-0.44","0.36","0.12","0.51","-0.30",""
"2008","CLE","77.3","-37.9","-9.2","-15.6","7.1","-2.3","-0.2","0.55","-0.93","-1.00","-0.66","0.28","-0.69","-0.11"
"2004","COL","75.9","-20.1","-2.1","-6.5","-18.6","4.2","3.2","0.57","-0.73","-1.10","-0.37","-0.70","1.10","4.41"
"2015","KCR","75.8","-14.5","-17.1","-11.7","-18.3","9.7","-2.8","0.61","-0.45","-1.07","-0.54","-0.66","2.83","-2.41"
"2016","BOS","75.3","11.8","7.6","9.9","39.1","-3.6","1.4","0.55","0.31","0.46","0.42","1.55","-0.78","0.36"
"2019","OAK","75.2","-22.3","-2.5","-0.8","-19.7","0.2","","0.59","-0.49","-0.18","-0.03","-0.63","0.07",""
"2014","TOR","74.8","-10.6","0.9","0.1","14.7","-6.4","-1.9","0.55","-0.35","0.06","0.00","0.56","-1.04","-3.53"
"2007","CLE","73.7","-29.6","4.8","1.4","-11.8","-4.1","-1.6","0.51","-0.81","0.77","0.07","-0.37","-0.97","-3.53"
"2016","CHC","73.7","13.5","0.8","-1.5","-7.8","2.1","","0.51","0.34","0.07","-0.06","-0.27","0.82",""
"2004","CHW","73.2","-26.2","-1.9","-9.2","11.0","1.5","0.9","0.53","-0.82","-1.51","-0.44","0.44","0.45","0.97"
"2018","LAD","73.1","-3.9","-4.1","6.0","9.8","3.7","0.0","0.52","-0.10","-0.23","0.22","0.34","1.45","-0.57"
"2019","ATL","72.5","-18.9","-6.9","16.4","-0.8","0.9","","0.55","-0.42","-0.46","0.68","-0.03","0.33",""
"2009","PHI","72.5","17.2","-1.3","-7.5","-5.8","-2.1","","0.51","0.42","-0.20","-0.36","-0.22","-0.59",""
"2005","PHI","72.2","-9.5","1.7","-6.0","-5.2","-1.7","-2.7","0.48","-0.30","0.29","-0.30","-0.20","-0.74","-3.07"
"2009","TBR","71.8","-2.8","-10.6","11.9","3.8","0.4","2.0","0.50","-0.09","-0.74","0.49","0.14","0.15","1.40"
"2007","NYM","71.5","-18.1","-6.1","-10.3","8.0","-3.2","","0.51","-0.53","-0.98","-0.51","0.29","-1.09",""
"2007","TBD","71.4","-31.3","-10.1","-2.3","2.0","-2.4","-1.2","0.53","-0.86","-1.24","-0.11","0.08","-0.49","-0.26"
"2003","COL","71.1","-2.8","","9.3","-8.6","2.6","2.3","0.49","-0.09","","0.51","-0.37","0.88","5.73"
"2016","STL","70.7","-13.8","-7.8","-0.5","2.8","5.0","","0.52","-0.35","-0.63","-0.02","0.11","2.04",""
"2007","DET","70.7","-21.7","5.8","9.6","8.0","3.1","1.3","0.52","-0.58","0.86","0.48","0.29","0.56","1.29"
"2009","LAA","69.8","8.5","-1.3","18.5","6.5","1.5","4.7","0.47","0.29","-0.10","0.87","0.27","0.71","2.09"
"2003","PHI","69.6","-11.3","","-10.8","-17.5","-7.4","","0.45","-0.37","","-0.46","-0.59","-1.63",""
"2017","TEX","68.9","-25.0","-17.5","-6.6","-6.2","-4.5","3.9","0.53","-0.58","-1.37","-0.27","-0.23","-1.14","5.54"
"2004","CHC","68.5","-13.4","2.0","1.5","-10.6","-7.1","-0.4","0.53","-0.40","0.84","0.07","-0.47","-2.77","-0.43"
"2002","ARI","68.5","-24.6","","-6.2","6.9","-7.0","-0.6","0.47","-0.82","","-0.26","0.34","-2.48","-0.49"
"2004","STL","68.4","-27.3","0.1","2.9","23.9","-1.0","4.2","0.50","-0.84","0.11","0.14","0.96","-0.23","4.99"
"2013","LAA","68.2","-28.9","9.7","12.9","-9.4","-0.7","1.7","0.50","-0.77","0.82","0.60","-0.39","-0.17","2.21"
"2011","MIL","67.8","-23.2","4.4","0.7","-8.9","3.9","-1.8","0.55","-0.58","0.36","0.03","-0.38","1.12","-1.10"
"2013","DET","67.3","13.4","11.6","18.2","13.6","-1.5","0.9","0.49","0.40","0.75","0.81","0.54","-0.44","1.03"
"2002","TOR","67.2","-11.6","","-9.0","-23.0","-2.7","-2.9","0.47","-0.49","","-0.34","-1.06","-0.75","-1.11"
"2002","SFG","67.0","10.3","","-0.1","-2.7","-10.0","","0.49","0.34","","0.00","-0.14","-1.72",""
"2006","ATL","66.9","-34.4","-8.7","4.3","14.4","-3.5","-0.1","0.51","-0.81","-1.75","0.21","0.62","-1.08","-1.94"
"2015","TEX","66.5","-17.9","7.5","4.3","9.1","-6.2","1.1","0.50","-0.49","0.58","0.20","0.36","-1.33","1.43"
"2003","CHC","65.6","-26.5","","-30.1","-29.1","-10.8","1.1","0.47","-0.88","","-1.06","-1.31","-3.17","0.91"
"2009","COL","65.6","-17.9","4.8","0.9","4.7","10.3","","0.45","-0.46","0.45","0.04","0.21","3.78",""
"2003","CHW","65.0","-17.4","","7.9","-14.0","-7.9","-6.0","0.44","-0.65","","0.38","-0.46","-2.74","-1.57"
"2004","CLE","64.9","7.0","-2.5","2.1","0.7","-5.7","0.2","0.45","0.22","-1.01","0.10","0.03","-1.35","0.27"
"2017","CLE","64.8","10.7","-6.8","4.7","13.8","-4.4","","0.47","0.27","-0.58","0.18","0.46","-1.39",""
"2018","WSN","64.3","-30.7","0.8","18.1","1.5","-5.1","","0.48","-0.74","0.05","0.74","0.06","-1.22",""
"2013","TEX","64.3","-6.0","-14.1","9.2","10.6","-4.1","-0.9","0.47","-0.17","-0.99","0.40","0.45","-0.99","-0.98"
"2002","ANA","63.6","-3.9","","17.6","-6.1","0.2","-1.9","0.51","-0.20","","0.81","-0.27","0.06","-1.33"
"2007","ATL","63.2","-13.5","-1.9","-3.9","-8.0","0.0","","0.45","-0.35","-0.41","-0.20","-0.26","0.00",""
"2014","PIT","62.5","-19.6","8.5","10.8","-5.6","-3.4","2.5","0.47","-0.53","0.60","0.45","-0.23","-0.88","2.31"
"2008","CHW","62.4","-24.2","-19.2","-1.3","6.3","-0.3","4.2","0.47","-0.61","-2.34","-0.06","0.23","-0.12","3.68"
"2005","CHW","62.1","-25.8","-7.7","-4.9","-16.3","-4.5","4.4","0.46","-0.74","-2.02","-0.27","-0.65","-1.71","3.06"
"2017","ARI","62.0","-20.0","3.9","-6.3","7.1","0.8","2.2","0.46","-0.48","0.29","-0.24","0.30","0.31","1.42"
"2011","ARI","61.8","-29.4","-1.7","11.3","-22.4","2.3","","0.47","-0.76","-0.15","0.57","-0.89","0.79",""
"2014","DET","60.9","13.3","0.4","28.3","-3.4","-4.3","0.3","0.47","0.40","0.02","1.37","-0.13","-1.13","0.19"
"2019","BOS","60.7","25.6","7.0","8.0","7.2","-3.3","1.2","0.45","0.55","0.41","0.33","0.26","-0.87","4.41"
"2008","DET","60.6","-24.3","-5.6","-7.2","28.0","9.8","1.0","0.42","-0.64","-0.67","-0.34","1.28","3.10","0.34"
"2019","NYM","60.4","-29.3","-7.3","1.4","-3.1","-0.7","","0.48","-0.67","-0.50","0.06","-0.12","-0.21",""
"2005","CIN","60.2","-11.8","2.2","-5.8","23.9","-5.0","","0.44","-0.37","0.34","-0.31","1.13","-1.99",""
"2004","ATL","59.9","-22.4","2.3","-9.0","7.5","-0.9","-0.3","0.43","-0.70","1.49","-0.41","0.28","-0.25","-16.22"
"2017","NYY","59.8","-12.1","14.1","8.8","37.9","-2.4","","0.43","-0.28","0.94","0.35","1.40","-0.75",""
"2021","TOR","59.7","5.6","-2.0","30.3","2.7","2.1","","0.59","0.13","-0.14","1.73","0.12","0.75",""
"2008","PHI","59.0","-22.9","-5.6","12.1","0.1","-2.1","","0.41","-0.61","-0.86","0.61","0.01","-0.67",""
"2002","STL","58.9","-2.0","","-20.1","-25.9","-3.7","","0.46","-0.08","","-0.79","-1.21","-1.77",""
"2009","LAD","58.8","-21.6","-13.1","-2.6","-10.1","4.9","","0.40","-0.58","-1.36","-0.13","-0.44","1.26",""
"2010","CIN","58.7","11.8","13.6","2.0","11.3","1.0","-0.7","0.44","0.30","1.61","0.09","0.51","0.27","-12.25"
"2017","CHC","57.4","-14.9","-8.1","-0.2","7.2","8.0","5.3","0.42","-0.40","-0.60","-0.01","0.28","2.17","3.18"
"2021","SFG","56.6","-22.1","7.8","9.4","-1.4","-4.2","0.6","0.53","-0.56","0.50","0.42","-0.06","-1.62","6.98"
"2021","LAD","56.4","-14.6","-2.1","-7.5","11.4","2.8","0.2","0.51","-0.31","-0.17","-0.36","0.52","0.87","8.55"
"2010","ATL","56.2","-7.2","0.7","-13.3","-15.2","0.3","4.6","0.41","-0.20","0.06","-0.64","-0.59","0.06","1.51"
"2003","ARI","56.2","-16.4","","-30.5","-15.4","-7.7","","0.40","-0.62","","-1.61","-0.54","-2.11",""
"2012","CHW","55.3","-26.3","-9.4","-6.2","15.9","-2.4","","0.41","-0.76","-0.66","-0.25","0.77","-0.74",""
"2020","ATL","55.2","-2.5","7.8","11.7","-3.5","-0.6","-0.1","1.22","-0.14","0.99","1.55","-0.32","-0.24","-2.35"
"2016","SEA","54.4","-20.1","1.0","-23.4","12.3","-0.4","4.6","0.40","-0.62","0.07","-0.84","0.44","-0.10","6.28"
"2014","MIN","54.4","-13.7","-12.7","11.0","4.1","2.1","2.5","0.39","-0.42","-0.75","0.46","0.14","0.52","1.36"
"2020","LAD","53.9","-2.5","6.8","3.1","2.5","-1.1","","1.23","-0.14","1.34","0.34","0.20","-0.64",""
"2015","HOU","53.8","-7.7","-5.0","-1.9","19.2","-3.5","2.8","0.41","-0.22","-0.47","-0.08","0.66","-0.72","1.57"
"2010","DET","53.7","-19.0","3.8","20.6","-4.7","-2.2","-1.4","0.38","-0.58","0.29","1.19","-0.17","-0.91","-1.37"
"2012","TEX","53.7","11.0","7.6","33.7","17.3","-6.2","","0.40","0.32","0.47","1.48","0.72","-1.50",""
"2017","COL","53.4","-28.5","-5.8","4.9","21.3","-3.9","","0.38","-0.73","-0.42","0.20","1.09","-1.80",""
"2016","PIT","53.1","-38.8","-8.1","0.2","-2.1","-0.3","","0.38","-0.96","-0.51","0.01","-0.09","-0.13",""
"2017","MIN","52.9","3.7","7.5","-9.3","-5.2","-0.8","","0.38","0.10","0.54","-0.33","-0.19","-0.21",""
"2002","OAK","52.3","7.4","","-0.1","-14.9","-2.3","0.5","0.34","0.32","","0.00","-0.59","-0.60","0.20"
"2003","MIN","51.7","-8.9","","-7.1","-7.0","-6.5","0.0","0.39","-0.32","","-0.35","-0.24","-2.02","0.00"
"2007","FLA","51.6","0.4","3.2","-9.9","2.0","-1.4","","0.38","0.01","0.54","-0.51","0.08","-0.57",""
"2009","MIL","51.6","-23.8","-0.2","3.9","-1.4","-4.0","0.1","0.36","-0.59","-0.02","0.19","-0.06","-1.13","0.31"
"2007","LAA","51.5","-22.8","0.7","9.4","-27.6","-0.8","-0.6","0.39","-0.71","0.08","0.49","-1.07","-0.18","-0.46"
"2010","PHI","51.5","3.0","-10.7","9.6","-1.9","-6.2","-4.3","0.37","0.08","-1.68","0.51","-0.08","-1.39","-0.95"
"2013","PIT","51.4","-25.1","5.4","-13.6","-30.9","-1.6","","0.39","-0.69","0.41","-0.56","-1.27","-0.41",""
"2021","CIN","51.3","-28.2","12.7","1.6","14.8","-2.8","","0.47","-0.72","1.02","0.07","0.59","-1.20",""
"2021","WSN","51.0","-3.6","-9.9","-6.6","11.1","-7.2","","0.50","-0.09","-0.88","-0.29","0.49","-2.50",""
"2011","KCR","50.7","3.3","-12.8","17.1","-5.6","-3.0","1.9","0.35","0.10","-1.02","0.92","-0.23","-1.16","2.09"
"2019","STL","50.6","-33.4","-9.8","-2.0","-21.7","-8.8","","0.39","-0.70","-0.67","-0.08","-0.79","-2.78",""
"2012","STL","50.5","-12.1","0.1","19.7","2.6","4.4","-3.9","0.37","-0.33","0.01","0.72","0.15","0.81","-2.22"
"2014","LAA","50.1","-0.7","6.2","2.9","23.8","-6.7","-1.9","0.37","-0.02","0.39","0.11","0.99","-1.50","-2.12"
"2018","OAK","49.7","-2.0","11.2","-10.8","21.8","-2.9","-0.5","0.37","-0.05","0.77","-0.40","0.81","-0.76","-1.07"
"2012","COL","49.7","-11.3","10.3","-2.1","20.7","-1.3","-1.1","0.37","-0.32","0.80","-0.10","0.91","-0.42","-1.29"
"2007","TEX","49.1","-15.8","1.4","-11.6","-25.0","2.7","-3.8","0.35","-0.49","0.17","-0.60","-0.89","0.73","-1.59"
"2012","WSN","49.1","-8.2","5.0","7.9","-4.5","0.0","-0.5","0.38","-0.24","0.34","0.32","-0.19","-0.01","-0.16"
"2019","CHC","49.0","-17.5","3.1","2.6","1.3","-4.3","","0.39","-0.39","0.28","0.10","0.05","-1.56",""
"2008","STL","48.9","-10.3","-7.7","-3.1","18.0","1.2","1.3","0.36","-0.27","-1.18","-0.16","0.79","0.33","1.40"
"2002","MIN","48.6","4.6","","13.1","-19.4","-8.4","-2.7","0.37","0.20","","0.52","-0.84","-1.76","-0.51"
"2007","CHC","48.5","-34.6","4.8","4.7","-12.8","-1.7","0.0","0.35","-1.01","0.73","0.21","-0.53","-0.87","4.42"
"2018","TBR","48.0","-30.4","-4.9","17.6","-2.2","1.3","-0.4","0.38","-0.73","-0.40","0.71","-0.08","0.32","-2.64"
"2004","PHI","47.1","-18.0","0.8","10.1","15.3","-4.0","2.1","0.32","-0.55","0.37","0.46","0.63","-1.10","2.83"
"2018","CHC","46.8","-18.3","-1.9","0.7","14.0","3.9","","0.36","-0.41","-0.15","0.03","0.56","1.22",""
"2009","BAL","46.7","-20.1","-18.2","-15.5","7.6","-0.8","","0.33","-0.69","-1.20","-0.68","0.32","-0.32",""
"2017","WSN","45.3","10.3","2.1","-8.4","-1.4","4.0","1.4","0.33","0.30","0.16","-0.35","-0.05","0.93","0.38"
"2013","OAK","45.3","-18.6","6.4","7.9","13.6","2.0","2.2","0.32","-0.54","0.51","0.34","0.51","0.49","0.93"
"2012","DET","45.1","-18.8","-5.2","5.0","3.7","6.7","","0.34","-0.55","-0.39","0.20","0.17","2.05",""
"2010","TEX","45.0","3.8","0.4","6.6","9.4","-5.6","6.2","0.34","0.12","0.03","0.31","0.35","-1.40","4.11"
"2017","CIN","44.9","-25.0","10.7","-5.1","-6.1","-3.4","6.4","0.33","-0.72","0.74","-0.21","-0.24","-1.39","4.38"
"2017","STL","44.8","-13.1","-8.7","-4.6","-0.9","-7.9","0.7","0.33","-0.32","-0.61","-0.18","-0.04","-2.59","0.44"
"2010","ARI","44.0","-22.8","4.9","-2.7","-9.9","-5.8","1.6","0.32","-0.57","0.43","-0.11","-0.40","-1.37","1.49"
"2015","CLE","43.3","-10.5","-9.7","-3.2","-11.6","-4.3","-4.3","0.32","-0.35","-0.79","-0.15","-0.41","-0.76","-6.11"
"2003","SEA","43.2","-45.8","","11.5","1.7","-9.8","2.1","0.29","-1.64","","0.55","0.06","-2.60","1.36"
"2021","TBR","43.1","2.1","2.8","11.2","5.2","-1.4","","0.40","0.06","0.18","0.51","0.19","-0.42",""
"2003","ANA","43.1","-27.3","","-13.5","-43.2","-3.2","3.1","0.35","-1.24","","-0.65","-1.37","-0.75","1.88"
"2003","PIT","43.0","-25.6","","-8.2","4.3","-8.7","","0.32","-1.06","","-0.40","0.19","-2.64",""
"2013","BAL","42.8","5.1","2.6","2.2","-6.2","2.3","7.4","0.32","0.17","0.19","0.11","-0.23","0.50","2.46"
"2004","OAK","42.8","-23.8","-0.8","-5.6","16.0","-7.1","","0.31","-0.75","-0.21","-0.33","0.61","-1.54",""
"2021","MIN","42.5","-17.1","-5.1","-2.5","-14.7","0.0","0.5","0.43","-0.38","-0.42","-0.14","-0.53","-0.01","3.73"
"2014","WSN","42.2","-7.0","-11.5","-12.3","7.9","6.2","","0.30","-0.22","-0.87","-0.50","0.36","2.41",""
"2010","COL","41.7","-10.1","5.5","11.1","8.8","3.7","2.1","0.30","-0.28","0.41","0.55","0.37","1.09","11.04"
"2016","WSN","41.4","-14.6","13.3","-6.2","-6.8","0.1","","0.30","-0.40","1.09","-0.26","-0.28","0.04",""
"2007","COL","41.1","-8.8","12.0","18.5","13.2","-1.9","-2.6","0.26","-0.25","2.01","0.99","0.56","-0.72","-3.60"
"2010","TOR","40.8","-12.5","-6.9","29.2","-6.1","8.0","-2.5","0.32","-0.35","-0.53","1.30","-0.29","3.23","-1.82"
"2016","TOR","40.3","-18.9","-2.8","-11.4","13.8","1.2","-1.0","0.29","-0.45","-0.18","-0.44","0.63","0.20","-0.34"
"2009","TOR","40.1","-14.6","-20.7","7.6","19.3","0.0","8.3","0.28","-0.45","-2.07","0.35","0.83","0.03","2.67"
"2011","DET","40.1","-8.5","-3.1","11.0","53.3","-7.2","-0.9","0.30","-0.26","-0.21","0.53","2.14","-2.44","-0.58"
"2013","TBR","40.1","-4.9","2.0","3.8","-0.9","-1.1","-7.3","0.31","-0.14","0.15","0.15","-0.03","-0.21","-1.29"
"2019","LAA","39.9","-38.7","-13.9","11.1","-12.4","-9.9","","0.31","-0.87","-0.86","0.42","-0.43","-2.85",""
"2013","CIN","39.7","-11.0","-2.7","-1.3","-11.6","-7.3","","0.29","-0.30","-0.19","-0.06","-0.53","-1.72",""
"2014","COL","39.2","36.5","2.9","19.2","23.5","-2.5","","0.29","1.17","0.21","0.89","1.01","-0.88",""
"2009","FLA","39.1","-14.7","0.6","-7.0","-0.2","-1.1","-1.0","0.28","-0.38","0.06","-0.35","-0.01","-0.26","-1.59"
"2021","MIL","39.1","-34.8","-5.6","-5.0","7.1","-0.5","0.9","0.36","-0.84","-0.47","-0.22","0.32","-0.15","17.86"
"2006","DET","39.1","-27.0","-5.9","-9.8","20.6","-5.6","4.1","0.29","-0.72","-1.07","-0.55","0.89","-1.24","3.01"
"2019","MIL","39.0","-21.5","-7.6","-11.5","15.1","0.9","","0.28","-0.50","-0.52","-0.44","0.58","0.34",""
"2018","STL","38.9","-23.3","-5.6","2.5","2.5","-3.2","","0.28","-0.54","-0.44","0.11","0.11","-1.30",""
"2006","NYM","38.6","-37.7","-0.5","1.3","18.7","-1.0","-0.1","0.27","-1.02","-0.08","0.06","0.73","-0.34","-1.12"
"2016","MIN","38.5","-18.5","-9.3","2.9","-0.4","-8.3","-1.4","0.28","-0.54","-0.61","0.12","-0.02","-2.18","-0.53"
"2021","CHW","38.1","-19.4","-5.2","14.5","23.9","4.0","0.0","0.35","-0.45","-0.51","0.68","1.08","1.20","-1.37"
"2006","TEX","37.8","-20.3","1.8","7.4","12.0","-7.4","-0.2","0.28","-0.58","0.31","0.33","0.42","-2.25","-0.10"
"2008","NYM","37.6","5.0","-5.4","-13.5","10.1","0.1","-2.6","0.26","0.15","-0.62","-0.59","0.40","0.02","-2.74"
"2012","MIL","37.4","-4.2","0.6","27.4","11.1","-1.3","","0.27","-0.10","0.04","1.22","0.55","-0.51",""
"2016","ARI","37.0","-25.8","11.5","-9.3","10.1","1.0","","0.27","-0.62","0.76","-0.39","0.47","0.63",""
"2010","TBR","37.0","-23.0","4.6","3.9","9.8","10.2","3.5","0.26","-0.68","0.38","0.18","0.33","3.96","2.01"
"2013","STL","36.9","-15.5","5.7","-8.2","-4.5","2.7","","0.27","-0.48","0.49","-0.33","-0.21","0.74",""
"2002","KCR","36.9","-13.7","","-13.2","-28.0","-4.2","-3.4","0.28","-0.64","","-0.58","-1.31","-1.15","-1.09"
"2015","COL","36.8","2.7","-8.4","5.2","0.4","1.7","","0.27","0.08","-0.79","0.27","0.02","0.68",""
"2002","COL","36.8","-31.0","","0.1","6.4","-4.6","-2.3","0.29","-1.05","","0.01","0.38","-1.16","-3.35"
"2004","SFG","36.7","-3.1","0.3","10.4","-18.3","-7.6","0.9","0.30","-0.11","0.19","0.53","-0.73","-1.57","0.32"
"2011","TBR","36.7","-8.2","-17.9","10.0","0.0","-2.9","3.4","0.27","-0.27","-1.15","0.41","0.00","-0.86","1.41"
"2002","CIN","36.4","-25.0","","-8.2","-17.8","-2.5","","0.28","-0.88","","-0.38","-1.00","-0.75",""
"2010","CHW","36.3","-15.5","4.8","4.0","-2.6","4.2","1.5","0.27","-0.43","0.47","0.23","-0.10","2.30","3.20"
"2006","COL","35.9","6.6","2.7","-11.5","0.3","-9.4","","0.24","0.18","0.53","-0.59","0.01","-3.72",""
"2015","CHC","35.7","-27.0","-13.4","-8.8","12.8","-0.8","","0.25","-0.71","-1.00","-0.40","0.49","-0.38",""
"2012","LAA","35.5","9.1","11.8","12.5","10.9","-6.6","","0.26","0.25","1.10","0.63","0.50","-1.67",""
"2008","TBR","35.0","-10.2","-0.4","6.7","12.9","-0.1","5.2","0.24","-0.30","-0.04","0.31","0.54","-0.03","1.75"
"2006","WSN","34.9","-25.5","-6.2","-17.8","-0.1","-4.8","-1.5","0.25","-0.71","-1.10","-0.81","0.00","-1.76","-1.77"
"2011","CIN","34.9","-12.7","6.1","5.9","11.6","-1.3","-0.9","0.25","-0.33","0.47","0.25","0.58","-0.33","-1.47"
"2009","MIN","34.2","-0.8","5.4","2.1","4.0","0.7","-1.5","0.23","-0.03","0.37","0.10","0.16","0.34","-1.60"
"2012","TBR","34.1","-15.5","-14.5","-6.8","-24.0","-4.3","-5.4","0.26","-0.44","-0.92","-0.29","-1.00","-0.92","-5.39"
"2018","TOR","34.0","-12.7","-5.6","-5.6","3.0","2.5","-0.5","0.28","-0.29","-0.44","-0.23","0.11","0.67","-1.52"
"2020","NYM","33.9","-1.5","0.7","-1.0","10.9","0.8","","0.74","-0.11","0.11","-0.10","1.08","0.42",""
"2008","NYY","32.4","18.2","-9.8","-6.9","-5.4","0.8","3.6","0.22","0.62","-0.94","-0.31","-0.24","0.28","1.21"
"2014","LAD","32.3","14.7","0.2","22.6","5.4","0.1","","0.22","0.42","0.02","1.08","0.24","0.06",""
"2018","COL","31.9","-17.3","14.2","12.8","15.0","-0.6","","0.24","-0.44","1.23","0.57","0.65","-0.24",""
"2016","HOU","31.7","-29.9","-8.9","-8.9","8.7","-0.9","-1.9","0.25","-0.86","-0.61","-0.32","0.37","-0.15","-0.68"
"2009","CHC","31.7","-35.8","4.5","-26.5","-2.4","4.1","-0.6","0.24","-0.97","0.41","-1.04","-0.11","0.99","-0.61"
"2002","MON","31.2","-13.9","","-5.8","-14.2","-4.5","-0.6","0.25","-0.60","","-0.26","-0.74","-1.27","-6.84"
"2006","LAD","31.1","3.2","-6.3","-7.0","15.4","3.8","1.7","0.22","0.09","-0.94","-0.35","0.61","2.17","18.48"
"2008","ATL","31.0","-18.2","0.5","-18.0","13.2","1.6","-1.1","0.22","-0.52","0.07","-0.91","0.53","0.67","-5.12"
"2017","SEA","30.9","-34.9","9.1","-7.7","-10.6","-0.2","2.7","0.24","-0.88","0.64","-0.31","-0.42","-0.06","3.90"
"2007","OAK","30.9","-23.1","-6.2","-14.3","-0.9","-4.0","0.1","0.21","-0.71","-0.74","-0.62","-0.03","-0.80","0.13"
"2012","BAL","30.4","-18.3","-11.5","-2.2","-14.0","-3.3","-5.1","0.22","-0.59","-0.83","-0.09","-0.55","-0.83","-4.97"
"2005","ARI","30.1","-11.3","4.3","-7.5","-10.6","-1.1","","0.21","-0.34","0.81","-0.43","-0.41","-0.46",""
"2003","HOU","29.9","2.4","","-12.9","15.5","3.6","0.0","0.20","0.08","","-0.53","0.71","0.90","2.18"
"2014","OAK","29.8","-6.7","-5.6","5.4","-3.4","-4.2","-2.9","0.21","-0.23","-0.42","0.22","-0.12","-0.94","-1.43"
"2011","STL","29.5","5.7","-4.3","1.7","17.8","-1.4","0.9","0.22","0.17","-0.40","0.07","0.79","-0.32","1.38"
"2005","MIL","29.0","-38.7","-3.5","-14.7","-5.3","-6.4","","0.22","-1.14","-0.84","-0.77","-0.25","-2.70",""
"2020","CHW","28.8","-8.7","-4.0","10.7","-2.9","2.7","","0.65","-0.44","-0.79","1.01","-0.32","2.14",""
"2014","SFG","28.7","-3.5","-20.5","4.4","-10.5","-5.1","","0.21","-0.11","-1.58","0.21","-0.42","-2.60",""
"2017","OAK","28.5","-17.2","-4.1","-9.9","5.4","-2.5","-0.3","0.22","-0.41","-0.30","-0.37","0.22","-0.45","-0.31"
"2003","BAL","27.7","-21.9","","-2.3","-37.3","-7.5","-1.3","0.20","-0.88","","-0.10","-1.50","-2.01","-0.30"
"2008","FLA","27.7","7.2","-12.5","5.9","-0.6","-3.6","2.2","0.19","0.18","-1.40","0.30","-0.02","-1.15","3.53"
"2011","COL","27.6","-23.4","-2.5","15.6","9.6","2.2","2.6","0.20","-0.64","-0.17","0.69","0.40","0.82","3.23"
"2018","ATL","27.6","-9.1","-2.8","11.2","10.9","-0.3","-0.9","0.21","-0.23","-0.27","0.43","0.42","-0.09","-1.20"
"2019","COL","27.4","3.6","18.8","-5.3","4.9","-7.9","","0.21","0.08","1.38","-0.21","0.19","-2.04",""
"2009","TEX","27.3","-13.0","-4.2","-8.0","19.9","3.4","-0.1","0.20","-0.38","-0.38","-0.34","0.88","1.13","-1.60"
"2019","CLE","27.3","-26.4","-7.6","11.2","-6.2","-5.9","","0.22","-0.61","-0.57","0.43","-0.20","-1.71",""
"2011","NYM","27.3","-17.0","5.5","5.3","-1.2","-0.6","","0.19","-0.53","0.52","0.26","-0.04","-0.12",""
"2015","BAL","27.1","-3.4","-1.5","-8.9","-4.8","1.4","-3.0","0.21","-0.10","-0.12","-0.41","-0.18","0.30","-3.17"
"2011","BAL","27.1","-12.6","1.9","2.7","-20.4","-3.3","4.0","0.20","-0.39","0.13","0.11","-0.85","-0.96","4.03"
"2013","CLE","27.1","-6.1","-2.6","2.4","28.8","5.1","2.6","0.20","-0.19","-0.17","0.09","1.04","1.76","1.29"
"2009","ATL","26.8","-57.5","1.9","7.7","6.8","-2.0","-3.6","0.20","-1.62","0.23","0.36","0.26","-0.62","-2.45"
"2013","ATL","26.5","-20.7","0.4","6.4","5.5","-1.4","1.2","0.20","-0.58","0.03","0.28","0.23","-0.48","1.39"
"2003","FLA","26.5","-22.8","","9.6","3.6","-3.5","-2.5","0.18","-0.79","","0.49","0.15","-1.14","-1.77"
"2012","ARI","26.4","-3.7","11.3","7.7","3.8","-1.6","-4.0","0.20","-0.10","0.99","0.31","0.16","-0.50","-2.08"
"2004","DET","26.3","-11.2","-1.9","1.7","13.6","-8.4","8.4","0.22","-0.45","-0.88","0.08","0.58","-2.07","4.47"
"2002","CHC","26.3","-20.6","","-41.5","9.9","-9.1","1.1","0.18","-0.75","","-1.50","0.49","-2.39","5.38"
"2008","BAL","26.1","15.0","-0.4","1.0","5.2","-0.5","-3.4","0.19","0.48","-0.03","0.05","0.24","-0.22","-1.93"
"2006","TOR","25.8","7.9","-7.5","10.3","28.1","3.3","1.2","0.18","0.24","-1.24","0.51","1.12","0.97","1.61"
"2006","STL","25.6","-33.9","0.3","2.7","-4.2","1.8","","0.18","-1.02","0.05","0.14","-0.19","0.59",""
"2010","STL","25.4","-6.6","-3.7","-11.5","-2.9","7.3","-2.8","0.19","-0.17","-0.45","-0.52","-0.13","1.60","-2.81"
"2015","WSN","25.3","-17.8","-13.9","18.9","-2.5","-2.3","-0.8","0.19","-0.48","-1.12","0.92","-0.11","-1.04","-0.89"
"2009","ARI","25.3","-35.0","-0.2","-6.8","6.5","-2.5","-0.2","0.18","-0.85","-0.03","-0.32","0.31","-0.77","-0.93"
"2016","TEX","25.3","-19.3","14.9","21.3","-2.4","-0.3","-0.4","0.20","-0.55","1.21","0.91","-0.09","-0.07","-0.12"
"2004","HOU","25.1","-10.8","0.5","5.7","-7.2","-0.5","1.4","0.19","-0.38","0.30","0.30","-0.34","-0.19","2.83"
"2015","LAD","25.1","-19.9","-13.4","4.3","17.0","2.7","","0.18","-0.60","-0.92","0.20","0.63","1.57",""
"2005","STL","24.9","10.2","-3.6","1.6","7.2","-6.4","1.8","0.18","0.34","-0.57","0.08","0.32","-2.21","2.04"
"2021","ATL","24.8","-10.6","1.6","10.0","20.8","0.0","","0.23","-0.27","0.11","0.51","0.94","-0.01",""
"2005","NYM","24.7","-5.2","1.4","-5.8","-23.3","-3.8","0.0","0.17","-0.17","0.23","-0.30","-0.92","-1.02","2.25"
"2010","CHC","24.6","-41.3","-6.4","6.7","-3.7","-0.7","1.7","0.19","-1.13","-0.66","0.27","-0.15","-0.29","2.64"
"2020","SDP","24.6","9.7","-0.6","5.0","5.2","-2.1","","0.54","0.62","-0.11","0.59","0.49","-1.11",""
"2020","NYY","24.5","-7.0","6.9","2.6","5.1","6.7","","0.55","-0.44","0.87","0.29","0.48","3.54",""
"2019","SEA","24.2","-25.4","0.1","-2.5","-16.7","4.8","","0.18","-0.57","0.00","-0.09","-0.59","1.20",""
"2021","COL","24.2","-24.6","-12.9","10.3","7.9","2.4","","0.24","-0.65","-0.83","0.56","0.34","1.30",""
"2015","DET","24.1","-18.6","1.1","-5.7","8.3","1.7","5.1","0.18","-0.51","0.08","-0.28","0.37","0.34","2.14"
"2002","CLE","24.1","-3.0","","-6.5","-30.7","-4.4","-0.2","0.17","-0.12","","-0.27","-1.18","-1.47","-0.04"
"2016","MIL","24.0","-26.6","-17.5","-4.8","-11.0","2.6","","0.17","-0.74","-1.57","-0.23","-0.42","1.41",""
"2011","TOR","24.0","-2.0","-2.3","-2.7","6.9","-1.8","7.6","0.19","-0.06","-0.14","-0.12","0.33","-0.46","2.74"
"2017","BAL","23.4","-28.0","-5.8","-8.3","-10.4","-0.5","10.2","0.19","-0.66","-0.43","-0.32","-0.40","-0.18","12.73"
"2018","HOU","23.2","-8.6","3.2","7.7","15.3","-6.1","-1.4","0.19","-0.21","0.19","0.30","0.60","-1.84","-1.84"
"2004","CIN","23.1","-21.9","-7.1","-6.3","-11.4","-7.3","0.3","0.17","-0.80","-5.40","-0.29","-0.49","-3.22","3.92"
"2020","PHI","22.9","-0.6","-2.3","5.8","7.1","0.7","","0.54","-0.04","-0.26","0.66","0.73","0.43",""
"2009","WSN","22.8","-27.2","-6.2","-12.2","7.4","-5.7","","0.16","-0.70","-0.70","-0.64","0.30","-1.37",""
"2010","MIN","22.8","3.6","0.2","11.0","22.7","-1.5","1.3","0.16","0.11","0.02","0.60","0.90","-0.42","1.23"
"2019","BAL","22.7","-32.7","-20.6","-2.6","-18.3","-0.9","","0.18","-0.80","-1.14","-0.09","-0.64","-0.18",""
"2015","PIT","22.5","-27.2","-9.3","17.7","-9.0","1.7","","0.17","-0.79","-0.62","0.81","-0.33","0.73",""
"2016","LAD","22.5","-9.0","-7.9","-1.4","-12.6","-1.0","-4.3","0.17","-0.25","-0.56","-0.06","-0.50","-0.43","-2.31"
"2013","TOR","22.2","-6.3","-6.0","12.1","-6.1","7.6","","0.16","-0.20","-0.44","0.48","-0.25","1.18",""
"2005","COL","21.9","-25.7","-0.3","10.1","1.6","-3.6","","0.15","-0.85","-0.14","0.62","0.06","-2.60",""
"2021","BOS","21.8","13.8","7.6","18.4","26.4","-1.2","0.5","0.20","0.35","0.56","0.97","1.04","-0.47","1.53"
"2019","CIN","21.7","-50.3","1.1","-9.6","-0.2","-7.3","","0.17","-1.24","0.07","-0.35","-0.01","-2.31",""
"2002","PHI","21.6","-13.1","","22.5","-13.9","-6.4","2.6","0.14","-0.44","","0.94","-0.60","-1.19","3.16"
"2018","MIL","21.6","-9.7","3.0","7.0","12.0","-0.4","","0.16","-0.24","0.23","0.27","0.52","-0.22",""
"2008","MIL","21.5","-4.6","-4.0","25.8","-8.7","-0.4","-2.1","0.15","-0.12","-0.48","1.31","-0.36","-0.13","-2.74"
"2009","STL","21.2","-14.9","-3.1","0.4","-12.7","-5.7","-1.0","0.17","-0.37","-0.33","0.02","-0.55","-1.33","-1.17"
"2010","KCR","21.1","-15.6","4.1","-6.4","-13.7","-2.2","4.5","0.15","-0.46","0.47","-0.37","-0.57","-1.06","2.67"
"2003","MIL","20.9","-20.9","","-6.7","-15.1","-10.3","1.4","0.15","-0.68","","-0.31","-0.66","-4.38","3.87"
"2011","CLE","20.4","-4.4","-16.3","-10.2","0.0","-5.1","-0.4","0.15","-0.13","-1.21","-0.43","0.00","-1.65","-0.35"
"2014","CHW","20.4","-15.0","-5.9","-7.3","6.3","6.3","3.1","0.16","-0.45","-0.36","-0.30","0.28","2.06","3.13"
"2016","TBR","20.3","-11.7","-2.3","-6.3","-6.9","-11.5","8.0","0.16","-0.34","-0.15","-0.25","-0.28","-2.29","2.55"
"2021","HOU","20.2","11.3","18.7","7.0","24.6","0.8","5.3","0.19","0.26","1.32","0.38","1.02","0.22","8.57"
"2015","ARI","20.1","-24.8","20.1","13.7","6.0","1.2","","0.15","-0.64","1.43","0.61","0.28","0.73",""
"2011","CHC","19.9","-42.7","5.8","0.8","-5.4","8.4","-2.4","0.16","-1.12","0.48","0.03","-0.24","2.66","-2.46"
"2006","CIN","19.9","-15.8","1.8","-2.8","-6.5","-8.6","","0.14","-0.45","0.20","-0.13","-0.31","-2.25",""
"2015","LAA","19.8","-20.2","-4.6","-15.9","-15.3","2.0","4.1","0.16","-0.60","-0.41","-0.71","-0.59","0.50","1.29"
"2005","BAL","19.8","-21.0","-2.8","1.1","-6.1","0.9","5.7","0.16","-0.68","-0.36","0.07","-0.30","0.35","3.54"
"2015","OAK","19.7","-25.0","-12.4","-4.0","9.7","-1.4","-3.1","0.15","-0.65","-1.15","-0.18","0.40","-0.29","-0.97"
"2011","FLA","19.5","-30.6","-5.1","-5.3","-8.1","2.7","-2.0","0.14","-0.88","-0.36","-0.24","-0.36","0.84","-0.83"
"2019","PHI","19.4","0.9","-19.6","-12.0","-6.5","-5.1","","0.15","0.02","-1.35","-0.47","-0.24","-1.89",""
"2003","KCR","19.4","12.0","","4.9","-1.2","-5.2","2.1","0.14","0.46","","0.24","-0.04","-1.97","1.27"
"2007","ARI","19.1","-42.7","2.3","-7.2","-30.8","1.9","","0.14","-1.30","0.42","-0.34","-1.22","1.01",""
"2017","NYM","18.9","-20.6","-1.9","10.2","-3.5","-1.9","-0.2","0.14","-0.54","-0.16","0.39","-0.15","-0.58","-0.09"
"2016","SFG","18.8","-33.8","3.2","9.8","-9.5","-0.6","0.1","0.13","-1.00","0.24","0.40","-0.38","-0.39","2.80"
"2015","SEA","18.8","-28.1","0.4","8.8","-1.1","0.1","0.5","0.14","-0.76","0.03","0.42","-0.04","0.03","0.65"
"2012","KCR","18.7","-21.4","-17.0","0.0","-13.7","-0.9","","0.14","-0.63","-1.10","0.00","-0.58","-0.32",""
"2002","HOU","18.7","-25.0","","16.1","3.0","-12.3","-2.8","0.13","-0.96","","0.62","0.16","-2.58","-1.52"
"2006","LAA","18.3","-16.4","5.0","3.5","-22.3","-12.1","2.2","0.14","-0.52","0.86","0.18","-0.82","-2.67","2.40"
"2004","BAL","18.2","4.2","-2.2","20.7","8.7","-14.6","-1.7","0.13","0.13","-0.74","1.10","0.33","-4.10","-0.50"
"2013","CHC","18.2","-25.8","-10.1","-7.3","-11.2","1.7","","0.13","-0.73","-0.85","-0.31","-0.48","0.49",""
"2020","SFG","17.3","6.9","-6.3","-2.2","5.3","0.7","","0.38","0.41","-1.47","-0.23","0.52","0.68",""
"2012","BOS","17.1","-5.8","8.9","-4.0","-4.0","-0.2","","0.12","-0.17","0.66","-0.18","-0.15","-0.07",""
"2005","CHC","17.0","-1.4","2.2","16.2","-1.4","-9.4","-3.3","0.12","-0.05","0.42","0.86","-0.06","-2.84","-4.80"
"2012","SDP","16.8","-24.2","-7.8","6.1","-11.9","-1.7","-2.9","0.13","-0.76","-0.60","0.24","-0.47","-0.38","-1.64"
"2002","ATL","16.7","-16.3","","-16.0","-4.8","0.8","1.9","0.12","-0.53","","-0.61","-0.22","0.19","3.26"
"2016","DET","16.5","-2.2","-3.2","19.5","3.7","1.6","1.8","0.12","-0.06","-0.21","0.79","0.15","0.53","0.86"
"2003","CLE","16.3","-27.9","","-17.8","-24.7","-12.1","-0.7","0.12","-1.05","","-0.86","-0.78","-2.70","-1.13"
"2020","BOS","15.9","0.6","-5.1","13.4","-0.6","-5.0","0.5","0.33","0.04","-0.83","1.43","-0.05","-2.96","6.23"
"2007","MIL","15.8","-15.6","-8.8","25.1","29.7","-4.5","-0.2","0.11","-0.44","-1.65","1.29","1.12","-3.03","-2.40"
"2018","TEX","15.5","-23.5","-9.1","1.7","12.3","4.7","","0.12","-0.53","-0.60","0.07","0.48","1.50",""
"2010","SFG","15.4","-39.2","-4.6","-0.7","7.1","-4.0","2.9","0.12","-1.09","-0.53","-0.03","0.30","-1.41","1.28"
"2016","CHW","15.0","-33.2","-5.6","1.9","-2.9","2.0","0.7","0.11","-1.02","-0.44","0.07","-0.12","0.61","0.20"
"2020","KCR","14.3","-8.3","-2.9","-2.6","-14.0","-0.6","","0.35","-0.44","-0.54","-0.27","-1.24","-0.88",""
"2016","KCR","13.9","-41.7","-11.1","-25.2","2.4","1.2","-2.6","0.11","-1.09","-0.80","-1.04","0.10","0.31","-0.96"
"2014","HOU","13.9","-17.2","0.4","2.7","-23.5","-7.4","4.4","0.10","-0.56","0.03","0.12","-0.87","-1.61","1.79"
"2012","TOR","13.7","-14.6","-6.4","-7.5","3.4","-2.6","","0.10","-0.43","-0.42","-0.32","0.14","-0.64",""
"2020","CIN","13.3","-15.8","-1.4","-13.2","-2.5","-0.9","","0.30","-0.97","-0.27","-1.08","-0.28","-1.48",""
"2008","ARI","13.3","-44.6","3.7","-4.4","6.4","1.5","-2.9","0.09","-1.11","0.68","-0.22","0.27","0.65","-3.82"
"2006","FLA","13.2","-6.1","1.8","-13.1","10.4","-2.8","-1.1","0.10","-0.16","0.32","-0.66","0.47","-1.13","-1.29"
"2017","ATL","13.0","-9.0","-3.6","-12.3","-19.4","-3.0","","0.10","-0.23","-0.34","-0.54","-0.73","-1.11",""
"2006","MIL","12.9","-39.9","0.8","-7.9","-11.5","-0.8","","0.09","-1.06","0.20","-0.39","-0.53","-0.35",""
"2020","DET","12.6","-27.3","-8.4","-8.1","-4.4","-0.1","","0.32","-1.47","-1.88","-0.85","-0.46","-0.15",""
"2013","HOU","12.6","-42.0","-20.1","-4.7","-16.0","-3.8","2.9","0.10","-1.15","-1.40","-0.22","-0.73","-1.02","2.46"
"2018","CHW","12.5","-34.1","-5.9","-8.5","-9.0","3.6","","0.10","-0.84","-0.53","-0.33","-0.36","1.28",""
"2015","TBR","12.3","-5.3","2.1","-15.4","-5.5","-1.5","1.7","0.09","-0.16","0.20","-0.76","-0.20","-0.34","0.40"
"2016","LAA","12.3","-19.9","-1.8","10.3","-21.0","-4.3","1.7","0.10","-0.59","-0.13","0.45","-0.99","-1.09","0.60"
"2004","LAD","11.8","-5.1","-1.2","-11.9","-7.6","-3.6","7.6","0.08","-0.18","-0.89","-0.56","-0.28","-1.45","3.59"
"2013","KCR","11.7","-37.2","-2.4","-3.0","-13.2","2.5","-1.3","0.09","-1.19","-0.18","-0.13","-0.53","0.81","-0.78"
"2015","BOS","10.5","10.8","1.1","19.8","15.5","-5.9","2.7","0.07","0.29","0.08","0.97","0.70","-0.97","0.55"
"2019","TEX","10.4","-8.9","3.3","-3.9","4.3","4.2","-0.3","0.08","-0.19","0.22","-0.14","0.15","1.26","-4.75"
"2020","TOR","10.3","-3.0","2.7","10.1","1.4","1.4","1.3","0.24","-0.19","0.38","1.22","0.12","0.75","14.94"
"2021","NYY","10.2","-10.7","-8.4","5.8","-24.1","2.5","","0.09","-0.23","-0.60","0.32","-1.00","0.68",""
"2018","MIN","10.1","-16.8","0.6","-1.4","-0.7","8.2","","0.07","-0.40","0.05","-0.05","-0.03","2.45",""
"2019","TBR","9.9","-17.9","-8.6","8.0","11.8","-0.3","","0.08","-0.37","-0.48","0.33","0.41","-0.08",""
"2007","STL","9.5","-25.9","-1.0","2.1","-20.3","-2.8","0.0","0.07","-0.77","-0.18","0.10","-0.77","-1.45","1.42"
"2004","ANA","9.5","-0.5","-3.8","7.0","-9.4","-7.6","2.7","0.07","-0.02","-2.06","0.41","-0.37","-1.60","4.00"
"2007","TOR","9.2","-41.4","-11.3","14.7","7.3","-5.4","1.7","0.07","-1.22","-1.43","0.77","0.31","-1.16","0.47"
"2013","LAD","9.0","7.0","-16.2","-2.9","14.2","-3.0","","0.06","0.19","-1.55","-0.15","0.64","-0.95",""
"2020","BAL","8.8","1.7","3.4","2.4","-2.8","-1.8","","0.20","0.12","0.44","0.24","-0.31","-0.62",""
"2006","SDP","8.6","-24.7","-3.4","-8.3","-1.9","-5.0","-0.4","0.06","-0.69","-0.58","-0.38","-0.08","-1.84","-0.99"
"2005","TBD","8.5","5.2","-1.1","-4.4","9.9","-7.4","-1.3","0.07","0.16","-0.21","-0.26","0.47","-1.94","-0.32"
"2012","MIN","8.3","-10.2","-3.5","-17.9","8.0","5.3","","0.06","-0.33","-0.23","-0.75","0.37","1.72",""
"2020","COL","8.3","-10.5","4.8","-16.1","-7.7","-3.1","","0.17","-0.67","0.97","-2.11","-0.76","-1.64",""
"2015","SFG","8.1","-17.9","-3.9","19.0","0.5","4.5","","0.06","-0.55","-0.26","0.85","0.02","3.54",""
"2007","CIN","7.9","-11.1","7.0","11.6","-9.2","3.0","0.0","0.06","-0.30","1.10","0.58","-0.37","1.56","0.00"
"2008","MIN","7.7","-3.5","-7.8","9.2","-4.1","-6.8","2.4","0.05","-0.10","-0.79","0.46","-0.18","-2.57","1.46"
"2006","ARI","7.6","-21.7","7.4","-6.9","-8.5","-0.8","2.4","0.05","-0.72","1.10","-0.32","-0.36","-0.37","9.92"
"2015","SDP","7.5","-31.9","1.1","-10.7","-23.7","-3.1","","0.06","-0.93","0.10","-0.48","-0.91","-1.91",""
"2008","CIN","7.3","-38.5","-7.7","-4.7","12.0","1.8","-1.0","0.05","-1.03","-1.23","-0.25","0.55","0.34","-1.36"
"2014","KCR","7.3","-16.9","2.8","-5.5","-5.7","-5.6","1.9","0.06","-0.52","0.16","-0.22","-0.25","-1.36","1.40"
"2009","DET","7.2","-29.5","-0.2","-2.0","2.7","4.5","0.6","0.05","-0.90","-0.02","-0.10","0.12","1.75","0.53"
"2008","LAA","7.1","-16.5","7.7","-3.9","-17.2","-0.6","1.3","0.05","-0.52","0.99","-0.20","-0.74","-0.19","0.57"
"2014","TBR","6.9","-14.8","-10.1","-3.2","-12.3","3.0","1.5","0.05","-0.46","-0.66","-0.13","-0.51","0.55","0.43"
"2012","SFG","6.6","-27.7","11.2","-13.3","28.4","-1.5","","0.05","-0.83","0.85","-0.58","1.18","-0.40",""
"2017","LAD","6.6","-6.7","4.1","15.4","19.6","-2.4","","0.05","-0.18","0.28","0.64","0.81","-1.02",""
"2017","TOR","6.1","-35.7","-8.6","-20.0","-5.6","-3.2","","0.05","-0.87","-0.57","-0.70","-0.22","-0.68",""
"2020","OAK","5.9","-23.6","2.5","0.8","-5.7","-1.6","","0.13","-1.40","0.47","0.09","-0.49","-1.05",""
"2012","CLE","5.5","-20.2","-0.5","-8.0","5.7","-7.5","","0.04","-0.65","-0.04","-0.31","0.21","-1.65",""
"2003","SDP","5.5","-29.2","","-18.8","-16.2","-15.3","-1.9","0.04","-1.15","","-0.97","-0.66","-2.89","-1.20"
"2013","ARI","5.1","-31.2","-3.4","4.4","7.4","-3.4","","0.04","-0.79","-0.23","0.20","0.32","-0.80",""
"2009","CHW","5.0","-10.7","-13.3","-0.6","-1.8","3.2","-0.7","0.04","-0.29","-1.29","-0.03","-0.08","1.70","-0.27"
"2004","PIT","4.6","-7.4","-0.2","-28.5","-12.3","-4.6","","0.04","-0.27","-0.12","-1.38","-0.60","-1.15",""
"2018","LAA","4.3","-14.9","-2.3","16.2","-10.3","0.5","","0.03","-0.37","-0.14","0.71","-0.41","0.25",""
"2003","TBD","3.9","-15.4","","-7.1","-20.0","-12.1","-4.9","0.03","-0.66","","-0.30","-0.80","-2.62","-1.22"
"2009","KCR","3.4","-26.4","-12.1","-8.1","-17.8","-2.8","1.6","0.03","-0.81","-1.05","-0.44","-0.76","-1.41","1.15"
"2012","CIN","3.4","-35.8","-12.2","3.5","32.0","0.8","4.5","0.03","-0.97","-0.94","0.13","1.83","0.24","2.71"
"2006","BAL","3.3","-28.1","-7.5","6.2","10.6","-7.4","3.7","0.02","-0.86","-1.19","0.35","0.51","-2.04","0.94"
"2008","COL","3.1","4.5","-1.5","-10.0","5.2","7.7","1.7","0.02","0.13","-0.18","-0.49","0.26","2.53","7.19"
"2013","SEA","3.0","-11.6","0.4","-16.3","-13.9","3.9","-0.9","0.02","-0.35","0.03","-0.64","-0.54","1.16","-0.32"
"2005","TOR","2.9","-21.8","-1.8","-12.1","18.2","0.0","-3.3","0.02","-0.66","-0.44","-0.64","0.79","0.00","-3.50"
"2021","SDP","2.8","-7.8","-4.2","10.8","-7.0","1.7","0.3","0.03","-0.19","-0.30","0.58","-0.32","0.73","1.29"
"2014","CLE","2.0","-0.7","11.4","12.2","-11.7","-3.4","-0.5","0.01","-0.02","0.87","0.47","-0.42","-0.58","-0.56"
"2021","OAK","1.8","10.5","-7.2","-10.8","5.3","4.0","","0.02","0.26","-0.56","-0.46","0.25","1.15",""
"2019","PIT","1.7","-13.2","-11.4","6.2","-13.2","2.7","","0.01","-0.34","-0.85","0.23","-0.47","0.76",""
"2013","COL","1.7","2.1","15.2","16.7","10.7","0.8","","0.01","0.06","1.17","0.80","0.50","0.26",""
"2016","CLE","1.4","13.0","4.7","12.3","6.6","-0.1","-0.4","0.01","0.41","0.45","0.48","0.24","-0.02","-0.52"
"2017","MIA","1.1","-7.8","-0.8","18.5","3.6","-0.2","0.0","0.01","-0.21","-0.08","0.73","0.15","-0.06","-0.01"
"2010","OAK","1.0","-13.5","-12.3","-0.5","-20.4","-3.2","1.1","0.01","-0.44","-1.09","-0.02","-0.77","-1.43","0.72"
"2015","NYM","0.9","-15.8","-1.6","-9.5","-2.8","1.4","-1.2","0.01","-0.42","-0.15","-0.45","-0.12","0.63","-1.20"
"2021","CHC","0.8","-35.0","-1.2","3.9","2.1","-11.0","","0.01","-0.81","-0.09","0.22","0.09","-3.60",""
"2020","MIN","0.8","-2.7","-5.3","-0.5","2.7","0.1","","0.02","-0.16","-0.98","-0.05","0.24","0.18",""
"2006","OAK","0.7","-27.4","-1.9","-3.9","-0.1","-4.8","","0.00","-0.88","-0.36","-0.20","0.00","-1.14",""
"2017","BOS","0.3","-12.3","0.1","8.2","-15.6","-3.2","","0.00","-0.30","0.01","0.33","-0.57","-0.72",""
"2008","TOR","0.3","-17.9","-11.9","-3.5","-11.5","-3.1","4.2","0.00","-0.57","-1.15","-0.17","-0.57","-1.17","1.11"
"2012","OAK","0.2","-1.4","7.5","-3.1","-18.8","-4.7","","0.00","-0.04","0.63","-0.12","-0.74","-1.12",""
"2003","OAK","0.1","-16.2","","-9.8","-4.4","-7.0","0.1","0.00","-0.70","","-0.45","-0.18","-2.10","0.04"
"2020","WSN","0.1","2.7","4.1","-1.9","13.2","2.4","-0.1","0.00","0.16","0.61","-0.23","1.18","1.47","-4.49"
"2018","CIN","-0.1","-10.8","13.6","-7.3","-11.3","0.1","-0.1","0.00","-0.32","0.87","-0.27","-0.50","0.03","-2.32"
"2013","MIN","-0.1","-32.0","-0.6","8.3","1.0","0.1","0.3","0.00","-0.89","-0.04","0.34","0.04","0.02","0.17"
"2018","KCR","-0.1","-43.1","-6.6","-4.0","-11.8","1.6","","0.00","-1.04","-0.48","-0.15","-0.47","0.74",""
"2020","STL","-0.3","-1.0","-3.2","-3.5","-19.3","0.6","","-0.01","-0.06","-0.60","-0.35","-2.05","0.68",""
"2012","ATL","-0.3","-35.3","-1.7","-7.6","16.3","-1.0","5.7","0.00","-1.01","-0.12","-0.31","0.65","-0.21","2.77"
"2010","BAL","-0.5","-31.0","2.6","-10.0","-27.0","1.1","-1.6","0.00","-1.13","0.18","-0.47","-1.07","0.41","-0.52"
"2017","MIL","-0.5","-0.5","4.1","-7.0","-6.1","4.5","-2.1","0.00","-0.01","0.33","-0.27","-0.25","1.86","-2.32"
"2006","MIN","-0.6","-6.5","-7.0","11.6","20.5","-11.0","2.0","0.00","-0.22","-1.03","0.67","0.83","-2.58","1.06"
"2007","SDP","-1.0","-19.3","-12.8","-7.7","-29.3","1.5","3.0","-0.01","-0.62","-1.63","-0.36","-1.03","0.65","5.84"
"2002","LAD","-1.1","-26.8","","3.8","-5.8","-5.7","-0.7","-0.01","-0.93","","0.17","-0.33","-2.52","-12.31"
"2020","MIA","-1.2","-1.0","-5.4","3.7","-4.9","-4.3","","-0.03","-0.06","-0.98","0.40","-0.47","-2.54",""
"2006","SFG","-1.2","-31.7","2.8","-10.0","-9.6","-3.6","0.4","-0.01","-0.95","0.37","-0.55","-0.40","-1.35","12.43"
"2005","LAA","-1.3","-15.8","-3.8","-11.0","-10.1","-2.7","2.0","-0.01","-0.51","-0.51","-0.59","-0.41","-0.67","0.85"
"2016","NYY","-1.4","-8.5","-1.3","-13.2","5.8","-6.8","-5.6","-0.01","-0.29","-0.09","-0.52","0.22","-1.60","-1.46"
"2002","FLA","-1.6","-19.3","","8.5","-10.0","-4.7","2.9","-0.01","-0.65","","0.38","-0.47","-1.49","3.02"
"2016","NYM","-1.6","-42.8","10.4","-3.8","12.6","-3.0","","-0.01","-1.15","0.94","-0.14","0.54","-0.83",""
"2020","HOU","-1.9","0.4","-5.7","-3.3","-6.4","3.5","","-0.04","0.02","-1.09","-0.42","-0.66","2.23",""
"2015","STL","-2.0","-12.9","-8.9","-7.1","14.6","-2.1","","-0.01","-0.36","-0.57","-0.33","0.72","-0.89",""
"2017","DET","-2.1","-11.6","-1.3","-10.3","14.3","3.4","3.1","-0.02","-0.28","-0.10","-0.38","0.62","1.06","4.18"
"2013","CHW","-2.5","-44.5","-16.3","6.4","-11.1","-3.5","1.1","-0.02","-1.35","-1.07","0.30","-0.51","-0.83","0.80"
"2007","LAD","-2.8","-13.1","-4.7","8.9","-0.7","-5.7","","-0.02","-0.38","-0.66","0.43","-0.03","-3.83",""
"2021","CLE","-4.0","-5.2","-8.6","-3.0","-5.6","1.5","","-0.04","-0.12","-0.75","-0.18","-0.22","0.43",""
"2020","LAA","-4.0","1.2","3.8","9.9","4.5","0.3","","-0.08","0.07","0.58","1.02","0.55","0.21",""
"2014","NYY","-4.6","-16.6","-7.9","3.2","2.4","5.5","-1.6","-0.03","-0.65","-0.49","0.13","0.10","0.85","-0.61"
"2005","OAK","-4.8","-14.2","-1.5","0.0","4.3","-6.0","-3.1","-0.03","-0.45","-0.33","0.00","0.16","-2.04","-1.20"
"2015","CIN","-5.0","-7.1","-18.3","14.9","-13.4","-0.4","","-0.04","-0.23","-1.13","0.68","-0.56","-0.29",""
"2010","LAA","-5.2","-1.3","-7.7","0.3","-28.9","-2.5","0.6","-0.04","-0.05","-0.62","0.02","-1.06","-1.03","0.60"
"2006","SEA","-5.3","-15.8","3.1","-7.6","11.6","-13.9","-5.5","-0.04","-0.45","0.50","-0.42","0.53","-2.94","-3.46"
"2014","CHC","-5.5","-28.6","-2.1","-0.8","0.5","-6.6","","-0.04","-0.87","-0.15","-0.03","0.02","-1.54",""
"2020","TEX","-5.5","-30.2","-14.5","-9.2","-1.1","1.2","","-0.13","-1.92","-2.37","-0.99","-0.12","0.69",""
"2007","BAL","-5.7","-2.3","-15.0","2.8","1.2","-6.1","3.2","-0.04","-0.08","-1.39","0.13","0.05","-1.39","2.12"
"2021","NYM","-5.8","-8.3","-3.3","-13.1","-11.5","3.7","","-0.06","-0.24","-0.24","-0.63","-0.52","1.80",""
"2021","PHI","-6.1","-10.6","0.6","3.6","14.8","2.8","1.8","-0.06","-0.25","0.04","0.19","0.67","1.19","11.98"
"2005","PIT","-6.3","-32.7","3.5","4.2","-11.6","-5.0","-1.7","-0.05","-1.03","0.90","0.25","-0.53","-2.32","-1.78"
"2011","CHW","-6.3","-28.3","5.0","22.7","-15.2","-1.5","0.5","-0.05","-0.82","0.47","1.25","-0.64","-0.64","0.25"
"2011","LAD","-6.3","-33.6","-3.4","1.5","-7.9","1.0","0.8","-0.05","-0.94","-0.25","0.08","-0.33","0.34","0.96"
"2004","KCR","-6.4","-26.1","-5.7","-5.2","0.4","-9.1","-0.4","-0.05","-1.09","-2.45","-0.29","0.02","-2.24","-0.22"
"2021","DET","-6.5","-30.3","-7.2","2.9","13.5","-0.6","","-0.06","-0.77","-0.63","0.14","0.52","-0.14",""
"2018","PHI","-7.0","-35.9","1.6","12.4","-12.8","-3.4","","-0.05","-0.97","0.13","0.48","-0.42","-1.28",""
"2014","SEA","-7.0","-21.1","-7.4","-0.5","-12.1","4.3","-1.3","-0.05","-0.73","-0.68","-0.02","-0.48","1.23","-0.83"
"2019","ARI","-7.1","-1.6","10.9","5.1","-20.1","4.1","","-0.05","-0.04","0.74","0.21","-0.74","1.03",""
"2003","MON","-7.3","-10.7","","-28.5","-16.0","-7.5","-0.9","-0.06","-0.49","","-1.43","-0.72","-1.53","-2.74"
"2020","MIL","-7.4","-5.6","-12.7","-2.4","-6.2","-1.3","","-0.17","-0.33","-2.29","-0.22","-0.66","-1.78",""
"2014","BOS","-7.7","-30.3","12.4","-3.6","3.2","-0.5","-4.8","-0.05","-0.88","0.88","-0.16","0.12","-0.11","-1.13"
"2004","MIN","-8.0","-16.2","-2.7","1.8","21.5","-9.6","2.0","-0.07","-0.56","-0.90","0.09","0.94","-2.70","3.35"
"2006","CHC","-8.1","-23.5","-6.7","-26.6","7.1","7.1","2.4","-0.06","-0.71","-0.85","-1.34","0.33","2.41","39.95"
"2005","DET","-8.1","-21.6","-0.9","2.8","12.6","4.6","1.8","-0.07","-0.68","-0.18","0.18","0.59","1.34","1.08"
"2004","SDP","-8.6","1.6","4.2","14.8","-13.1","-0.5","-1.6","-0.06","0.05","2.03","0.82","-0.58","-0.17","-0.60"
"2020","CHC","-8.8","-13.5","7.2","-1.3","-1.2","2.5","","-0.19","-0.72","1.63","-0.13","-0.13","3.28",""
"2002","SDP","-9.2","-39.3","","-9.1","-22.7","-0.6","2.0","-0.07","-1.28","","-0.44","-1.20","-0.16","1.25"
"2017","TBR","-9.2","-28.1","4.8","0.8","1.2","-3.7","0.5","-0.07","-0.68","0.37","0.04","0.05","-0.98","0.55"
"2016","MIA","-9.6","-32.5","-7.7","5.6","-0.4","1.7","","-0.07","-0.76","-0.71","0.26","-0.02","0.89",""
"2020","TBR","-9.9","4.3","-1.3","12.0","8.0","-0.7","","-0.22","0.29","-0.16","1.28","0.61","-0.32",""
"2014","MIA","-10.9","-26.5","-1.4","10.4","-8.2","0.6","","-0.08","-0.83","-0.09","0.43","-0.32","0.19",""
"2020","CLE","-11.0","-11.6","-10.1","-0.7","-1.3","2.3","","-0.23","-0.61","-2.59","-0.07","-0.11","2.72",""
"2011","PIT","-11.2","-38.3","-11.0","-5.5","-18.8","-2.3","-2.2","-0.08","-0.98","-0.82","-0.26","-0.79","-0.62","-0.83"
"2019","KCR","-11.2","-47.0","4.8","-11.2","-19.7","-2.6","","-0.09","-0.98","0.38","-0.46","-0.72","-1.16",""
"2014","ARI","-11.3","-20.4","-4.6","-4.7","-6.3","5.9","","-0.08","-0.59","-0.29","-0.22","-0.31","1.62",""
"2010","LAD","-11.7","-26.0","-3.7","-4.2","2.6","-0.3","-2.2","-0.08","-0.74","-0.38","-0.19","0.11","-0.10","-1.56"
"2007","KCR","-11.8","-52.6","-7.4","-10.7","-9.5","-2.7","0.6","-0.09","-1.46","-1.47","-0.57","-0.43","-0.63","0.98"
"2005","SDP","-11.9","-11.3","0.4","-13.6","4.7","-4.2","","-0.08","-0.36","0.09","-0.70","0.20","-2.11",""
"2007","SEA","-11.9","-5.8","-6.1","22.0","2.2","12.5","","-0.09","-0.18","-1.39","1.21","0.10","2.49",""
"2004","TOR","-12.1","-24.0","-0.2","-1.6","-6.5","-3.1","-2.9","-0.09","-0.81","-0.05","-0.09","-0.28","-0.96","-0.72"
"2014","MIL","-12.5","-14.8","11.6","12.3","-1.7","4.2","2.3","-0.10","-0.47","0.86","0.63","-0.08","1.35","2.51"
"2018","NYM","-12.7","-25.8","-5.0","3.8","-13.1","3.0","-0.6","-0.09","-0.71","-0.34","0.15","-0.47","0.92","-1.44"
"2015","PHI","-12.7","-22.8","0.8","-13.0","-18.5","3.8","0.0","-0.09","-0.88","0.07","-0.49","-0.77","2.41","0.03"
"2018","PIT","-12.8","-5.7","-9.5","7.8","12.5","-3.8","","-0.10","-0.14","-0.69","0.32","0.54","-1.16",""
"2016","CIN","-12.9","-30.1","-2.9","5.9","1.3","-5.1","","-0.09","-0.97","-0.20","0.27","0.06","-2.44",""
"2003","CIN","-13.1","-17.9","","-16.2","-16.8","-14.0","","-0.10","-0.71","","-0.80","-0.67","-2.88",""
"2009","HOU","-13.1","-40.7","-9.0","-0.5","-13.7","-1.9","-0.7","-0.10","-1.08","-1.18","-0.03","-0.60","-0.56","-2.97"
"2007","HOU","-13.3","-21.6","-5.8","13.4","-15.7","0.0","","-0.09","-0.62","-1.02","0.68","-0.60","-0.01",""
"2012","PHI","-13.4","-3.4","-3.5","1.0","1.2","-0.3","1.8","-0.10","-0.10","-0.35","0.04","0.05","-0.07","0.72"
"2005","FLA","-14.5","-6.4","-3.1","-2.1","9.2","-0.3","","-0.10","-0.19","-0.95","-0.10","0.43","-0.11",""
"2014","CIN","-14.6","-43.4","-9.1","10.2","-8.1","4.7","1.4","-0.11","-1.36","-0.68","0.48","-0.38","1.52","1.24"
"2010","WSN","-14.7","-20.7","-8.8","0.0","8.4","-6.8","-1.1","-0.11","-0.59","-1.00","0.00","0.34","-1.85","-0.33"
"2020","SEA","-14.9","-12.7","-0.6","-4.8","-8.0","4.3","","-0.33","-0.82","-0.17","-0.52","-0.69","3.02",""
"2002","NYM","-15.2","-36.8","","-13.1","3.3","-3.0","0.0","-0.10","-1.35","","-0.53","0.14","-0.98","0.00"
"2021","LAA","-15.6","4.2","4.1","-6.4","-0.4","-3.0","","-0.15","0.10","0.35","-0.36","-0.02","-1.02",""
"2017","CHW","-15.6","-11.0","-5.5","-2.6","-1.4","-0.3","","-0.12","-0.30","-0.36","-0.10","-0.06","-0.15",""
"2017","PHI","-15.7","-30.6","4.2","0.4","-8.3","2.8","-1.8","-0.11","-0.84","0.41","0.02","-0.31","1.10","-0.78"
"2007","PIT","-16.0","-18.9","-4.2","-9.0","2.6","-4.8","","-0.11","-0.59","-0.63","-0.44","0.11","-2.05",""
"2012","PIT","-16.0","-30.8","5.5","-2.6","12.1","-1.3","-2.5","-0.12","-0.87","0.41","-0.11","0.60","-0.31","-1.32"
"2016","OAK","-16.4","-44.3","-0.4","-1.5","-13.9","-7.7","1.2","-0.13","-1.24","-0.03","-0.06","-0.54","-1.60","1.71"
"2015","MIL","-16.7","-32.9","-4.8","10.3","-7.2","-3.5","","-0.12","-0.96","-0.35","0.61","-0.32","-1.96",""
"2017","KCR","-16.7","-25.7","-14.9","-14.2","-0.2","2.6","","-0.14","-0.63","-1.06","-0.53","-0.01","0.95",""
"2014","NYM","-16.8","-33.0","1.8","-4.3","6.2","-1.3","","-0.12","-1.00","0.14","-0.19","0.25","-0.46",""
"2008","KCR","-16.8","-29.2","-16.5","-9.0","5.7","3.1","-3.6","-0.13","-0.83","-1.81","-0.50","0.28","1.36","-4.22"
"2006","KCR","-17.0","-27.0","6.5","0.2","-10.4","-5.5","-1.8","-0.12","-0.80","0.86","0.01","-0.45","-1.58","-2.14"
"2021","ARI","-17.2","-33.9","-12.8","-4.3","18.8","0.8","","-0.16","-0.85","-0.88","-0.24","0.73","0.25",""
"2012","HOU","-17.5","-31.5","-12.1","-7.6","-15.4","-2.8","-2.3","-0.13","-0.94","-0.97","-0.30","-0.82","-0.70","-1.60"
"2012","CHC","-17.7","-16.8","-12.0","-19.4","-1.8","-2.6","","-0.14","-0.50","-0.92","-0.70","-0.08","-0.88",""
"2004","FLA","-17.8","-11.4","-2.9","-15.9","-10.3","2.4","4.1","-0.13","-0.40","-1.24","-0.88","-0.45","0.76","8.60"
"2018","SEA","-17.9","-9.3","-1.2","-6.6","8.5","3.2","3.5","-0.14","-0.23","-0.10","-0.30","0.37","0.95","2.36"
"2015","CHW","-18.0","8.1","-11.2","-19.6","-21.4","3.2","-1.2","-0.13","0.28","-0.78","-0.94","-0.82","0.82","-0.44"
"2004","NYM","-18.1","-33.3","1.9","-18.5","-12.6","-4.2","0.5","-0.12","-1.09","2.30","-0.95","-0.55","-1.32","1.86"
"2005","LAD","-18.1","-28.3","-6.5","-2.6","-1.4","0.6","","-0.13","-0.92","-1.76","-0.13","-0.05","0.26",""
"2020","ARI","-18.2","3.8","2.5","5.9","-14.2","0.3","","-0.40","0.23","0.61","0.81","-1.18","0.22",""
"2009","NYM","-18.4","-11.6","3.8","-5.7","-13.9","0.0","-0.8","-0.13","-0.40","0.38","-0.31","-0.61","0.01","-0.94"
"2009","PIT","-18.7","-23.4","-18.8","-24.4","-11.8","3.3","0.8","-0.14","-0.67","-1.86","-1.20","-0.51","0.83","1.71"
"2014","TEX","-18.9","-23.8","-7.0","13.9","5.7","-1.0","3.1","-0.14","-0.76","-0.45","0.61","0.26","-0.26","1.56"
"2021","BAL","-19.3","-7.2","7.7","-10.1","-8.5","-0.1","","-0.19","-0.18","0.49","-0.51","-0.37","-0.03",""
"2017","LAA","-19.9","-32.8","0.7","-6.3","-16.2","0.0","","-0.15","-0.87","0.06","-0.26","-0.64","0.01",""
"2002","TBD","-19.9","-17.4","","-12.5","-9.0","-2.7","-6.0","-0.15","-0.71","","-0.48","-0.46","-0.75","-1.51"
"2007","CHW","-20.3","-25.1","-11.3","-23.9","6.4","-4.7","-2.6","-0.14","-0.73","-1.62","-1.22","0.27","-1.22","-1.58"
"2008","HOU","-20.6","-21.1","-0.2","16.2","-0.8","0.0","","-0.15","-0.58","-0.04","0.90","-0.04","0.00",""
"2008","PIT","-20.7","-27.4","9.3","4.5","-6.3","-1.0","0.1","-0.15","-0.67","1.05","0.21","-0.30","-0.32","1.78"
"2019","SDP","-20.9","-40.7","3.1","-25.3","-6.4","-1.6","0.3","-0.17","-0.89","0.24","-0.98","-0.28","-0.68","4.94"
"2011","WSN","-21.2","-5.2","-7.6","0.8","-12.0","-10.0","3.6","-0.16","-0.15","-0.53","0.04","-0.53","-2.10","1.06"
"2011","LAA","-21.5","-8.7","-1.1","7.9","-1.4","8.0","0.0","-0.16","-0.27","-0.09","0.38","-0.05","2.31","0.13"
"2009","SEA","-22.0","-17.8","-20.5","-4.6","-11.2","-3.2","2.0","-0.16","-0.53","-1.34","-0.24","-0.58","-1.43","1.51"
"2018","BAL","-22.5","-26.8","-7.5","-13.8","-20.3","0.4","-2.7","-0.18","-0.67","-0.49","-0.59","-0.75","0.10","-1.55"
"2005","HOU","-22.8","-18.4","-4.5","5.3","-3.0","1.6","","-0.16","-0.56","-0.88","0.30","-0.13","1.03",""
"2005","KCR","-23.2","-18.4","0.4","-26.3","-6.3","-3.1","-0.1","-0.18","-0.57","0.10","-1.76","-0.32","-0.83","-0.18"
"2015","MIN","-23.2","0.5","-5.6","-2.0","-5.7","7.6","0.1","-0.18","0.01","-0.38","-0.10","-0.22","1.67","0.12"
"2021","KCR","-23.5","-12.5","-6.4","-12.3","3.8","5.3","-0.2","-0.24","-0.29","-0.60","-0.61","0.17","1.49","-2.67"
"2019","TOR","-23.8","-15.7","4.2","-14.9","-20.6","6.8","0.8","-0.19","-0.35","0.29","-0.59","-0.79","1.49","4.02"
"2005","MIN","-24.0","-26.5","-10.5","-8.2","-2.4","-13.7","-2.5","-0.19","-0.84","-2.15","-0.51","-0.12","-2.88","-3.12"
"2010","CLE","-24.7","-15.2","-5.4","-3.5","-0.6","-0.8","-0.6","-0.18","-0.45","-0.44","-0.18","-0.02","-0.29","-0.25"
"2021","SEA","-25.5","-33.4","15.2","-2.8","-15.3","-6.2","","-0.24","-0.82","1.39","-0.12","-0.56","-1.92",""
"2011","SDP","-25.8","-31.4","-19.0","-7.5","-35.9","-5.8","2.2","-0.19","-0.81","-1.79","-0.38","-1.46","-1.69","1.63"
"2014","STL","-26.9","-10.8","-4.4","9.7","3.2","2.5","","-0.19","-0.37","-0.27","0.43","0.15","0.90",""
"2015","MIA","-27.1","-23.4","-1.6","-1.0","0.5","-5.8","0.4","-0.20","-0.73","-0.15","-0.05","0.02","-2.45","0.44"
"2018","ARI","-27.2","-0.6","-12.7","2.9","-2.1","-0.7","","-0.20","-0.01","-1.04","0.12","-0.08","-0.37",""
"2013","SDP","-27.6","-4.1","-11.1","-0.9","-1.6","-2.9","","-0.21","-0.12","-0.91","-0.04","-0.06","-0.63",""
"2002","BAL","-27.7","-8.0","","-21.8","-17.9","-7.0","1.2","-0.19","-0.32","","-0.84","-0.84","-1.51","0.34"
"2006","TBD","-27.9","-18.2","-0.2","-2.4","-7.1","-6.7","-1.7","-0.21","-0.60","-0.03","-0.12","-0.30","-1.55","-0.72"
"2005","WSN","-28.2","-29.3","-0.3","-22.7","-5.1","-4.3","","-0.20","-0.91","-0.07","-1.31","-0.21","-1.33",""
"2021","TEX","-28.3","-19.5","-9.4","-11.1","-18.8","-10.9","","-0.27","-0.54","-0.73","-0.64","-0.76","-3.07",""
"2018","MIA","-29.0","-49.6","-6.8","-15.6","-12.6","-4.9","","-0.22","-1.21","-0.60","-0.59","-0.56","-1.44",""
"2019","CHW","-29.2","-11.7","-4.3","0.4","-2.2","-1.4","0.8","-0.23","-0.27","-0.33","0.02","-0.08","-0.61","1.31"
"2013","NYY","-29.2","-5.1","-14.7","7.0","-10.0","-1.5","-5.3","-0.22","-0.17","-1.10","0.33","-0.44","-0.29","-1.41"
"2013","MIL","-29.5","-12.7","3.5","3.1","23.7","3.4","","-0.22","-0.39","0.24","0.13","1.39","0.91",""
"2009","CIN","-30.6","-25.2","-13.0","1.2","-0.9","-1.6","1.8","-0.23","-0.66","-1.48","0.06","-0.04","-0.36","2.97"
"2004","TBD","-30.7","-15.6","-3.0","-6.9","-5.4","-6.6","-3.5","-0.24","-0.59","-1.63","-0.36","-0.22","-1.85","-1.29"
"2009","OAK","-30.7","16.5","-4.5","-20.1","-4.5","-0.6","-1.6","-0.21","0.54","-0.41","-0.88","-0.20","-0.21","-0.71"
"2021","STL","-30.8","-11.9","1.8","0.0","16.7","-2.9","","-0.30","-0.29","0.19","0.00","0.77","-1.14",""
"2013","PHI","-31.2","-21.3","6.8","-17.0","1.8","4.5","","-0.24","-0.67","0.57","-0.69","0.08","0.99",""
"2014","ATL","-31.3","-35.0","-12.3","-4.2","3.3","-1.1","","-0.24","-0.97","-0.82","-0.20","0.16","-0.49",""
"2016","PHI","-31.4","-24.7","-11.3","-20.5","-14.7","3.6","-0.7","-0.23","-0.73","-1.26","-0.91","-0.60","2.45","-0.73"
"2014","SDP","-31.5","-23.1","0.9","-33.2","-35.0","0.8","","-0.25","-0.74","0.07","-1.31","-1.30","0.27",""
"2011","HOU","-31.7","-35.3","15.5","-19.8","-13.2","2.2","9.0","-0.24","-1.01","1.20","-0.86","-0.64","0.66","3.98"
"2013","WSN","-32.1","-12.9","11.6","-0.6","23.8","-4.5","","-0.23","-0.39","0.88","-0.03","1.14","-1.23",""
"2013","SFG","-32.1","1.6","-17.9","2.8","11.3","9.9","-5.2","-0.23","0.05","-1.71","0.11","0.48","3.45","-2.72"
"2011","ATL","-32.7","-14.2","0.6","-1.3","-7.2","2.2","-1.9","-0.25","-0.41","0.05","-0.06","-0.29","0.52","-0.60"
"2010","FLA","-33.3","0.4","7.3","6.2","7.6","9.5","0.2","-0.25","0.01","0.59","0.26","0.32","2.79","0.06"
"2006","HOU","-33.4","-23.0","-15.9","5.2","2.9","-2.1","","-0.23","-0.65","-1.74","0.26","0.13","-1.19",""
"2020","PIT","-33.6","-18.1","2.6","-11.0","-5.3","-2.4","","-0.79","-1.20","0.44","-1.07","-0.55","-4.94",""
"2012","LAD","-33.9","-18.8","-7.5","-0.1","-16.3","3.1","-3.0","-0.24","-0.60","-0.56","0.00","-0.73","0.93","-2.65"
"2012","MIA","-34.5","-16.9","18.3","-8.7","-26.6","2.2","-7.6","-0.26","-0.57","1.47","-0.40","-1.06","0.62","-1.42"
"2011","PHI","-34.8","-1.7","5.9","22.7","5.3","7.0","-0.6","-0.26","-0.05","0.55","1.01","0.19","1.38","-0.35"
"2006","PIT","-35.5","-43.6","-6.3","-17.5","9.3","-5.1","","-0.25","-1.12","-0.97","-0.88","0.45","-2.12",""
"2010","NYM","-35.6","-25.1","3.0","-13.7","7.7","3.5","2.3","-0.26","-0.75","0.29","-0.67","0.31","0.92","5.68"
"2004","SEA","-35.7","-40.8","-4.7","4.2","7.7","-6.1","5.0","-0.26","-1.29","-2.15","0.22","0.33","-1.89","2.72"
"2016","ATL","-35.7","-56.0","-1.6","6.8","11.8","0.7","-0.4","-0.26","-1.49","-0.15","0.30","0.60","0.44","-0.39"
"2017","PIT","-35.9","-32.3","7.8","-6.8","-13.0","-0.3","1.0","-0.26","-0.88","0.61","-0.29","-0.54","-0.10","0.62"
"2012","SEA","-35.9","-40.6","-1.8","-8.6","-11.8","-3.0","","-0.27","-1.34","-0.12","-0.35","-0.50","-0.72",""
"2008","LAD","-37.1","-12.5","1.4","-0.2","1.2","-1.9","0.5","-0.26","-0.33","0.32","-0.01","0.05","-0.70","1.23"
"2008","SEA","-38.0","-21.9","-0.1","-11.6","-0.3","-0.8","-4.2","-0.27","-0.67","-0.01","-0.67","-0.02","-0.34","-2.68"
"2008","SDP","-40.2","-42.1","-4.7","-7.9","-16.0","4.9","","-0.27","-1.26","-0.62","-0.40","-0.69","1.16",""
"2014","PHI","-41.5","10.2","-6.2","-16.3","5.3","-4.7","0.0","-0.29","0.32","-0.51","-0.69","0.22","-1.45","0.01"
"2004","MIL","-41.9","-45.0","-0.5","2.4","-11.9","-3.1","0.1","-0.33","-1.51","-0.96","0.12","-0.59","-1.01","0.20"
"2005","SEA","-42.0","-23.2","3.2","-6.6","-1.8","6.3","0.9","-0.31","-0.73","0.78","-0.41","-0.09","2.19","0.54"
"2008","OAK","-42.3","-44.2","-17.8","-8.9","-17.4","2.4","4.1","-0.29","-1.43","-1.56","-0.45","-0.76","0.93","1.39"
"2011","SFG","-42.5","-53.4","3.3","-7.0","6.1","-2.2","1.9","-0.32","-1.49","0.29","-0.34","0.26","-0.78","1.42"
"2009","SDP","-42.5","-39.1","-6.7","-17.3","-4.2","7.3","","-0.29","-1.18","-0.70","-0.80","-0.20","1.89",""
"2002","MIL","-43.1","-15.5","","-20.1","1.3","-9.4","0.5","-0.33","-0.58","","-0.77","0.08","-2.89","0.39"
"2016","SDP","-43.1","-39.6","-8.9","-10.4","-0.2","6.8","2.3","-0.32","-1.12","-0.70","-0.42","-0.01","2.35","2.93"
"2017","SFG","-43.8","-31.1","-11.0","-19.4","-14.7","3.2","-2.6","-0.33","-0.85","-0.96","-0.81","-0.61","1.97","-1.71"
"2012","NYM","-44.1","-24.9","15.0","-8.6","9.2","5.1","","-0.32","-0.81","1.18","-0.33","0.39","1.33",""
"2011","OAK","-45.3","-24.8","-7.6","-0.4","0.2","3.2","3.6","-0.32","-0.86","-0.54","-0.02","0.01","0.93","2.56"
"2013","NYM","-46.1","-27.5","5.1","6.0","-15.5","-1.1","","-0.32","-0.82","0.39","0.26","-0.65","-0.35",""
"2005","SFG","-47.3","-25.5","-2.0","-10.4","3.0","-4.3","","-0.38","-0.79","-0.49","-0.54","0.12","-1.38",""
"2021","MIA","-48.4","-21.4","-0.3","-5.3","-1.5","-5.3","","-0.46","-0.52","-0.02","-0.25","-0.08","-1.60",""
"2021","PIT","-49.6","-30.5","7.2","-12.3","-4.1","-6.4","1.3","-0.48","-0.83","0.56","-0.60","-0.18","-1.82","5.48"
"2018","SFG","-50.6","-38.0","-0.1","-3.9","-29.7","-3.0","","-0.38","-0.98","-0.01","-0.16","-1.18","-1.12",""
"2018","SDP","-51.0","-29.0","-0.2","-18.6","-18.0","0.4","","-0.39","-0.82","-0.01","-0.65","-0.75","0.23",""
"2010","HOU","-51.3","-38.9","-4.5","-8.3","-14.0","-4.1","-3.6","-0.40","-1.10","-0.43","-0.40","-0.67","-1.30","-1.82"
"2018","DET","-51.4","-19.9","-11.4","3.1","4.9","-7.3","-2.1","-0.40","-0.53","-1.09","0.12","0.18","-2.55","-2.64"
"2010","PIT","-51.9","-20.3","-5.8","-5.6","-6.4","-5.8","-2.6","-0.40","-0.56","-0.66","-0.27","-0.26","-1.74","-2.61"
"2008","WSN","-52.5","-34.3","5.3","-3.2","-13.3","-1.3","2.2","-0.37","-0.98","0.99","-0.17","-0.55","-0.55","5.87"
"2008","SFG","-53.9","-22.7","-2.2","-19.2","11.8","0.9","0.7","-0.39","-0.74","-0.35","-1.01","0.51","0.28","4.91"
"2002","PIT","-54.0","-11.2","","-7.4","5.0","-5.8","1.4","-0.38","-0.43","","-0.32","0.28","-1.86","4.46"
"2002","DET","-54.6","-27.2","","-22.9","-22.6","-4.3","0.3","-0.43","-1.23","","-0.94","-1.15","-1.24","0.23"
"2019","SFG","-57.3","-34.8","-11.6","-2.9","-8.0","-7.8","0.3","-0.44","-0.87","-0.77","-0.11","-0.30","-1.95","34.42"
"2009","SFG","-57.8","-32.4","0.6","-31.3","11.7","-1.5","-1.1","-0.45","-1.09","0.06","-1.27","0.55","-0.56","-6.72"
"2003","NYM","-57.9","-31.4","","-3.8","-21.5","-9.6","","-0.38","-1.30","","-0.17","-0.81","-3.26",""
"2015","ATL","-58.6","-19.7","-2.9","-10.8","-5.6","-2.3","-0.5","-0.44","-0.61","-0.24","-0.54","-0.23","-0.88","-0.60"
"2007","MIN","-64.2","6.9","1.0","0.6","-14.5","-3.8","0.3","-0.46","0.21","0.20","0.03","-0.60","-0.86","0.21"
"2003","LAD","-66.5","-27.1","","-21.0","-32.3","-10.9","0.3","-0.50","-1.09","","-1.01","-1.34","-3.08","1.06"
"2004","MON","-67.2","-6.6","1.3","2.0","-29.0","-4.1","0.8","-0.53","-0.28","0.78","0.11","-1.25","-1.66","1.03"
"2003","DET","-67.3","-25.8","","-8.4","-18.1","-12.9","-3.9","-0.49","-1.28","","-0.44","-0.62","-3.49","-2.07"
"2019","DET","-67.6","-43.2","-11.6","-4.3","-31.3","0.0","0.2","-0.55","-0.95","-0.84","-0.17","-1.26","0.01","0.92"
"2007","WSN","-69.4","-20.2","4.5","-16.5","-3.6","3.6","0.0","-0.48","-0.60","0.89","-0.95","-0.13","1.69","4.42"
"2010","SDP","-70.3","-8.9","-8.9","3.7","-2.9","-0.1","","-0.49","-0.27","-1.06","0.19","-0.12","-0.04",""
"2007","SFG","-72.2","-32.4","-3.8","-2.7","-1.2","-4.1","1.2","-0.52","-1.15","-0.78","-0.13","-0.05","-1.43","1.58"
"2011","MIN","-73.6","-12.2","-10.3","-4.2","10.3","-3.1","3.3","-0.53","-0.42","-0.70","-0.19","0.46","-1.28","1.92"
"2017","SDP","-74.4","-40.0","0.7","-25.4","16.6","11.2","1.9","-0.58","-1.13","0.05","-0.87","0.92","6.42","2.34"
"2019","MIA","-87.1","-38.6","-9.4","-5.4","-23.7","-7.1","","-0.70","-0.88","-0.75","-0.22","-1.02","-2.63",""
"2011","SEA","-95.2","-30.0","-11.6","-3.9","2.6","0.5","4.1","-0.72","-0.98","-0.75","-0.18","0.12","0.18","1.66"
"2004","ARI","-100.2","-2.8","-4.7","-9.0","-21.1","-8.0","","-0.76","-0.11","-2.88","-0.50","-0.89","-2.67",""
"2013","MIA","-100.8","-37.2","-5.5","-8.6","-16.4","-0.1","","-0.77","-1.11","-0.40","-0.40","-0.71","-0.02",""
"2010","SEA","-101.9","-31.4","-6.5","-7.3","-28.7","-3.5","2.2","-0.76","-1.04","-0.47","-0.33","-1.17","-1.47","2.64"
