"Season","Team","O-Swing%","Z-Swing%","Swing%","O-Contact%","Z-Contact%","Contact%","Zone%","F-Strike%","SwStr%","CStr%","CSW%"
"2002","OAK","15.0%","66.1%","42.8%","50.9%","86.6%","80.9%","54.3%","55.1%","8.2%","18.8%","27.0%"
"2004","NYY","15.4%","68.0%","43.1%","55.8%","86.5%","81.3%","52.6%","55.3%","8.0%","17.0%","25.0%"
"2002","ARI","15.6%","67.6%","43.7%","46.6%","86.3%","79.8%","54.0%","55.2%","8.8%","17.2%","26.0%"
"2002","KCR","15.9%","68.6%","45.3%","53.4%","88.4%","82.9%","55.8%","57.7%","7.8%","17.0%","24.8%"
"2002","SEA","16.0%","68.5%","44.0%","51.4%","87.4%","81.3%","53.4%","57.0%","8.2%","17.3%","25.5%"
"2002","SFG","16.4%","72.0%","46.8%","45.3%","86.2%","79.7%","54.8%","59.0%","9.4%","15.1%","24.5%"
"2002","PIT","16.4%","68.9%","45.9%","46.1%","83.9%","78.0%","56.2%","59.1%","10.0%","17.2%","27.2%"
"2005","PHI","16.7%","64.2%","42.3%","47.4%","88.4%","81.0%","53.8%","56.6%","8.0%","18.8%","26.7%"
"2002","CLE","16.8%","68.7%","45.1%","48.3%","86.2%","79.8%","54.5%","57.9%","9.1%","17.1%","26.2%"
"2005","BOS","17.0%","67.0%","43.8%","51.7%","89.4%","82.6%","53.6%","57.8%","7.6%","17.5%","25.1%"
"2002","CHW","17.1%","67.9%","44.3%","53.2%","87.3%","81.2%","53.5%","57.6%","8.3%","17.2%","25.6%"
"2002","ATL","17.1%","72.4%","47.4%","47.7%","84.6%","78.6%","54.8%","58.9%","10.1%","15.0%","25.0%"
"2004","CLE","17.3%","67.0%","43.4%","58.9%","87.1%","81.8%","52.6%","57.2%","7.8%","17.6%","25.4%"
"2002","PHI","17.4%","67.8%","44.3%","46.6%","86.3%","79.0%","53.4%","57.7%","9.2%","17.3%","26.6%"
"2005","NYY","17.6%","66.5%","43.3%","51.4%","89.1%","81.9%","52.6%","57.5%","7.8%","17.6%","25.4%"
"2002","HOU","17.6%","70.1%","45.9%","46.1%","85.0%","78.1%","54.0%","58.0%","10.0%","16.4%","26.4%"
"2004","BOS","17.7%","68.8%","44.2%","55.2%","86.0%","80.1%","51.9%","57.5%","8.7%","17.3%","26.0%"
"2002","NYY","17.8%","70.8%","45.4%","46.8%","84.6%","77.5%","52.2%","56.4%","10.2%","15.9%","26.1%"
"2002","BOS","17.8%","70.7%","46.4%","49.0%","87.6%","80.8%","54.1%","56.6%","8.9%","16.4%","25.3%"
"2002","STL","17.8%","69.6%","46.4%","53.0%","86.8%","81.0%","55.1%","58.0%","8.8%","16.6%","25.3%"
"2002","ANA","18.1%","69.9%","47.1%","55.1%","88.3%","82.7%","55.9%","58.8%","8.1%","16.7%","24.9%"
"2002","MIL","18.1%","70.9%","46.8%","43.8%","83.1%","76.2%","54.3%","59.8%","11.1%","15.8%","26.9%"
"2004","LAD","18.3%","68.3%","45.6%","55.5%","85.7%","80.2%","54.7%","57.4%","9.0%","17.3%","26.3%"
"2002","SDP","18.4%","70.1%","46.3%","48.7%","84.6%","78.1%","54.1%","58.8%","10.1%","16.1%","26.2%"
"2005","SDP","18.4%","65.8%","43.0%","54.8%","89.2%","82.1%","51.9%","57.4%","7.6%","17.9%","25.6%"
"2003","SEA","18.4%","66.1%","43.2%","49.6%","90.0%","81.7%","51.9%","57.8%","7.9%","18.4%","26.3%"
"2004","CHW","18.5%","71.0%","47.0%","57.6%","85.4%","80.4%","54.3%","60.9%","9.2%","16.1%","25.2%"
"2004","ATL","18.5%","71.6%","47.2%","58.9%","81.8%","77.7%","54.0%","58.9%","10.5%","15.3%","25.7%"
"2002","FLA","18.6%","69.0%","45.8%","48.1%","85.3%","78.3%","54.0%","57.7%","9.9%","16.7%","26.6%"
"2002","COL","18.6%","70.6%","47.5%","51.0%","85.4%","79.4%","55.6%","59.2%","9.8%","16.1%","25.9%"
"2002","CHC","18.6%","72.1%","46.9%","42.9%","82.3%","74.9%","52.9%","57.3%","11.7%","15.1%","26.8%"
"2004","PHI","18.7%","67.1%","44.0%","59.9%","85.5%","80.3%","52.4%","58.4%","8.6%","17.7%","26.3%"
"2002","CIN","18.7%","72.4%","47.8%","49.0%","82.1%","76.1%","54.2%","58.7%","11.3%","15.0%","26.3%"
"2005","LAD","18.7%","66.7%","44.5%","46.1%","87.8%","79.6%","53.7%","57.1%","9.0%","17.6%","26.6%"
"2005","NYM","18.7%","67.4%","46.0%","48.4%","87.9%","80.8%","56.0%","59.2%","8.7%","17.6%","26.3%"
"2004","CIN","18.8%","68.0%","44.2%","59.2%","81.2%","76.7%","51.6%","59.3%","10.3%","17.6%","27.8%"
"2002","TOR","18.9%","69.9%","46.3%","51.8%","84.5%","78.3%","53.7%","58.8%","10.0%","16.6%","26.6%"
"2002","NYM","18.9%","69.7%","46.8%","52.9%","85.2%","79.3%","54.9%","58.5%","9.7%","16.6%","26.3%"
"2002","BAL","18.9%","70.8%","47.3%","52.5%","87.1%","80.8%","54.8%","59.7%","9.1%","16.4%","25.5%"
"2004","SDP","19.1%","69.2%","44.9%","63.7%","87.4%","82.5%","51.5%","57.8%","7.8%","16.7%","24.5%"
"2002","MIN","19.2%","73.0%","48.6%","45.0%","84.7%","77.6%","54.7%","59.7%","10.9%","14.7%","25.6%"
"2004","TOR","19.2%","67.7%","44.8%","61.0%","85.6%","80.6%","52.8%","58.5%","8.7%","18.0%","26.6%"
"2002","TEX","19.3%","70.6%","46.9%","50.8%","84.9%","78.4%","53.8%","58.8%","10.1%","16.1%","26.2%"
"2004","NYM","19.3%","68.4%","45.7%","59.5%","84.3%","79.4%","53.6%","59.9%","9.3%","17.5%","26.8%"
"2007","OAK","19.4%","63.4%","42.3%","56.3%","87.6%","80.8%","52.1%","58.6%","8.1%","19.0%","27.1%"
"2004","STL","19.5%","70.5%","46.7%","59.4%","83.4%","78.7%","53.3%","60.4%","9.8%","16.0%","25.9%"
"2005","HOU","19.5%","69.2%","47.0%","49.5%","87.8%","80.7%","55.3%","60.2%","9.0%","16.5%","25.4%"
"2004","OAK","19.6%","66.5%","43.1%","65.1%","86.0%","81.3%","50.1%","56.9%","8.0%","18.3%","26.3%"
"2005","OAK","19.7%","62.8%","42.2%","64.7%","91.0%","85.1%","52.2%","59.7%","6.3%","20.3%","26.6%"
"2004","SEA","19.7%","69.1%","45.8%","61.7%","85.9%","81.0%","52.8%","58.6%","8.6%","17.1%","25.7%"
"2006","OAK","19.8%","64.4%","42.9%","61.7%","88.9%","82.9%","51.8%","57.2%","7.3%","18.2%","25.5%"
"2004","BAL","19.9%","68.1%","45.4%","62.8%","87.7%","82.6%","52.9%","56.9%","7.9%","17.4%","25.3%"
"2003","CHW","19.9%","68.7%","45.4%","54.1%","89.0%","81.7%","52.3%","58.1%","8.3%","17.4%","25.7%"
"2005","WSN","19.9%","67.6%","46.1%","46.3%","87.9%","79.8%","55.0%","59.9%","9.2%","17.3%","26.5%"
"2005","STL","19.9%","68.8%","46.5%","51.8%","88.7%","81.5%","54.4%","59.3%","8.5%","16.7%","25.2%"
"2005","ARI","20.0%","65.8%","43.9%","53.8%","86.9%","79.7%","52.1%","57.4%","8.8%","17.7%","26.6%"
"2002","LAD","20.1%","69.4%","47.2%","55.8%","87.4%","81.4%","54.9%","58.9%","8.8%","16.8%","25.6%"
"2003","NYY","20.1%","68.5%","44.2%","47.0%","87.9%","78.5%","49.7%","56.5%","9.5%","16.9%","26.4%"
"2003","CLE","20.3%","67.5%","45.1%","48.7%","88.0%","79.6%","52.5%","59.7%","9.2%","18.0%","27.2%"
"2003","BOS","20.3%","70.8%","46.1%","52.8%","90.0%","82.0%","51.0%","57.2%","8.2%","16.3%","24.5%"
"2005","FLA","20.3%","63.7%","44.0%","57.5%","88.6%","82.1%","54.5%","59.0%","7.8%","19.1%","26.9%"
"2003","PHI","20.3%","66.1%","43.4%","49.4%","86.5%","77.9%","50.5%","56.6%","9.6%","18.2%","27.8%"
"2006","CIN","20.3%","66.2%","44.1%","49.5%","87.1%","78.7%","51.9%","58.2%","9.3%","17.1%","26.4%"
"2005","CLE","20.3%","67.4%","45.3%","50.2%","88.4%","80.3%","53.0%","58.3%","8.9%","17.2%","26.1%"
"2007","BOS","20.4%","63.4%","42.3%","60.6%","89.1%","82.3%","50.9%","57.2%","7.4%","18.5%","25.9%"
"2004","SFG","20.4%","69.8%","45.3%","67.5%","86.0%","81.9%","50.5%","56.9%","8.0%","15.6%","23.6%"
"2005","ATL","20.5%","70.8%","47.4%","48.8%","86.2%","78.7%","53.5%","58.3%","10.0%","15.1%","25.1%"
"2006","NYY","20.6%","67.0%","44.4%","55.9%","89.1%","81.5%","51.2%","57.2%","8.1%","16.5%","24.7%"
"2003","NYM","20.7%","70.2%","46.8%","48.8%","86.9%","78.9%","52.8%","59.2%","9.9%","16.5%","26.4%"
"2007","COL","20.7%","67.1%","45.3%","61.0%","87.0%","81.4%","53.0%","59.3%","8.3%","16.8%","25.1%"
"2002","DET","20.8%","72.3%","49.3%","49.3%","84.7%","78.1%","55.4%","61.9%","10.8%","15.5%","26.3%"
"2002","TBD","20.8%","70.7%","47.6%","51.2%","85.1%","78.2%","53.7%","59.8%","10.3%","16.1%","26.4%"
"2005","COL","20.8%","68.8%","46.5%","54.1%","86.9%","80.1%","53.6%","59.5%","9.2%","16.5%","25.7%"
"2004","TBD","20.8%","69.9%","46.8%","60.1%","87.0%","81.4%","52.9%","60.2%","8.6%","16.6%","25.2%"
"2003","KCR","20.9%","68.9%","46.5%","54.5%","88.7%","81.5%","53.3%","59.3%","8.6%","17.3%","25.9%"
"2003","OAK","21.0%","62.4%","42.0%","58.9%","89.6%","82.1%","50.8%","55.3%","7.5%","20.3%","27.7%"
"2004","CHC","21.0%","73.4%","48.6%","59.2%","83.0%","78.1%","52.7%","59.3%","10.6%","14.3%","24.9%"
"2004","FLA","21.1%","66.1%","44.5%","65.5%","85.8%","81.2%","52.0%","58.2%","8.3%","18.6%","26.9%"
"2005","TOR","21.1%","67.3%","45.3%","56.1%","89.7%","82.2%","52.3%","58.7%","8.0%","17.8%","25.8%"
"2003","HOU","21.1%","71.5%","47.1%","43.3%","87.7%","78.1%","51.7%","59.8%","10.3%","15.8%","26.1%"
"2003","ATL","21.1%","71.5%","47.4%","48.8%","87.3%","79.1%","52.1%","59.1%","9.9%","15.5%","25.4%"
"2004","ANA","21.2%","71.0%","47.6%","58.3%","86.8%","80.8%","53.0%","58.3%","9.1%","15.7%","24.8%"
"2005","CHC","21.3%","71.5%","49.1%","52.2%","87.8%","80.9%","55.3%","59.9%","9.3%","15.1%","24.4%"
"2006","LAD","21.3%","67.2%","45.0%","58.5%","89.5%","82.4%","51.7%","58.1%","7.8%","16.3%","24.2%"
"2004","HOU","21.4%","70.6%","46.1%","63.8%","85.2%","80.2%","50.2%","58.9%","9.0%","16.0%","25.0%"
"2006","SDP","21.5%","66.5%","44.8%","55.7%","88.5%","80.9%","51.8%","58.9%","8.5%","16.8%","25.3%"
"2007","NYY","21.5%","63.6%","42.6%","62.7%","90.7%","83.7%","50.1%","55.4%","6.9%","17.9%","24.8%"
"2004","TEX","21.7%","71.0%","47.3%","55.7%","84.2%","77.9%","52.1%","58.8%","10.4%","15.8%","26.2%"
"2005","TEX","21.7%","70.1%","47.0%","49.9%","87.5%","79.2%","52.2%","58.2%","9.7%","15.9%","25.7%"
"2006","BOS","21.7%","64.0%","43.3%","57.1%","90.1%","82.0%","51.1%","57.9%","7.7%","18.1%","25.8%"
"2007","TOR","21.8%","64.1%","43.9%","56.9%","88.9%","81.3%","52.1%","57.4%","8.2%","18.5%","26.7%"
"2003","SFG","21.8%","70.4%","46.5%","53.8%","86.8%","79.2%","50.8%","58.0%","9.6%","15.4%","25.0%"
"2003","TEX","21.8%","70.1%","46.3%","44.1%","89.3%","78.8%","50.7%","58.2%","9.8%","17.0%","26.8%"
"2006","HOU","21.9%","67.3%","45.4%","56.3%","88.1%","80.7%","51.9%","58.2%","8.7%","16.4%","25.0%"
"2004","MIL","21.9%","66.9%","44.2%","61.3%","81.6%","76.5%","49.4%","57.8%","10.3%","17.8%","28.1%"
"2006","COL","22.0%","67.6%","46.4%","58.5%","87.8%","81.4%","53.5%","59.5%","8.5%","16.7%","25.3%"
"2007","ARI","22.0%","65.8%","44.5%","57.9%","87.0%","80.0%","51.2%","58.4%","8.8%","17.2%","26.0%"
"2003","CHC","22.1%","72.0%","47.7%","44.8%","86.0%","76.7%","51.4%","58.8%","11.1%","15.2%","26.2%"
"2006","CLE","22.2%","66.6%","45.3%","54.2%","86.8%","79.2%","52.0%","59.1%","9.4%","17.2%","26.5%"
"2009","BOS","22.2%","62.8%","41.9%","63.8%","88.3%","81.7%","48.5%","57.0%","7.6%","19.1%","26.7%"
"2008","TBR","22.2%","66.3%","44.3%","61.1%","86.1%","79.8%","50.2%","57.6%","8.9%","16.5%","25.4%"
"2003","BAL","22.2%","67.6%","46.2%","56.5%","89.6%","82.1%","52.8%","60.0%","8.3%","18.2%","26.5%"
"2003","FLA","22.3%","67.9%","46.3%","51.8%","88.6%","80.2%","52.7%","58.3%","9.2%","17.3%","26.5%"
"2006","PHI","22.3%","64.1%","43.7%","54.2%","88.8%","80.2%","51.1%","57.5%","8.6%","17.8%","26.4%"
"2003","COL","22.3%","69.0%","46.1%","52.2%","86.4%","78.3%","50.9%","59.0%","10.0%","16.7%","26.7%"
"2008","BOS","22.3%","63.1%","42.9%","63.9%","89.2%","82.7%","50.5%","57.8%","7.4%","18.3%","25.7%"
"2003","DET","22.3%","69.3%","46.9%","50.8%","87.3%","79.0%","52.4%","59.6%","9.9%","16.6%","26.5%"
"2003","TOR","22.4%","68.1%","45.4%","53.5%","87.3%","79.0%","50.3%","59.1%","9.5%","17.3%","26.8%"
"2005","SFG","22.4%","69.5%","47.7%","54.2%","89.8%","82.1%","53.7%","60.9%","8.5%","16.0%","24.5%"
"2005","CIN","22.4%","65.4%","43.4%","54.0%","85.9%","77.5%","48.9%","58.1%","9.7%","18.0%","27.7%"
"2003","ARI","22.4%","68.1%","45.8%","53.4%","88.1%","79.8%","51.1%","56.8%","9.2%","17.3%","26.5%"
"2008","OAK","22.5%","64.4%","43.8%","59.9%","85.1%","78.8%","51.0%","58.4%","9.3%","17.8%","27.1%"
"2003","MIL","22.5%","68.5%","45.8%","49.2%","85.5%","76.7%","50.7%","57.3%","10.7%","17.0%","27.7%"
"2004","COL","22.5%","72.1%","47.4%","59.8%","81.3%","76.2%","50.1%","58.9%","11.2%","14.9%","26.1%"
"2009","NYY","22.6%","64.7%","42.5%","66.3%","90.0%","83.4%","47.4%","56.6%","7.0%","18.0%","25.1%"
"2006","ARI","22.6%","65.1%","44.6%","62.7%","90.1%","83.4%","51.7%","57.8%","7.3%","17.5%","24.8%"
"2007","STL","22.7%","67.0%","46.1%","62.5%","89.8%","83.5%","52.8%","59.9%","7.6%","16.9%","24.5%"
"2009","TOR","22.7%","66.8%","44.5%","64.4%","89.3%","82.8%","49.3%","59.2%","7.6%","17.8%","25.3%"
"2009","COL","22.8%","66.1%","44.2%","59.6%","85.2%","78.5%","49.5%","58.2%","9.4%","17.7%","27.1%"
"2006","NYM","22.8%","65.3%","45.1%","58.9%","88.0%","81.0%","52.6%","58.0%","8.5%","17.7%","26.1%"
"2008","CLE","22.8%","64.5%","44.1%","58.1%","87.2%","79.9%","51.0%","56.5%","8.8%","17.8%","26.7%"
"2008","ARI","22.8%","64.3%","43.8%","57.0%","84.8%","77.6%","50.5%","57.2%","9.7%","17.5%","27.2%"
"2007","CLE","22.8%","65.2%","44.2%","58.2%","87.8%","80.2%","50.5%","58.0%","8.7%","17.3%","26.0%"
"2009","MIL","22.9%","63.7%","43.1%","58.2%","86.6%","79.0%","49.5%","57.8%","9.0%","18.6%","27.6%"
"2007","SFG","22.9%","65.7%","45.3%","62.7%","90.1%","83.5%","52.5%","58.5%","7.4%","17.3%","24.7%"
"2006","MIL","22.9%","65.4%","45.3%","49.3%","86.1%","77.3%","52.8%","59.2%","10.2%","17.8%","28.0%"
"2009","TBR","23.0%","65.7%","43.8%","60.3%","86.1%","79.2%","48.8%","57.3%","9.0%","17.0%","26.0%"
"2009","CLE","23.0%","64.6%","43.4%","59.7%","87.9%","80.3%","49.1%","57.3%","8.5%","18.2%","26.7%"
"2002","MON","23.1%","70.6%","47.1%","56.4%","84.1%","77.4%","50.5%","57.8%","10.6%","15.7%","26.2%"
"2003","SDP","23.1%","69.6%","46.6%","52.2%","86.8%","78.4%","50.6%","59.0%","10.1%","16.4%","26.5%"
"2005","TBD","23.1%","69.9%","48.3%","52.6%","88.3%","80.4%","53.8%","60.5%","9.4%","16.3%","25.7%"
"2004","MON","23.1%","66.1%","44.1%","72.0%","85.8%","82.1%","48.7%","58.0%","7.8%","18.6%","26.4%"
"2005","LAA","23.2%","68.1%","46.9%","61.8%","89.6%","83.1%","52.7%","59.7%","7.8%","16.8%","24.6%"
"2007","PHI","23.2%","64.0%","43.9%","58.3%","88.1%","80.3%","50.6%","56.4%","8.5%","17.6%","26.2%"
"2003","ANA","23.2%","68.8%","47.2%","57.4%","89.4%","81.9%","52.6%","60.0%","8.5%","16.9%","25.4%"
"2008","NYY","23.2%","64.8%","44.5%","62.4%","89.0%","82.3%","51.3%","58.8%","7.9%","17.8%","25.6%"
"2003","PIT","23.2%","68.8%","46.8%","54.4%","88.0%","79.9%","51.7%","59.0%","9.4%","16.6%","25.9%"
"2008","COL","23.2%","66.6%","45.6%","60.1%","85.6%","79.3%","51.6%","59.9%","9.4%","16.6%","26.0%"
"2005","MIL","23.3%","67.7%","45.9%","52.6%","85.8%","77.6%","51.0%","58.6%","10.2%","16.9%","27.1%"
"2009","LAD","23.3%","62.9%","42.6%","66.3%","89.2%","82.8%","48.8%","56.8%","7.2%","18.9%","26.2%"
"2004","ARI","23.3%","67.1%","46.1%","62.2%","86.6%","80.6%","52.0%","58.3%","8.9%","18.0%","26.9%"
"2006","FLA","23.4%","67.1%","46.4%","50.4%","85.4%","77.0%","52.7%","60.8%","10.6%","16.6%","27.2%"
"2005","SEA","23.4%","69.1%","47.0%","58.0%","88.1%","80.8%","51.6%","58.4%","8.9%","16.2%","25.1%"
"2008","TOR","23.4%","64.7%","44.8%","64.1%","90.4%","83.8%","51.8%","58.9%","7.2%","18.1%","25.3%"
"2006","WSN","23.4%","63.4%","43.9%","54.5%","88.5%","79.6%","51.0%","57.7%","8.8%","17.9%","26.8%"
"2007","SDP","23.4%","67.6%","45.8%","52.8%","86.3%","77.9%","50.7%","59.5%","10.1%","16.0%","26.1%"
"2006","STL","23.5%","66.7%","46.1%","59.2%","90.0%","82.5%","52.3%","59.2%","8.0%","16.9%","24.8%"
"2004","KCR","23.5%","68.0%","45.3%","67.9%","85.5%","80.8%","48.9%","57.6%","8.7%","17.7%","26.3%"
"2007","TEX","23.5%","66.2%","45.5%","55.7%","86.6%","78.9%","51.5%","59.6%","9.6%","17.2%","26.8%"
"2006","TOR","23.5%","64.1%","44.7%","63.4%","90.9%","84.0%","52.2%","58.0%","7.1%","18.5%","25.6%"
"2006","PIT","23.5%","65.6%","46.2%","55.0%","87.7%","80.0%","53.8%","60.4%","9.1%","18.0%","27.1%"
"2009","WSN","23.5%","64.1%","43.7%","60.4%","87.0%","79.8%","49.7%","59.3%","8.7%","18.6%","27.3%"
"2007","MIN","23.5%","62.6%","43.9%","64.1%","91.6%","84.5%","52.2%","58.3%","6.8%","19.0%","25.7%"
"2007","HOU","23.6%","68.9%","47.0%","58.2%","88.7%","81.3%","51.7%","60.1%","8.7%","15.6%","24.4%"
"2006","TEX","23.6%","67.3%","46.2%","59.2%","87.7%","80.6%","51.6%","58.4%","8.9%","16.7%","25.6%"
"2009","OAK","23.7%","67.8%","45.7%","62.5%","88.2%","81.5%","49.8%","58.0%","8.4%","17.0%","25.4%"
"2003","STL","23.7%","68.2%","46.1%","58.1%","88.3%","80.6%","50.4%","58.3%","8.9%","16.8%","25.7%"
"2006","SFG","23.7%","67.9%","46.9%","59.1%","90.2%","82.7%","52.3%","59.6%","8.0%","16.1%","24.1%"
"2005","CHW","23.7%","69.4%","48.0%","55.7%","87.9%","80.5%","53.2%","60.6%","9.3%","16.1%","25.4%"
"2003","MIN","23.7%","70.7%","47.7%","49.1%","87.4%","78.1%","51.0%","58.2%","10.5%","15.7%","26.1%"
"2008","ATL","23.9%","66.7%","45.3%","62.0%","88.8%","81.7%","50.1%","58.5%","8.2%","16.1%","24.3%"
"2007","PIT","24.0%","65.9%","46.3%","59.0%","88.0%","81.0%","53.1%","60.9%","8.7%","17.6%","26.4%"
"2009","PHI","24.0%","62.7%","42.9%","60.1%","87.9%","79.9%","48.7%","56.0%","8.5%","19.0%","27.5%"
"2006","CHW","24.1%","68.4%","47.0%","58.6%","88.3%","80.9%","51.6%","58.6%","8.9%","15.9%","24.8%"
"2007","TBD","24.1%","70.2%","47.8%","49.7%","83.9%","75.5%","51.3%","59.8%","11.6%","14.9%","26.5%"
"2006","ATL","24.1%","70.5%","47.7%","53.9%","86.4%","78.3%","50.8%","60.2%","10.3%","14.6%","24.9%"
"2006","MIN","24.1%","63.9%","44.8%","64.7%","90.8%","84.0%","51.9%","58.3%","7.1%","18.4%","25.5%"
"2008","NYM","24.1%","63.2%","43.8%","64.9%","88.5%","82.0%","50.4%","56.8%","7.8%","18.0%","25.7%"
"2006","BAL","24.2%","66.0%","46.0%","63.6%","91.4%","84.4%","52.2%","58.7%","7.1%","17.3%","24.4%"
"2009","SDP","24.2%","65.8%","44.8%","57.2%","87.9%","79.6%","49.6%","58.5%","9.1%","17.3%","26.3%"
"2009","NYM","24.2%","63.0%","43.1%","68.6%","91.2%","84.7%","48.7%","57.6%","6.6%","19.2%","25.7%"
"2003","LAD","24.3%","68.7%","47.7%","53.3%","87.9%","79.6%","52.6%","60.0%","9.8%","16.8%","26.5%"
"2009","ATL","24.3%","66.5%","45.0%","62.1%","87.7%","80.6%","49.1%","57.5%","8.6%","17.0%","25.7%"
"2007","CHW","24.3%","65.5%","45.6%","58.9%","87.0%","79.8%","51.8%","59.1%","9.2%","17.5%","26.6%"
"2005","BAL","24.4%","70.0%","47.7%","59.5%","89.4%","82.0%","51.2%","60.0%","8.6%","15.9%","24.5%"
"2007","WSN","24.4%","63.2%","44.4%","57.0%","88.7%","80.2%","51.5%","58.8%","8.7%","18.5%","27.2%"
"2009","FLA","24.4%","64.7%","43.9%","59.0%","87.1%","79.1%","48.5%","57.9%","9.1%","18.0%","27.0%"
"2007","ATL","24.4%","68.8%","46.9%","58.5%","86.0%","78.9%","50.7%","59.0%","9.8%","15.5%","25.3%"
"2009","BAL","24.5%","67.3%","45.5%","63.6%","89.1%","82.1%","49.1%","57.2%","8.1%","17.2%","25.3%"
"2008","PHI","24.5%","63.5%","44.1%","62.9%","87.9%","81.0%","50.3%","56.8%","8.3%","17.8%","26.1%"
"2007","BAL","24.5%","65.3%","45.7%","63.4%","90.8%","83.8%","52.0%","59.4%","7.4%","17.7%","25.1%"
"2004","PIT","24.5%","69.3%","47.2%","64.0%","83.4%","78.5%","50.7%","60.8%","10.1%","17.1%","27.2%"
"2004","MIN","24.6%","69.1%","46.0%","63.3%","85.9%","79.6%","48.0%","57.3%","9.3%","16.5%","25.8%"
"2008","DET","24.6%","67.1%","46.1%","62.7%","87.2%","80.8%","50.7%","58.2%","8.8%","16.5%","25.3%"
"2008","CHC","24.6%","64.9%","44.9%","58.5%","86.8%","79.1%","50.3%","59.2%","9.3%","17.1%","26.5%"
"2008","FLA","24.6%","64.4%","44.7%","55.8%","85.8%","77.6%","50.4%","57.8%","9.9%","17.4%","27.3%"
"2008","WSN","24.7%","64.0%","44.5%","58.6%","87.3%","79.5%","50.6%","59.1%","9.1%","17.7%","26.9%"
"2006","KCR","24.7%","67.7%","47.0%","59.2%","89.6%","82.0%","51.9%","60.4%","8.4%","16.6%","25.1%"
"2005","KCR","24.7%","67.8%","46.9%","60.6%","87.8%","80.9%","51.5%","61.0%","8.9%","17.7%","26.6%"
"2008","TEX","24.7%","67.1%","45.9%","58.6%","87.2%","79.5%","50.1%","59.1%","9.3%","16.1%","25.5%"
"2009","ARI","24.7%","66.4%","44.9%","58.4%","85.4%","77.7%","48.3%","58.7%","9.9%","17.4%","27.3%"
"2007","DET","24.8%","68.7%","47.6%","60.5%","86.9%","80.3%","51.9%","58.7%","9.3%","16.0%","25.3%"
"2007","CIN","24.8%","67.1%","46.5%","55.5%","88.2%","79.7%","51.3%","59.3%","9.4%","16.3%","25.6%"
"2006","TBD","24.8%","69.4%","48.2%","55.1%","86.5%","78.8%","52.5%","59.8%","10.2%","15.6%","25.7%"
"2008","PIT","24.8%","62.6%","44.2%","66.1%","89.5%","83.1%","51.3%","59.0%","7.4%","18.8%","26.2%"
"2007","LAD","24.9%","65.0%","45.3%","61.9%","90.6%","82.9%","50.9%","59.2%","7.7%","17.2%","24.9%"
"2004","DET","25.0%","70.4%","46.7%","64.7%","84.6%","79.0%","47.9%","59.4%","9.8%","15.7%","25.5%"
"2008","BAL","25.0%","65.8%","45.7%","65.0%","89.6%","83.0%","50.6%","59.2%","7.7%","17.1%","24.8%"
"2008","STL","25.0%","67.7%","46.6%","62.3%","88.5%","81.6%","50.7%","58.2%","8.5%","15.9%","24.4%"
"2007","NYM","25.0%","64.1%","44.7%","65.0%","88.8%","82.2%","50.4%","56.7%","7.9%","17.4%","25.3%"
"2009","MIN","25.1%","65.6%","44.8%","65.1%","88.8%","82.0%","48.7%","58.9%","8.0%","17.6%","25.6%"
"2003","TBD","25.2%","69.7%","48.5%","52.7%","88.0%","79.3%","52.4%","60.9%","10.0%","16.7%","26.8%"
"2007","MIL","25.2%","67.0%","47.0%","56.8%","86.4%","78.8%","52.2%","59.3%","9.9%","16.7%","26.5%"
"2007","FLA","25.2%","68.0%","46.8%","49.9%","85.4%","75.9%","50.5%","59.4%","11.2%","15.6%","26.8%"
"2006","CHC","25.3%","66.9%","47.2%","61.6%","89.3%","82.2%","52.7%","60.0%","8.3%","16.7%","25.1%"
"2006","DET","25.4%","70.5%","48.8%","55.7%","87.2%","79.3%","51.8%","59.9%","10.1%","15.2%","25.2%"
"2008","MIL","25.5%","63.8%","44.9%","59.7%","86.5%","79.0%","50.7%","59.0%","9.4%","18.0%","27.4%"
"2009","CHC","25.5%","68.5%","46.1%","58.6%","87.1%","78.9%","48.0%","59.5%","9.6%","16.1%","25.7%"
"2009","LAA","25.5%","63.2%","43.4%","63.6%","89.2%","81.3%","47.4%","58.0%","8.1%","18.7%","26.8%"
"2011","OAK","25.6%","61.5%","42.4%","70.6%","89.3%","83.3%","46.7%","59.8%","7.1%","20.4%","27.4%"
"2009","DET","25.6%","68.4%","46.2%","64.1%","87.4%","80.7%","48.2%","58.2%","8.8%","16.1%","24.9%"
"2010","NYY","25.7%","63.7%","42.9%","67.0%","90.2%","82.6%","45.2%","56.7%","7.4%","17.9%","25.3%"
"2003","CIN","25.7%","70.5%","47.6%","49.6%","84.2%","74.7%","48.9%","59.2%","12.1%","15.6%","27.7%"
"2007","CHC","25.9%","66.6%","46.8%","58.1%","88.7%","80.5%","51.3%","59.5%","9.1%","16.6%","25.7%"
"2007","KCR","25.9%","68.7%","48.0%","58.4%","87.8%","80.2%","51.7%","60.3%","9.5%","15.7%","25.1%"
"2008","MIN","25.9%","64.4%","45.4%","64.8%","90.3%","83.1%","50.6%","58.7%","7.6%","17.5%","25.1%"
"2006","LAA","26.0%","66.8%","46.9%","59.9%","89.6%","81.6%","51.3%","58.8%","8.5%","16.4%","25.0%"
"2006","SEA","26.0%","68.6%","48.0%","59.4%","88.2%","80.7%","51.8%","58.0%","9.2%","16.0%","25.1%"
"2008","CIN","26.0%","67.1%","46.5%","55.9%","87.2%","78.4%","49.8%","59.1%","9.9%","15.8%","25.7%"
"2009","CIN","26.0%","67.9%","46.5%","60.3%","87.4%","79.6%","48.8%","60.3%","9.4%","16.2%","25.6%"
"2010","BOS","26.2%","61.3%","42.5%","69.4%","89.7%","83.0%","46.5%","57.3%","7.2%","19.2%","26.4%"
"2017","LAD","26.2%","65.2%","43.7%","61.5%","85.1%","77.3%","44.9%","59.1%","9.9%","17.5%","27.4%"
"2009","CHW","26.2%","66.3%","45.5%","64.9%","88.4%","81.3%","48.1%","58.3%","8.4%","17.3%","25.7%"
"2008","SDP","26.2%","66.7%","46.3%","57.1%","86.8%","78.4%","49.6%","59.1%","10.0%","16.2%","26.1%"
"2010","OAK","26.3%","64.9%","44.3%","68.6%","88.9%","82.5%","46.5%","59.0%","7.7%","18.1%","25.9%"
"2009","STL","26.4%","69.4%","47.6%","57.0%","88.6%","79.7%","49.2%","58.6%","9.5%","15.3%","24.9%"
"2007","SEA","26.5%","67.8%","47.8%","63.8%","89.3%","82.4%","51.6%","57.6%","8.3%","16.3%","24.7%"
"2020","LAD","26.5%","69.2%","44.9%","61.6%","85.4%","77.4%","43.2%","59.5%","10.1%","16.7%","26.8%"
"2005","MIN","26.5%","66.3%","46.1%","63.3%","89.5%","81.9%","49.3%","60.5%","8.3%","17.5%","25.8%"
"2014","OAK","26.5%","64.6%","43.5%","68.4%","89.2%","82.2%","44.6%","58.4%","7.7%","18.3%","26.0%"
"2013","TBR","26.6%","64.8%","43.5%","67.2%","86.6%","80.0%","44.3%","58.2%","8.7%","18.1%","26.8%"
"2005","PIT","26.6%","69.6%","48.1%","59.0%","86.2%","78.6%","49.9%","59.9%","10.2%","16.1%","26.3%"
"2012","CLE","26.7%","63.5%","43.4%","69.2%","88.4%","81.9%","45.4%","58.8%","7.8%","18.7%","26.5%"
"2008","CHW","26.7%","67.7%","47.0%","62.9%","87.4%","80.4%","49.4%","59.1%","9.2%","15.7%","24.9%"
"2009","HOU","26.7%","66.7%","46.3%","64.5%","88.2%","81.2%","49.0%","58.8%","8.6%","16.9%","25.6%"
"2017","CLE","26.8%","66.6%","44.8%","66.4%","86.8%","80.1%","45.4%","58.1%","8.9%","16.7%","25.7%"
"2010","ATL","26.8%","63.0%","43.3%","67.4%","87.8%","80.9%","45.5%","57.7%","8.2%","17.8%","26.0%"
"2010","TBR","26.8%","64.0%","43.6%","65.2%","85.6%","78.7%","45.2%","58.7%","9.2%","17.4%","26.6%"
"2020","NYY","26.8%","67.3%","43.3%","60.4%","84.7%","75.8%","40.7%","57.9%","10.5%","16.8%","27.3%"
"2008","LAD","26.9%","63.6%","45.3%","63.8%","89.3%","81.8%","50.1%","58.4%","8.2%","17.7%","25.9%"
"2010","ARI","26.9%","64.7%","43.9%","57.8%","84.2%","75.3%","45.0%","58.5%","10.7%","17.8%","28.5%"
"2010","PHI","27.0%","62.0%","43.5%","67.3%","88.7%","81.7%","47.2%","57.5%","7.9%","18.8%","26.7%"
"2009","PIT","27.0%","64.9%","45.3%","63.2%","87.5%","80.0%","48.3%","58.6%","9.0%","18.3%","27.3%"
"2010","MIN","27.0%","62.7%","43.6%","71.0%","90.7%","84.2%","46.6%","57.3%","6.8%","18.5%","25.4%"
"2008","KCR","27.0%","67.6%","48.0%","63.4%","88.5%","81.7%","51.8%","61.0%","8.7%","16.3%","25.0%"
"2014","TBR","27.0%","66.0%","44.5%","67.4%","88.2%","81.2%","44.7%","60.2%","8.3%","18.1%","26.4%"
"2003","MON","27.1%","67.1%","46.9%","62.1%","86.6%","79.4%","49.4%","59.6%","9.6%","16.9%","26.5%"
"2009","TEX","27.1%","69.3%","47.1%","58.7%","85.0%","77.1%","47.5%","60.4%","10.8%","15.9%","26.6%"
"2007","LAA","27.1%","64.9%","46.0%","60.6%","90.8%","81.9%","49.9%","58.3%","8.2%","17.0%","25.2%"
"2017","MIN","27.1%","64.8%","44.6%","62.5%","85.4%","77.9%","46.3%","59.0%","9.8%","17.7%","27.5%"
"2018","LAD","27.1%","64.5%","43.5%","63.6%","84.1%","76.9%","43.9%","60.0%","10.1%","18.6%","28.6%"
"2020","SDP","27.2%","65.9%","43.6%","64.2%","85.8%","78.1%","42.5%","61.4%","9.6%","18.7%","28.2%"
"2020","LAA","27.2%","63.1%","42.8%","64.6%","85.5%","78.0%","43.6%","59.1%","9.4%","19.8%","29.2%"
"2016","TOR","27.2%","64.3%","43.8%","63.5%","85.2%","77.7%","44.7%","59.0%","9.7%","17.7%","27.4%"
"2011","NYY","27.3%","63.8%","43.0%","69.5%","89.5%","82.3%","43.0%","56.4%","7.6%","17.7%","25.3%"
"2011","TBR","27.3%","64.2%","43.7%","67.3%","86.1%","79.5%","44.4%","58.2%","8.9%","17.8%","26.7%"
"2020","OAK","27.4%","66.4%","44.0%","62.0%","83.8%","76.0%","42.5%","59.2%","10.5%","17.6%","28.1%"
"2010","LAA","27.4%","61.5%","43.4%","67.4%","88.5%","81.4%","47.0%","58.1%","8.0%","19.5%","27.5%"
"2013","CLE","27.4%","63.8%","43.6%","65.5%","86.8%","79.4%","44.4%","59.2%","9.0%","18.5%","27.4%"
"2008","SFG","27.4%","66.6%","47.3%","63.4%","87.7%","80.8%","50.9%","60.1%","9.0%","16.3%","25.4%"
"2009","KCR","27.4%","66.7%","46.5%","63.9%","88.9%","81.3%","48.5%","59.2%","8.7%","17.1%","25.8%"
"2021","SDP","27.5%","66.9%","44.3%","62.6%","85.9%","77.6%","42.5%","60.1%","9.9%","17.7%","27.6%"
"2008","HOU","27.6%","67.5%","47.8%","59.5%","88.3%","80.1%","50.7%","60.0%","9.4%","16.0%","25.4%"
"2020","SEA","27.6%","64.9%","43.6%","56.8%","82.8%","73.4%","43.0%","60.0%","11.6%","18.7%","30.3%"
"2013","BOS","27.7%","62.4%","43.2%","68.9%","85.6%","79.7%","44.8%","58.7%","8.7%","19.5%","28.3%"
"2016","PIT","27.7%","66.3%","45.3%","62.9%","86.1%","78.3%","45.5%","59.6%","9.7%","17.3%","27.0%"
"2008","SEA","27.8%","66.3%","47.0%","69.1%","89.8%","83.7%","49.8%","57.5%","7.6%","16.5%","24.1%"
"2010","LAD","27.8%","61.1%","43.3%","68.3%","88.6%","81.6%","46.5%","58.6%","7.9%","19.6%","27.4%"
"2013","OAK","27.9%","65.8%","44.5%","67.6%","87.2%","80.3%","43.6%","58.6%","8.7%","17.6%","26.4%"
"2021","LAD","27.9%","68.3%","45.3%","61.5%","84.7%","76.5%","43.0%","60.0%","10.6%","17.2%","27.9%"
"2012","OAK","28.0%","63.5%","43.9%","63.9%","85.4%","77.8%","44.9%","58.7%","9.7%","18.8%","28.5%"
"2017","STL","28.0%","65.7%","45.3%","63.3%","85.4%","78.0%","45.9%","60.9%","9.9%","17.0%","27.0%"
"2011","CLE","28.0%","63.1%","43.8%","65.8%","86.9%","79.5%","45.2%","59.0%","8.9%","18.9%","27.9%"
"2005","DET","28.0%","68.8%","48.3%","59.6%","87.8%","79.6%","49.8%","61.5%","9.8%","16.6%","26.4%"
"2009","SEA","28.0%","67.0%","46.9%","63.1%","86.9%","79.6%","48.4%","57.4%","9.5%","16.8%","26.3%"
"2019","OAK","28.0%","68.4%","45.2%","62.6%","84.9%","77.0%","42.6%","60.5%","10.4%","17.3%","27.7%"
"2019","LAA","28.0%","63.0%","43.2%","66.0%","86.2%","78.8%","43.4%","58.6%","9.2%","19.2%","28.4%"
"2019","SEA","28.1%","66.7%","44.9%","61.2%","82.9%","75.3%","43.7%","60.6%","11.1%","17.2%","28.3%"
"2010","COL","28.1%","65.6%","45.4%","63.4%","86.3%","78.7%","46.1%","59.2%","9.6%","17.3%","26.9%"
"2021","NYY","28.1%","66.9%","44.3%","61.3%","82.9%","74.9%","41.8%","58.4%","11.1%","17.4%","28.5%"
"2008","LAA","28.1%","66.0%","46.8%","62.4%","89.8%","81.4%","49.2%","58.9%","8.6%","16.4%","25.0%"
"2021","SFG","28.2%","68.5%","45.4%","62.2%","84.2%","76.4%","42.8%","60.3%","10.7%","17.2%","27.9%"
"2015","NYY","28.2%","64.4%","44.3%","66.6%","87.8%","80.3%","44.5%","59.0%","8.7%","18.2%","26.8%"
"2010","SDP","28.2%","63.3%","44.6%","64.4%","87.6%","79.8%","46.8%","59.0%","8.9%","18.3%","27.2%"
"2010","KCR","28.2%","62.7%","44.2%","71.8%","91.5%","84.8%","46.3%","58.9%","6.7%","19.1%","25.8%"
"2012","MIN","28.3%","60.5%","43.1%","71.9%","89.6%","83.3%","46.1%","59.6%","7.1%","19.9%","27.1%"
"2019","LAD","28.3%","67.5%","45.0%","62.2%","85.2%","76.9%","42.8%","59.3%","10.4%","17.1%","27.5%"
"2010","CLE","28.3%","63.7%","44.5%","66.3%","87.7%","80.3%","45.7%","60.3%","8.7%","18.4%","27.1%"
"2012","NYM","28.3%","63.0%","43.5%","67.2%","88.2%","80.5%","43.8%","60.1%","8.4%","19.5%","28.0%"
"2017","ARI","28.3%","65.5%","45.3%","58.8%","85.1%","76.2%","45.6%","61.6%","10.8%","17.8%","28.6%"
"2017","NYY","28.3%","66.7%","45.2%","60.5%","84.7%","76.2%","44.0%","58.8%","10.8%","16.6%","27.4%"
"2020","CLE","28.3%","67.3%","44.1%","62.9%","84.7%","76.4%","40.5%","57.9%","10.4%","16.5%","26.9%"
"2012","TBR","28.3%","64.6%","44.3%","64.2%","84.4%","77.2%","44.1%","59.8%","10.1%","17.4%","27.5%"
"2016","MIL","28.4%","65.7%","45.1%","58.1%","83.5%","74.7%","44.9%","60.4%","11.4%","17.1%","28.4%"
"2014","NYM","28.4%","64.9%","44.9%","66.0%","87.6%","80.1%","45.1%","61.1%","8.9%","18.0%","26.9%"
"2011","COL","28.4%","65.6%","45.1%","66.3%","86.9%","79.7%","44.9%","58.2%","9.1%","17.1%","26.2%"
"2020","CIN","28.4%","66.4%","43.8%","58.8%","84.0%","74.2%","40.4%","60.4%","11.3%","17.6%","28.9%"
"2017","PIT","28.4%","66.3%","46.1%","66.0%","86.3%","79.6%","46.5%","60.2%","9.4%","17.2%","26.5%"
"2016","LAD","28.4%","67.5%","45.9%","62.6%","86.5%","78.3%","44.8%","59.7%","9.9%","16.6%","26.5%"
"2015","TOR","28.5%","64.3%","44.5%","66.7%","86.4%","79.4%","44.7%","59.9%","9.1%","17.9%","27.0%"
"2010","MIL","28.5%","65.3%","45.2%","64.3%","87.3%","79.4%","45.4%","57.6%","9.2%","17.3%","26.6%"
"2015","CLE","28.5%","65.7%","45.1%","68.5%","88.6%","81.6%","44.8%","59.1%","8.3%","17.5%","25.8%"
"2020","STL","28.5%","65.4%","43.6%","61.8%","83.8%","75.4%","41.0%","60.4%","10.7%","17.8%","28.5%"
"2017","OAK","28.5%","68.4%","46.2%","60.2%","83.7%","75.6%","44.3%","59.2%","11.3%","16.3%","27.6%"
"2016","WSN","28.5%","64.2%","44.5%","65.8%","87.0%","79.5%","44.8%","58.3%","9.1%","18.2%","27.3%"
"2017","SEA","28.6%","65.5%","45.7%","62.9%","86.1%","78.3%","46.5%","59.8%","9.9%","17.2%","27.1%"
"2018","OAK","28.6%","68.7%","45.9%","64.0%","85.2%","77.7%","43.2%","60.5%","10.3%","16.7%","27.0%"
"2014","BOS","28.6%","61.6%","43.5%","67.4%","87.6%","80.3%","45.3%","59.7%","8.5%","20.1%","28.6%"
"2012","ATL","28.6%","64.9%","44.6%","64.5%","85.5%","78.0%","44.0%","58.0%","9.8%","17.3%","27.1%"
"2011","NYM","28.7%","63.5%","43.9%","72.7%","89.3%","83.2%","43.7%","58.9%","7.3%","17.9%","25.2%"
"2012","SDP","28.7%","67.0%","45.5%","63.4%","86.4%","78.3%","44.0%","60.9%","9.8%","16.7%","26.5%"
"2010","STL","28.7%","66.9%","46.1%","67.5%","88.9%","81.6%","45.6%","58.0%","8.3%","16.4%","24.7%"
"2010","PIT","28.7%","64.0%","44.9%","64.7%","87.2%","79.4%","45.9%","58.8%","9.2%","18.6%","27.8%"
"2011","MIN","28.7%","61.1%","43.7%","70.4%","88.8%","82.3%","46.3%","59.0%","7.7%","19.8%","27.5%"
"2017","WSN","28.8%","65.8%","45.8%","63.4%","86.0%","78.4%","46.1%","58.7%","9.9%","17.2%","27.1%"
"2018","MIN","28.8%","65.7%","45.1%","64.0%","87.2%","78.9%","44.1%","60.0%","9.5%","18.0%","27.5%"
"2017","CIN","28.8%","67.1%","46.2%","65.1%","86.3%","79.1%","45.6%","61.3%","9.7%","16.8%","26.5%"
"2012","NYY","28.8%","65.7%","44.5%","68.0%","86.8%","79.8%","42.7%","57.3%","8.9%","17.0%","25.9%"
"2013","NYM","28.8%","65.4%","45.5%","65.1%","85.5%","78.4%","45.5%","61.9%","9.7%","17.7%","27.4%"
"2017","LAA","28.8%","65.9%","45.6%","62.6%","86.6%","78.3%","45.2%","60.5%","9.9%","17.3%","27.2%"
"2020","TBR","28.9%","66.8%","44.4%","59.6%","80.5%","72.5%","40.9%","60.0%","12.2%","17.0%","29.3%"
"2018","WSN","28.9%","67.3%","45.6%","64.9%","85.8%","78.3%","43.5%","60.9%","9.9%","17.0%","26.9%"
"2013","MIN","28.9%","62.7%","43.7%","64.9%","85.3%","77.7%","43.8%","58.9%","9.7%","19.3%","29.0%"
"2011","STL","29.0%","66.9%","46.1%","69.4%","89.6%","82.6%","45.1%","59.5%","7.9%","16.2%","24.1%"
"2016","CHC","29.0%","66.7%","45.4%","63.4%","84.7%","77.0%","43.5%","59.4%","10.4%","16.4%","26.8%"
"2010","CHW","29.0%","63.9%","45.5%","69.4%","90.2%","83.2%","47.2%","57.7%","7.6%","17.4%","25.0%"
"2011","CIN","29.0%","66.8%","45.9%","64.6%","87.6%","79.6%","44.7%","60.2%","9.3%","16.8%","26.1%"
"2018","HOU","29.0%","65.1%","44.3%","67.7%","87.2%","79.9%","42.3%","59.3%","8.9%","18.0%","26.9%"
"2011","BOS","29.0%","64.4%","44.5%","71.8%","88.7%","82.5%","43.8%","57.6%","7.7%","17.9%","25.7%"
"2016","SFG","29.0%","68.7%","46.7%","65.5%","88.5%","80.5%","44.5%","60.0%","9.0%","16.1%","25.2%"
"2014","NYY","29.1%","64.9%","44.7%","71.1%","90.2%","83.2%","43.7%","59.6%","7.5%","18.4%","25.9%"
"2015","LAD","29.1%","67.9%","46.6%","62.9%","85.9%","78.0%","45.0%","59.9%","10.2%","16.0%","26.2%"
"2010","WSN","29.1%","64.3%","44.9%","63.4%","87.3%","78.7%","44.9%","59.2%","9.5%","17.3%","26.8%"
"2010","FLA","29.1%","63.5%","44.7%","61.9%","86.3%","77.6%","45.4%","59.0%","9.9%","18.2%","28.1%"
"2021","WSN","29.2%","68.5%","45.9%","62.3%","85.8%","77.2%","42.6%","61.0%","10.5%","17.1%","27.6%"
"2017","SFG","29.2%","69.3%","47.5%","62.9%","86.7%","78.8%","45.7%","60.3%","10.1%","16.0%","26.1%"
"2014","CLE","29.2%","65.1%","45.1%","68.9%","87.9%","81.1%","44.4%","59.4%","8.5%","17.8%","26.4%"
"2015","OAK","29.2%","63.2%","44.8%","68.4%","89.2%","81.9%","46.1%","60.7%","8.1%","19.1%","27.1%"
"2017","HOU","29.2%","65.8%","45.3%","68.4%","88.5%","81.2%","43.9%","60.1%","8.5%","17.3%","25.7%"
"2019","CLE","29.2%","69.4%","46.0%","62.7%","86.0%","77.4%","41.8%","58.9%","10.4%","15.8%","26.2%"
"2011","TEX","29.2%","65.8%","45.9%","70.7%","88.5%","82.3%","45.5%","59.3%","8.1%","17.3%","25.3%"
"2014","WSN","29.2%","64.3%","44.7%","63.7%","87.7%","78.9%","44.2%","60.6%","9.4%","18.3%","27.7%"
"2018","LAA","29.3%","65.8%","45.2%","64.6%","85.8%","78.1%","43.6%","59.9%","9.9%","17.7%","27.6%"
"2011","SDP","29.3%","65.5%","45.9%","63.8%","85.5%","78.0%","45.8%","60.4%","10.0%","17.4%","27.4%"
"2019","HOU","29.3%","66.3%","44.8%","68.2%","88.4%","80.7%","41.9%","60.4%","8.6%","17.2%","25.8%"
"2015","NYM","29.3%","66.7%","45.9%","65.0%","87.6%","79.6%","44.5%","59.0%","9.3%","17.6%","26.9%"
"2016","BOS","29.3%","62.8%","44.3%","68.6%","89.2%","81.6%","44.7%","58.3%","8.1%","18.9%","27.0%"
"2014","HOU","29.3%","66.7%","46.1%","61.7%","83.3%","75.7%","44.7%","60.3%","11.2%","17.2%","28.4%"
"2021","HOU","29.4%","66.5%","45.1%","68.2%","88.2%","80.7%","42.5%","60.6%","8.7%","18.1%","26.8%"
"2010","SEA","29.4%","64.3%","45.4%","67.3%","88.0%","80.8%","46.0%","58.6%","8.7%","17.8%","26.5%"
"2019","WSN","29.4%","67.3%","45.3%","64.6%","87.5%","78.9%","42.0%","61.0%","9.5%","17.2%","26.8%"
"2013","CIN","29.4%","69.0%","46.9%","63.7%","85.8%","78.1%","44.1%","60.9%","10.2%","15.6%","25.8%"
"2012","ARI","29.4%","64.5%","44.8%","65.5%","86.8%","79.0%","43.9%","60.5%","9.4%","17.7%","27.1%"
"2013","STL","29.4%","65.8%","45.6%","68.4%","89.2%","81.7%","44.5%","60.9%","8.3%","17.6%","25.8%"
"2020","MIL","29.4%","65.9%","44.0%","55.6%","82.8%","71.9%","40.0%","58.8%","12.4%","17.6%","30.0%"
"2016","NYM","29.5%","66.6%","45.7%","64.7%","87.4%","79.1%","43.6%","58.3%","9.5%","17.1%","26.6%"
"2014","MIN","29.5%","62.5%","44.2%","66.9%","86.6%","79.3%","44.7%","60.8%","9.1%","19.0%","28.1%"
"2017","BOS","29.5%","62.3%","43.9%","67.3%","87.1%","79.6%","44.0%","58.5%","8.9%","19.0%","28.0%"
"2018","CIN","29.5%","69.1%","46.8%","65.0%","86.2%","78.6%","43.6%","60.9%","10.0%","16.2%","26.2%"
"2017","TOR","29.5%","65.0%","45.1%","64.1%","86.2%","78.1%","44.0%","59.5%","9.9%","17.5%","27.4%"
"2016","OAK","29.6%","66.3%","46.2%","65.2%","87.0%","79.4%","45.3%","60.8%","9.5%","17.5%","27.0%"
"2015","WSN","29.6%","67.8%","46.4%","62.4%","85.7%","77.4%","44.1%","61.5%","10.4%","16.5%","27.0%"
"2013","SEA","29.6%","64.7%","45.1%","62.3%","86.1%","77.4%","44.1%","59.2%","10.2%","17.9%","28.0%"
"2015","TEX","29.7%","64.4%","45.1%","63.9%","86.6%","78.3%","44.4%","60.3%","9.7%","17.9%","27.6%"
"2010","DET","29.7%","69.4%","47.5%","68.2%","88.0%","81.2%","44.9%","58.5%","8.9%","15.4%","24.2%"
"2012","BOS","29.7%","64.1%","45.1%","69.6%","87.9%","81.2%","44.9%","59.6%","8.4%","18.8%","27.2%"
"2020","TEX","29.7%","67.0%","45.6%","60.4%","82.2%","74.1%","42.8%","61.8%","11.8%","18.3%","30.1%"
"2015","HOU","29.7%","70.2%","47.8%","63.2%","82.5%","75.9%","44.6%","61.4%","11.5%","15.4%","26.9%"
"2016","SEA","29.7%","66.5%","46.1%","63.4%","86.8%","78.4%","44.6%","60.3%","9.9%","16.8%","26.7%"
"2015","SFG","29.7%","69.8%","47.4%","65.5%","87.3%","79.7%","44.1%","61.4%","9.6%","16.0%","25.6%"
"2021","OAK","29.8%","69.5%","46.7%","62.2%","85.3%","76.8%","42.7%","59.7%","10.8%","16.5%","27.4%"
"2013","TEX","29.8%","62.8%","44.5%","69.2%","89.6%","82.0%","44.5%","59.3%","8.0%","18.4%","26.4%"
"2012","SEA","29.8%","65.5%","46.0%","65.0%","86.7%","79.1%","45.5%","59.9%","9.6%","17.3%","26.9%"
"2018","ARI","29.8%","65.9%","45.5%","62.2%","84.9%","76.6%","43.6%","61.7%","10.7%","18.0%","28.7%"
"2016","MIN","29.8%","63.4%","44.8%","64.5%","85.5%","77.8%","44.6%","59.1%","9.9%","18.4%","28.3%"
"2011","PIT","29.8%","64.9%","45.7%","66.2%","86.9%","79.6%","45.3%","60.7%","9.3%","17.8%","27.1%"
"2015","CHC","29.8%","69.4%","47.0%","58.9%","83.7%","74.7%","43.3%","60.0%","11.8%","15.8%","27.6%"
"2014","SDP","29.8%","64.5%","45.1%","62.3%","87.2%","78.0%","44.1%","59.9%","9.9%","18.1%","28.0%"
"2012","STL","29.8%","66.8%","46.1%","68.3%","88.3%","81.0%","44.0%","59.3%","8.7%","16.9%","25.5%"
"2018","STL","29.8%","65.6%","45.3%","61.3%","86.0%","76.8%","43.2%","60.7%","10.5%","17.8%","28.3%"
"2018","PHI","29.9%","66.0%","45.7%","58.1%","84.3%","74.7%","43.8%","61.1%","11.6%","17.5%","29.1%"
"2013","TOR","29.9%","64.7%","44.8%","69.4%","87.9%","80.9%","42.9%","60.0%","8.5%","18.2%","26.7%"
"2018","BOS","29.9%","67.8%","45.9%","66.4%","87.2%","79.3%","42.2%","58.7%","9.5%","16.7%","26.2%"
"2012","HOU","29.9%","64.8%","45.4%","62.4%","86.4%","77.7%","44.5%","59.7%","10.1%","17.6%","27.7%"
"2016","CIN","29.9%","68.2%","47.3%","64.8%","86.6%","79.1%","45.5%","61.0%","9.8%","16.7%","26.5%"
"2011","ARI","29.9%","67.1%","46.3%","63.2%","86.4%","78.0%","44.1%","58.7%","10.1%","16.3%","26.4%"
"2012","MIA","30.0%","62.5%","44.6%","65.2%","87.1%","79.0%","45.0%","60.3%","9.3%","18.9%","28.1%"
"2011","DET","30.0%","68.9%","47.2%","69.0%","88.6%","81.6%","44.3%","58.8%","8.6%","15.5%","24.1%"
"2018","CLE","30.0%","67.3%","45.7%","67.4%","88.6%","80.6%","42.2%","57.7%","8.9%","16.5%","25.4%"
"2013","WSN","30.0%","64.6%","45.6%","67.1%","87.5%","80.1%","44.9%","61.9%","9.0%","17.9%","27.0%"
"2010","CIN","30.0%","67.1%","46.7%","64.2%","86.5%","78.6%","45.0%","59.9%","9.9%","16.3%","26.2%"
"2015","SEA","30.0%","67.2%","46.6%","62.7%","85.0%","77.0%","44.4%","59.5%","10.7%","16.6%","27.3%"
"2010","HOU","30.1%","64.0%","45.7%","66.4%","89.7%","81.5%","46.1%","60.5%","8.4%","18.1%","26.5%"
"2017","NYM","30.1%","65.8%","46.3%","64.3%","86.2%","78.5%","45.5%","60.8%","10.0%","17.3%","27.3%"
"2016","CLE","30.1%","68.3%","47.1%","66.4%","86.8%","79.6%","44.4%","58.8%","9.6%","16.2%","25.8%"
"2015","SDP","30.1%","66.9%","47.0%","61.2%","85.8%","77.2%","45.8%","59.9%","10.7%","16.7%","27.4%"
"2016","HOU","30.2%","68.8%","47.0%","61.8%","83.2%","75.4%","43.6%","61.5%","11.5%","15.6%","27.1%"
"2011","PHI","30.2%","63.4%","44.3%","69.0%","89.2%","81.4%","42.6%","57.7%","8.2%","18.0%","26.2%"
"2020","TOR","30.2%","69.4%","46.6%","62.7%","84.1%","76.1%","41.8%","60.8%","11.2%","16.1%","27.3%"
"2018","NYY","30.2%","66.3%","45.1%","61.1%","85.2%","75.7%","41.2%","58.9%","10.9%","16.7%","27.6%"
"2020","CHC","30.2%","64.1%","43.7%","57.6%","83.6%","72.8%","39.8%","57.2%","11.9%","18.0%","29.8%"
"2021","MIL","30.2%","68.3%","46.3%","60.3%","84.1%","75.1%","42.2%","59.1%","11.5%","16.7%","28.2%"
"2013","DET","30.2%","67.7%","46.7%","69.1%","87.8%","81.0%","43.8%","59.1%","8.8%","16.5%","25.3%"
"2016","ARI","30.2%","65.1%","46.2%","60.6%","86.2%","77.1%","45.7%","61.9%","10.5%","18.0%","28.5%"
"2019","TBR","30.3%","69.5%","46.8%","59.7%","84.5%","75.3%","42.3%","62.1%","11.6%","16.4%","28.0%"
"2010","NYM","30.3%","64.4%","45.4%","69.4%","88.5%","81.4%","44.3%","58.8%","8.4%","17.9%","26.3%"
"2013","ATL","30.3%","67.9%","46.7%","63.9%","82.8%","76.0%","43.8%","60.1%","11.2%","15.8%","27.0%"
"2016","LAA","30.3%","67.5%","47.1%","67.3%","89.2%","81.5%","45.2%","62.0%","8.7%","16.6%","25.4%"
"2014","STL","30.4%","65.5%","45.9%","69.0%","89.6%","82.0%","44.3%","60.5%","8.2%","17.4%","25.6%"
"2010","TEX","30.4%","65.5%","46.4%","69.5%","88.3%","81.6%","45.7%","58.6%","8.4%","16.8%","25.2%"
"2014","MIA","30.4%","64.7%","45.6%","62.8%","86.2%","77.6%","44.5%","60.7%","10.2%","18.0%","28.2%"
"2013","LAD","30.4%","66.4%","46.5%","66.8%","88.0%","80.3%","44.8%","59.5%","9.1%","17.0%","26.1%"
"2014","TEX","30.4%","63.3%","45.3%","68.0%","88.3%","80.8%","45.3%","60.0%","8.6%","18.7%","27.3%"
"2012","TOR","30.4%","65.1%","45.8%","64.7%","86.4%","78.4%","44.4%","60.5%","9.9%","17.6%","27.4%"
"2021","PIT","30.4%","68.8%","46.7%","60.9%","87.1%","77.3%","42.4%","61.9%","10.6%","16.8%","27.4%"
"2010","CHC","30.4%","66.3%","46.8%","63.5%","87.7%","79.2%","45.6%","60.9%","9.7%","17.0%","26.6%"
"2012","CIN","30.4%","67.8%","46.9%","64.8%","86.9%","78.9%","44.1%","62.3%","9.8%","16.8%","26.7%"
"2011","ATL","30.4%","66.3%","46.1%","65.5%","87.3%","79.2%","43.7%","58.6%","9.5%","16.7%","26.2%"
"2021","SEA","30.4%","68.3%","46.5%","59.9%","83.4%","74.5%","42.4%","60.1%","11.8%","16.9%","28.8%"
"2013","PHI","30.4%","65.8%","46.2%","64.9%","87.6%","79.3%","44.6%","61.3%","9.5%","17.6%","27.1%"
"2018","NYM","30.4%","67.5%","46.5%","63.2%","84.7%","76.7%","43.2%","61.4%","10.8%","17.0%","27.8%"
"2016","NYY","30.5%","65.8%","46.0%","64.9%","88.6%","79.8%","43.9%","59.6%","9.3%","17.4%","26.7%"
"2014","PIT","30.5%","65.0%","45.5%","65.6%","87.0%","78.9%","43.5%","59.1%","9.5%","17.6%","27.1%"
"2015","LAA","30.5%","64.8%","45.9%","65.9%","88.6%","80.3%","44.9%","60.5%","9.0%","17.7%","26.7%"
"2012","LAD","30.5%","63.4%","45.0%","69.3%","88.6%","81.3%","44.2%","60.1%","8.4%","18.6%","27.0%"
"2015","TBR","30.5%","68.8%","48.0%","64.4%","84.4%","77.5%","45.7%","62.1%","10.7%","16.1%","26.8%"
"2011","FLA","30.5%","62.5%","44.5%","66.6%","87.5%","79.4%","43.7%","58.6%","9.1%","18.0%","27.1%"
"2011","MIL","30.5%","65.1%","45.9%","67.9%","88.2%","80.7%","44.6%","62.2%","8.8%","17.7%","26.4%"
"2017","COL","30.6%","66.4%","47.2%","61.2%","85.3%","76.9%","46.3%","60.2%","10.9%","16.7%","27.6%"
"2011","TOR","30.6%","66.2%","46.2%","66.2%","87.3%","79.5%","44.0%","59.5%","9.4%","16.9%","26.3%"
"2021","TBR","30.6%","70.0%","47.2%","60.7%","81.7%","73.8%","42.0%","60.2%","12.3%","15.8%","28.2%"
"2019","MIL","30.6%","66.6%","45.4%","60.5%","84.1%","74.8%","41.2%","58.9%","11.5%","17.1%","28.6%"
"2020","PHI","30.6%","68.7%","46.2%","62.3%","84.8%","76.0%","40.9%","59.2%","11.1%","15.7%","26.8%"
"2011","LAD","30.6%","64.3%","45.8%","70.6%","88.5%","81.9%","45.0%","59.0%","8.2%","18.0%","26.2%"
"2015","STL","30.6%","69.3%","47.3%","64.3%","86.8%","78.5%","43.1%","59.9%","10.1%","16.0%","26.0%"
"2009","SFG","30.6%","71.0%","49.9%","61.5%","86.5%","78.5%","47.8%","60.3%","10.6%","14.7%","25.3%"
"2015","BOS","30.6%","64.0%","45.8%","68.9%","88.4%","81.3%","45.5%","60.5%","8.5%","18.8%","27.3%"
"2014","SEA","30.6%","65.4%","46.2%","65.2%","87.3%","79.2%","44.6%","61.0%","9.6%","18.2%","27.7%"
"2015","ATL","30.6%","65.5%","46.2%","68.6%","88.2%","81.0%","44.7%","60.5%","8.7%","17.4%","26.1%"
"2021","MIN","30.6%","69.3%","46.7%","62.5%","84.4%","76.0%","41.7%","59.9%","11.2%","16.1%","27.3%"
"2017","DET","30.6%","67.4%","47.2%","63.5%","85.8%","77.9%","45.1%","61.5%","10.4%","16.7%","27.2%"
"2019","NYY","30.7%","68.7%","46.3%","61.4%","85.0%","75.8%","41.1%","60.2%","11.2%","16.5%","27.7%"
"2021","ARI","30.7%","66.4%","46.1%","62.4%","84.3%","76.0%","43.2%","59.7%","11.1%","17.7%","28.7%"
"2012","TEX","30.7%","65.9%","46.8%","66.1%","86.3%","79.1%","45.7%","58.6%","9.7%","16.9%","26.7%"
"2014","TOR","30.7%","63.9%","44.9%","67.7%","88.7%","80.4%","42.6%","60.6%","8.7%","18.7%","27.5%"
"2010","TOR","30.8%","69.0%","48.1%","64.1%","87.4%","79.2%","45.4%","61.1%","10.0%","15.2%","25.2%"
"2015","PIT","30.8%","67.1%","47.2%","64.0%","85.7%","78.0%","45.3%","61.8%","10.3%","16.7%","27.0%"
"2020","HOU","30.8%","68.4%","46.2%","67.6%","87.8%","79.9%","41.0%","61.1%","9.3%","17.0%","26.3%"
"2016","SDP","30.8%","66.6%","46.7%","61.9%","84.3%","76.1%","44.4%","60.9%","11.1%","17.1%","28.2%"
"2017","MIA","30.8%","64.9%","46.4%","64.5%","87.1%","79.0%","45.7%","59.4%","9.8%","17.5%","27.3%"
"2015","ARI","30.8%","64.6%","46.2%","62.8%","87.6%","78.6%","45.5%","62.2%","9.8%","18.1%","27.9%"
"2021","PHI","30.8%","68.7%","47.2%","64.0%","83.7%","76.4%","43.3%","61.3%","11.1%","16.3%","27.4%"
"2012","COL","30.8%","64.4%","46.1%","66.6%","86.7%","79.4%","45.5%","59.6%","9.5%","17.5%","27.0%"
"2012","MIL","30.8%","65.6%","46.4%","66.6%","86.5%","79.2%","44.7%","60.9%","9.6%","17.1%","26.7%"
"2013","ARI","30.9%","63.8%","45.4%","69.1%","87.8%","80.7%","44.1%","60.0%","8.7%","18.2%","26.9%"
"2017","SDP","30.9%","67.0%","47.4%","60.8%","83.3%","75.3%","45.5%","62.7%","11.7%","16.9%","28.6%"
"2014","LAD","30.9%","67.3%","46.9%","66.5%","87.0%","79.4%","43.9%","61.1%","9.6%","16.6%","26.2%"
"2014","ARI","30.9%","64.1%","45.9%","67.9%","88.4%","80.8%","45.2%","61.1%","8.8%","18.4%","27.2%"
"2011","SEA","30.9%","66.8%","47.1%","64.6%","85.6%","78.0%","45.2%","60.2%","10.3%","16.7%","27.0%"
"2016","MIA","30.9%","63.8%","45.8%","64.6%","88.1%","79.4%","45.2%","59.8%","9.4%","18.4%","27.7%"
"2017","PHI","30.9%","66.9%","47.1%","61.4%","85.2%","76.6%","45.0%","60.7%","11.0%","16.7%","27.7%"
"2019","STL","31.0%","67.4%","46.3%","64.0%","84.8%","76.7%","42.0%","61.9%","10.8%","17.0%","27.7%"
"2016","STL","31.0%","69.7%","48.2%","62.7%","86.6%","78.1%","44.5%","61.7%","10.5%","15.3%","25.8%"
"2014","PHI","31.0%","65.1%","46.0%","64.5%","87.3%","78.7%","44.0%","60.1%","9.8%","18.0%","27.7%"
"2013","PIT","31.0%","65.3%","46.1%","62.8%","86.2%","77.4%","44.1%","60.6%","10.3%","17.5%","27.9%"
"2012","DET","31.0%","67.7%","47.2%","67.2%","88.4%","80.6%","44.1%","59.0%","9.1%","16.0%","25.1%"
"2015","CIN","31.0%","69.3%","47.8%","65.1%","87.0%","79.0%","43.8%","62.1%","10.0%","16.0%","25.9%"
"2014","DET","31.0%","68.0%","47.8%","64.7%","88.7%","80.2%","45.5%","61.3%","9.4%","16.5%","25.9%"
"2017","MIL","31.0%","66.7%","46.7%","60.8%","82.4%","74.4%","43.8%","60.4%","12.0%","16.8%","28.8%"
"2018","SFG","31.0%","68.5%","47.6%","61.2%","84.4%","75.9%","44.2%","61.7%","11.5%","16.5%","28.0%"
"2012","PHI","31.1%","63.1%","44.8%","68.9%","89.4%","81.3%","43.0%","58.7%","8.3%","18.4%","26.7%"
"2018","SEA","31.1%","67.0%","46.6%","63.3%","88.2%","78.7%","43.1%","60.3%","9.9%","17.1%","27.0%"
"2013","SDP","31.1%","67.8%","47.1%","62.6%","86.4%","77.5%","43.6%","60.5%","10.5%","16.4%","26.9%"
"2013","CHC","31.1%","65.2%","46.0%","65.0%","87.9%","79.2%","43.8%","60.5%","9.5%","18.0%","27.5%"
"2016","DET","31.1%","66.9%","47.2%","64.3%","86.4%","78.4%","44.9%","60.3%","10.2%","16.5%","26.7%"
"2016","COL","31.1%","67.9%","47.7%","64.1%","86.3%","78.4%","45.1%","59.4%","10.3%","16.0%","26.3%"
"2011","BAL","31.2%","66.4%","47.1%","67.7%","86.6%","79.7%","45.2%","59.6%","9.5%","16.9%","26.4%"
"2012","BAL","31.2%","64.3%","45.6%","65.4%","85.8%","77.9%","43.5%","60.0%","10.0%","17.8%","27.8%"
"2016","TBR","31.2%","68.2%","47.5%","61.8%","81.7%","74.4%","44.0%","61.9%","12.1%","16.3%","28.4%"
"2017","TEX","31.2%","66.3%","46.3%","59.5%","84.1%","74.6%","43.0%","60.3%","11.7%","16.6%","28.3%"
"2013","NYY","31.2%","65.6%","46.2%","68.3%","88.1%","80.6%","43.6%","60.5%","8.9%","17.3%","26.2%"
"2015","MIA","31.2%","64.8%","46.5%","67.6%","88.1%","80.6%","45.7%","61.2%","9.0%","17.9%","26.9%"
"2019","TEX","31.3%","66.0%","46.0%","60.9%","84.0%","74.9%","42.4%","61.0%","11.5%","17.2%","28.7%"
"2011","WSN","31.3%","63.7%","45.6%","66.8%","86.7%","79.1%","44.3%","60.6%","9.5%","18.2%","27.6%"
"2010","BAL","31.3%","65.9%","47.1%","67.5%","89.4%","81.5%","45.7%","60.6%","8.6%","17.3%","25.9%"
"2017","CHC","31.3%","66.9%","47.1%","61.7%","84.5%","76.1%","44.5%","60.5%","11.3%","16.1%","27.4%"
"2019","ATL","31.3%","71.2%","47.8%","64.2%","82.4%","75.4%","41.4%","60.0%","11.8%","14.8%","26.6%"
"2011","LAA","31.3%","63.2%","45.7%","68.5%","88.2%","80.8%","45.2%","60.3%","8.7%","18.3%","27.0%"
"2019","SDP","31.3%","67.0%","46.1%","59.6%","83.8%","74.2%","41.4%","61.7%","11.9%","17.4%","29.3%"
"2020","SFG","31.4%","69.8%","47.6%","63.8%","84.2%","76.4%","42.2%","61.6%","11.2%","16.6%","27.8%"
"2015","MIN","31.4%","66.0%","47.2%","64.8%","86.7%","78.8%","45.7%","61.8%","10.0%","17.3%","27.3%"
"2018","PIT","31.4%","69.2%","47.8%","64.8%","86.0%","78.1%","43.5%","61.4%","10.5%","16.3%","26.8%"
"2014","CHC","31.4%","65.6%","46.7%","59.4%","85.8%","76.0%","44.7%","60.6%","11.1%","17.6%","28.7%"
"2021","STL","31.5%","67.9%","46.9%","65.0%","84.5%","77.0%","42.4%","60.8%","10.8%","17.4%","28.2%"
"2018","TEX","31.5%","64.5%","45.4%","61.9%","84.8%","75.7%","42.2%","59.1%","11.1%","17.4%","28.5%"
"2014","LAA","31.5%","64.4%","46.0%","65.4%","87.7%","79.2%","44.1%","60.5%","9.5%","17.8%","27.3%"
"2019","KCR","31.5%","69.2%","47.5%","59.6%","86.2%","76.0%","42.3%","62.1%","11.4%","16.5%","27.9%"
"2021","CIN","31.5%","69.1%","46.8%","62.4%","85.5%","76.2%","40.7%","60.8%","11.1%","16.0%","27.1%"
"2018","MIA","31.5%","65.1%","46.3%","63.3%","86.0%","77.4%","44.0%","60.3%","10.5%","18.0%","28.4%"
"2011","CHW","31.5%","64.4%","46.2%","71.8%","88.9%","82.4%","44.7%","59.1%","8.1%","17.4%","25.5%"
"2010","SFG","31.5%","65.9%","47.1%","67.0%","87.4%","79.9%","45.3%","60.0%","9.4%","16.8%","26.2%"
"2021","ATL","31.5%","73.6%","49.0%","61.7%","83.3%","75.1%","41.5%","60.3%","12.2%","14.1%","26.3%"
"2021","TOR","31.5%","72.2%","48.5%","62.0%","86.7%","77.3%","41.7%","61.5%","11.0%","15.0%","26.0%"
"2020","MIN","31.5%","67.6%","46.0%","61.0%","85.1%","75.2%","40.1%","57.1%","11.4%","16.6%","28.0%"
"2013","CHW","31.6%","66.1%","47.2%","66.0%","87.2%","79.4%","45.1%","60.0%","9.7%","17.0%","26.7%"
"2013","BAL","31.7%","65.7%","46.7%","68.7%","87.2%","80.2%","44.1%","59.7%","9.2%","17.2%","26.4%"
"2020","ATL","31.7%","71.7%","48.3%","61.6%","82.1%","74.2%","41.6%","60.0%","12.4%","14.7%","27.1%"
"2018","TBR","31.7%","69.0%","47.2%","62.5%","84.8%","76.1%","41.6%","60.7%","11.3%","16.0%","27.3%"
"2012","LAA","31.8%","63.8%","46.3%","68.7%","88.1%","80.8%","45.2%","59.7%","8.8%","17.8%","26.6%"
"2021","CHC","31.8%","66.9%","46.5%","58.0%","83.4%","73.3%","41.9%","61.0%","12.4%","17.1%","29.5%"
"2013","SFG","31.8%","66.9%","47.0%","69.9%","88.9%","81.6%","43.4%","61.0%","8.6%","17.0%","25.6%"
"2013","KCR","31.8%","64.3%","46.4%","70.8%","89.1%","82.2%","44.8%","59.9%","8.2%","18.1%","26.3%"
"2019","TOR","31.8%","67.9%","46.6%","60.5%","84.5%","74.8%","40.9%","62.1%","11.7%","17.0%","28.7%"
"2012","CHW","31.8%","64.8%","46.8%","66.7%","87.8%","79.9%","45.3%","60.4%","9.4%","17.2%","26.6%"
"2020","KCR","31.9%","69.2%","47.0%","60.3%","83.6%","74.2%","40.4%","59.2%","12.1%","16.2%","28.3%"
"2019","PHI","31.9%","67.9%","46.9%","62.6%","84.5%","75.8%","41.6%","60.3%","11.3%","16.7%","28.1%"
"2014","CIN","31.9%","67.3%","47.5%","63.8%","86.5%","78.0%","44.3%","61.8%","10.4%","16.8%","27.2%"
"2019","CIN","31.9%","70.3%","48.1%","63.2%","85.1%","76.7%","42.2%","61.7%","11.2%","16.1%","27.3%"
"2018","SDP","31.9%","66.6%","47.0%","61.2%","83.6%","75.0%","43.4%","61.7%","11.7%","17.4%","29.1%"
"2013","HOU","32.0%","65.9%","47.0%","60.4%","83.5%","74.8%","44.3%","62.3%","11.8%","17.5%","29.3%"
"2020","ARI","32.0%","68.1%","47.0%","63.1%","84.7%","76.1%","41.6%","59.9%","11.2%","17.2%","28.4%"
"2018","COL","32.0%","70.3%","48.6%","62.2%","84.7%","76.3%","43.4%","61.7%","11.5%","15.2%","26.7%"
"2011","KCR","32.0%","65.2%","46.9%","73.8%","88.7%","83.1%","45.0%","59.9%","7.9%","17.1%","25.0%"
"2018","MIL","32.0%","65.6%","46.5%","62.5%","84.9%","76.1%","43.2%","60.7%","11.1%","17.2%","28.4%"
"2018","TOR","32.1%","68.3%","47.2%","60.1%","85.0%","75.1%","41.7%","60.2%","11.7%","16.5%","28.3%"
"2020","WSN","32.1%","68.8%","47.1%","66.1%","87.0%","78.6%","40.9%","61.9%","10.1%","16.6%","26.7%"
"2019","BOS","32.1%","69.6%","47.8%","64.9%","84.7%","76.9%","41.8%","60.1%","11.0%","15.8%","26.8%"
"2021","CLE","32.1%","68.5%","47.3%","62.7%","84.0%","75.6%","41.7%","59.5%","11.5%","16.6%","28.2%"
"2020","PIT","32.2%","69.3%","47.1%","57.8%","84.5%","73.6%","40.2%","59.0%","12.4%","15.9%","28.3%"
"2012","CHC","32.2%","64.3%","46.3%","67.0%","87.6%","79.6%","44.1%","62.1%","9.4%","18.1%","27.5%"
"2015","CHW","32.2%","66.3%","47.5%","65.9%","87.3%","79.3%","44.8%","61.3%","9.8%","17.2%","27.0%"
"2018","CHC","32.2%","67.6%","47.2%","62.1%","84.9%","76.0%","42.5%","60.8%","11.3%","16.4%","27.8%"
"2017","TBR","32.2%","70.3%","48.7%","60.6%","81.3%","73.5%","43.3%","61.7%","12.9%","14.6%","27.5%"
"2011","CHC","32.2%","66.1%","47.4%","64.3%","88.5%","79.4%","44.8%","60.9%","9.7%","17.2%","26.9%"
"2016","BAL","32.2%","67.9%","47.9%","60.9%","84.7%","75.7%","44.0%","62.0%","11.6%","15.9%","27.5%"
"2013","LAA","32.3%","64.5%","46.1%","66.4%","86.8%","78.7%","43.0%","59.8%","9.8%","17.1%","26.9%"
"2014","ATL","32.3%","68.3%","48.3%","62.5%","84.0%","76.1%","44.5%","62.1%","11.5%","15.7%","27.2%"
"2012","PIT","32.3%","64.2%","46.4%","65.2%","86.8%","78.4%","44.3%","61.0%","9.9%","18.2%","28.1%"
"2019","ARI","32.4%","68.3%","47.5%","64.2%","85.4%","77.0%","42.0%","60.7%","10.9%","16.6%","27.5%"
"2018","ATL","32.4%","71.6%","49.3%","65.7%","85.3%","77.9%","43.0%","61.5%","10.9%","14.8%","25.7%"
"2013","MIA","32.4%","66.0%","47.2%","65.5%","87.8%","79.2%","44.0%","61.2%","9.8%","17.0%","26.8%"
"2016","TEX","32.4%","64.8%","46.6%","65.7%","86.7%","78.5%","43.7%","60.4%","10.0%","17.7%","27.7%"
"2017","CHW","32.4%","68.9%","48.8%","60.2%","85.1%","76.0%","44.9%","61.7%","11.7%","16.0%","27.7%"
"2015","DET","32.4%","68.9%","48.8%","64.6%","86.8%","78.6%","44.8%","62.0%","10.4%","15.7%","26.0%"
"2016","PHI","32.5%","68.9%","48.7%","62.0%","85.4%","76.7%","44.6%","60.7%","11.3%","15.5%","26.8%"
"2012","SFG","32.5%","66.0%","46.9%","70.6%","88.4%","81.3%","43.0%","59.9%","8.7%","16.6%","25.3%"
"2015","KCR","32.5%","66.5%","47.6%","68.8%","89.9%","81.9%","44.6%","60.8%","8.6%","16.7%","25.3%"
"2011","HOU","32.5%","66.6%","48.0%","65.6%","88.5%","80.0%","45.4%","61.5%","9.5%","16.8%","26.4%"
"2014","KCR","32.6%","65.4%","47.3%","71.0%","89.8%","82.7%","44.8%","60.8%","8.2%","17.4%","25.5%"
"2019","MIN","32.6%","70.8%","48.2%","63.3%","85.8%","76.8%","40.9%","59.3%","11.2%","14.8%","26.0%"
"2021","TEX","32.6%","68.9%","47.9%","63.5%","83.6%","75.7%","42.1%","61.2%","11.6%","16.9%","28.5%"
"2016","ATL","32.7%","66.9%","47.8%","67.2%","86.6%","79.1%","44.1%","60.6%","9.9%","16.3%","26.2%"
"2015","PHI","32.7%","67.7%","48.1%","63.6%","87.3%","78.3%","44.0%","61.5%","10.4%","17.0%","27.4%"
"2011","SFG","32.7%","66.0%","47.0%","70.6%","87.8%","81.0%","43.0%","60.5%","8.9%","16.6%","25.5%"
"2021","COL","32.8%","70.6%","48.9%","62.9%","85.1%","76.6%","42.7%","61.6%","11.5%","15.8%","27.2%"
"2020","MIA","32.8%","66.1%","46.2%","61.4%","83.3%","74.0%","40.3%","60.3%","12.0%","16.4%","28.5%"
"2013","MIL","32.9%","66.9%","48.0%","67.1%","87.9%","80.0%","44.6%","62.7%","9.6%","16.8%","26.3%"
"2021","DET","32.9%","69.1%","48.1%","60.2%","83.4%","74.2%","42.1%","60.6%","12.4%","16.3%","28.7%"
"2012","KCR","32.9%","63.6%","46.6%","72.3%","88.7%","82.3%","44.8%","58.0%","8.2%","18.0%","26.2%"
"2020","NYM","32.9%","71.7%","48.8%","63.5%","85.9%","77.0%","41.0%","62.1%","11.2%","15.0%","26.2%"
"2019","COL","32.9%","70.4%","48.7%","62.8%","84.4%","76.0%","42.1%","61.8%","11.7%","15.3%","27.0%"
"2014","CHW","32.9%","68.0%","48.3%","61.9%","86.6%","77.1%","43.9%","61.2%","11.0%","16.4%","27.3%"
"2021","CHW","32.9%","68.1%","47.5%","62.7%","85.2%","76.1%","41.3%","60.0%","11.4%","16.2%","27.6%"
"2020","COL","33.0%","69.4%","48.5%","61.8%","84.9%","75.9%","42.5%","59.0%","11.7%","16.2%","27.9%"
"2015","COL","33.0%","69.0%","49.5%","64.4%","85.6%","77.9%","45.8%","61.3%","10.8%","16.0%","26.8%"
"2019","CHC","33.0%","68.4%","47.2%","60.6%","83.4%","73.8%","40.1%","60.0%","12.3%","15.9%","28.3%"
"2018","BAL","33.0%","68.9%","48.2%","60.4%","84.4%","75.0%","42.5%","60.5%","12.1%","15.9%","28.0%"
"2013","COL","33.1%","67.5%","48.4%","68.5%","86.6%","79.7%","44.5%","60.8%","9.8%","16.4%","26.2%"
"2019","BAL","33.1%","69.3%","48.0%","63.5%","84.3%","75.9%","41.2%","61.9%","11.6%","16.1%","27.7%"
"2014","BAL","33.1%","67.2%","48.1%","63.5%","86.1%","77.4%","43.9%","61.6%","10.8%","16.6%","27.5%"
"2012","WSN","33.2%","67.2%","47.9%","64.2%","85.5%","77.1%","43.2%","61.6%","10.9%","16.0%","26.9%"
"2018","KCR","33.2%","68.9%","48.3%","61.1%","86.5%","76.4%","42.3%","61.7%","11.4%","15.9%","27.2%"
"2017","BAL","33.3%","67.5%","48.3%","61.7%","84.2%","75.5%","43.9%","61.0%","11.8%","16.3%","28.1%"
"2016","CHW","33.3%","67.5%","48.2%","64.8%","86.1%","77.9%","43.7%","61.0%","10.7%","16.4%","27.0%"
"2021","NYM","33.3%","71.1%","49.1%","61.7%","84.2%","75.3%","41.9%","61.5%","12.1%","15.0%","27.1%"
"2015","BAL","33.4%","69.4%","49.2%","62.7%","85.4%","76.8%","43.9%","61.9%","11.4%","15.2%","26.6%"
"2016","KCR","33.4%","68.9%","49.2%","62.6%","87.6%","78.2%","44.6%","61.3%","10.7%","15.7%","26.3%"
"2014","MIL","33.6%","69.4%","49.3%","65.0%","86.0%","78.0%","43.9%","61.2%","10.8%","15.4%","26.2%"
"2021","LAA","33.6%","67.4%","48.0%","64.5%","85.1%","76.9%","42.7%","62.1%","11.1%","17.3%","28.4%"
"2019","PIT","33.6%","72.3%","49.5%","65.9%","86.9%","78.5%","41.1%","61.7%","10.6%","14.6%","25.2%"
"2017","ATL","33.7%","70.9%","49.8%","66.9%","86.5%","79.0%","43.4%","61.5%","10.5%","15.0%","25.4%"
"2014","SFG","33.7%","69.4%","49.0%","66.7%","85.9%","78.4%","42.7%","61.0%","10.5%","15.3%","25.8%"
"2019","SFG","33.7%","70.7%","48.9%","65.1%","84.4%","76.6%","41.2%","61.6%","11.5%","15.7%","27.1%"
"2019","NYM","33.7%","72.1%","49.7%","63.5%","84.6%","76.2%","41.4%","62.1%","11.8%","14.5%","26.3%"
"2017","KCR","33.8%","71.1%","50.6%","64.4%","87.1%","78.8%","45.2%","61.2%","10.7%","14.4%","25.1%"
"2021","BAL","33.8%","68.9%","48.5%","62.7%","84.1%","75.4%","41.8%","61.0%","11.9%","16.2%","28.1%"
"2021","MIA","33.9%","67.0%","47.8%","60.3%","83.9%","74.2%","41.9%","59.8%","12.3%","16.9%","29.2%"
"2018","CHW","34.0%","68.0%","48.7%","58.4%","83.8%","73.7%","43.1%","63.3%","12.8%","16.6%","29.4%"
"2015","MIL","34.0%","68.5%","49.4%","65.0%","86.7%","78.4%","44.7%","62.7%","10.6%","16.1%","26.7%"
"2020","CHW","34.1%","67.1%","47.2%","59.3%","82.8%","72.5%","39.6%","60.3%","13.0%","16.9%","29.8%"
"2021","BOS","34.1%","70.1%","48.9%","64.3%","83.4%","75.6%","41.3%","60.9%","11.9%","15.8%","27.7%"
"2020","BOS","34.2%","69.2%","48.5%","61.5%","84.2%","74.7%","40.9%","59.5%","12.3%","15.5%","27.7%"
"2021","KCR","34.4%","71.9%","49.9%","62.4%","86.0%","76.4%","41.2%","61.6%","11.8%","14.6%","26.4%"
"2020","DET","34.4%","69.6%","48.4%","56.5%","83.7%","72.0%","39.7%","60.2%","13.5%","16.5%","30.0%"
"2014","COL","34.5%","68.4%","49.4%","67.8%","86.7%","79.3%","44.0%","63.0%","10.1%","16.2%","26.3%"
"2018","DET","34.7%","69.1%","49.4%","62.7%","86.0%","76.6%","42.7%","60.5%","11.6%","15.6%","27.2%"
"2019","CHW","34.8%","68.7%","49.1%","59.7%","84.4%","74.3%","42.2%","61.8%","12.6%","16.2%","28.8%"
"2019","MIA","34.9%","67.0%","48.0%","61.6%","85.6%","75.3%","40.7%","62.5%","11.9%","17.3%","29.2%"
"2020","BAL","36.6%","70.7%","50.4%","64.9%","83.6%","75.6%","40.4%","61.0%","12.3%","14.5%","26.8%"
"2019","DET","37.2%","68.8%","50.3%","61.4%","83.2%","73.8%","41.5%","63.6%","13.2%","16.0%","29.2%"
