"Season","Team","PA","BB%+","K%+","AVG+","OBP+","SLG+","wRC+","ISO+","BABIP+","LD%+","GB%+","FB%+","Pull%+","Cent%+","Oppo%+"
"2019","HOU","6394","119","80","108","109","113","126","119","99","101","98","102","103","101","94"
"2020","LAD","2316","106","88","104","104","115","122","130","94","96","91","114","102","98","100"
"2020","NYM","2279","93","95","111","107","109","121","107","109","100","108","90","96","102","103"
"2017","HOU","6271","96","81","110","106","111","121","113","104","96","101","101","100","101","100"
"2020","ATL","2344","110","106","109","107","115","120","123","110","109","89","108","101","96","104"
"2003","BOS","6530","115","92","108","108","115","120","126","104","105","89","110","102","95","102"
"2007","NYY","6528","114","91","107","108","109","119","114","104","103","104","94","100","99","101"
"2021","HOU","5429","106","84","110","107","106","117","102","105","107","95","101","101","102","96"
"2015","TOR","6231","119","93","105","107","111","117","120","101","96","101","101","107","93","99"
"2009","NYY","6449","117","90","106","108","111","117","120","102","105","101","96","100","100","101"
"2011","BOS","6414","111","96","108","108","113","117","120","107","102","98","102","101","99","101"
"2019","NYY","6245","107","101","105","105","111","116","119","103","99","99","102","99","101","101"
"2020","NYY","2210","125","91","102","107","108","116","117","96","102","103","96","104","90","107"
"2002","NYY","6377","119","113","104","107","107","116","112","106","102","101","98","102","96","101"
"2019","MIN","6392","97","91","106","104","112","116","120","101","104","91","108","105","97","96"
"2005","NYY","6406","127","98","103","107","106","116","111","101","86","106","100","109","95","91"
"2001","SEA","6474","114","93","108","108","104","116","97","108","","","","","",""
"2020","SDP","2231","99","93","104","102","111","115","120","99","98","103","98","101","97","102"
"2003","NYY","6431","129","103","101","107","106","115","113","100","95","103","100","100","107","93"
"2013","BOS","6382","112","104","108","109","110","114","113","110","107","96","101","99","100","101"
"2013","DET","6388","102","85","111","108","107","114","101","107","108","100","95","98","101","102"
"2004","BOS","6515","119","112","104","106","109","114","116","106","100","95","106","107","96","93"
"2012","LAA","6121","91","95","107","103","105","113","102","106","94","107","94","99","102","98"
"2006","NYY","6455","121","101","103","107","105","113","109","103","98","104","97","99","102","99"
"2016","BOS","6320","110","89","109","108","109","113","108","107","102","101","98","101","99","99"
"2012","NYY","6231","113","98","103","105","110","113","121","100","102","102","96","103","100","94"
"2020","CHW","2267","87","106","107","102","109","113","112","108","98","107","94","89","105","112"
"2011","NYY","6306","123","101","102","106","109","113","120","99","98","104","96","105","96","97"
"2020","SFG","2259","93","96","107","103","107","113","107","106","101","95","106","106","98","94"
"2004","NYY","6364","124","94","99","104","105","112","116","95","94","103","100","103","100","95"
"2011","STL","6242","103","85","106","104","105","112","105","102","102","107","91","92","102","110"
"2005","BOS","6403","130","103","105","108","107","112","111","105","111","94","101","100","102","98"
"2008","TEX","6478","107","111","105","105","110","112","117","108","112","96","98","95","102","105"
"2000","SFG","6418","110","99","102","103","106","112","112","101","","","","","",""
"2011","TEX","6261","94","83","109","105","113","112","118","103","106","102","95","93","107","102"
"2010","NYY","6379","122","102","102","107","107","112","115","102","99","102","98","103","97","99"
"2018","OAK","6255","106","101","101","102","105","112","112","100","101","94","107","98","102","100"
"2021","TOR","5247","97","89","108","104","110","112","114","102","101","97","103","100","97","103"
"2014","DET","6202","93","94","109","105","109","112","109","107","107","96","101","101","100","99"
"2018","NYY","6271","120","104","100","103","108","112","121","97","95","98","105","102","100","97"
"2003","ATL","6378","95","91","106","102","110","112","118","101","95","100","103","103","102","94"
"2014","LAD","6231","106","100","104","104","103","112","101","105","100","107","91","93","100","110"
"2001","CLE","6357","109","103","104","105","107","112","111","104","","","","","",""
"2018","LAD","6358","113","105","99","102","106","111","117","98","98","93","110","104","98","97"
"2019","LAD","6281","109","99","100","102","106","111","115","97","101","94","106","102","99","98"
"2018","BOS","6302","109","91","107","106","109","111","111","105","96","103","99","99","99","103"
"2008","BOS","6402","117","99","104","106","106","110","110","104","102","95","105","105","101","90"
"2018","HOU","6146","111","89","102","103","102","110","102","98","96","98","104","105","101","90"
"2005","CLE","6255","102","111","101","101","106","110","116","102","100","101","99","108","95","93"
"2014","LAA","6284","101","102","102","102","104","110","107","102","99","103","97","101","98","101"
"2002","SEA","6362","117","97","104","105","99","110","90","105","103","104","93","89","105","113"
"2020","TBR","2261","119","113","98","103","103","110","109","103","100","102","98","107","96","93"
"2007","BOS","6426","125","97","103","107","105","109","108","103","98","95","107","102","102","94"
"2004","CLE","6452","111","96","102","104","102","109","103","102","101","100","100","101","99","99"
"2000","CLE","6512","110","104","104","105","106","109","108","105","","","","","",""
"2020","PHI","2223","111","93","104","105","104","109","105","102","96","96","108","98","100","103"
"2017","NYY","6354","115","102","102","104","104","109","107","102","101","99","101","102","97","101"
"2000","OAK","6432","122","115","98","103","103","109","112","99","","","","","",""
"2013","LAA","6260","103","99","103","102","102","109","101","103","101","105","93","93","106","103"
"2003","STL","6466","99","91","104","103","105","109","108","101","103","96","103","98","101","102"
"2010","BOS","6356","108","103","103","103","111","109","124","101","97","90","113","101","99","100"
"2002","SFG","6298","105","93","100","101","104","109","112","97","101","92","109","104","102","91"
"2021","CHW","5289","113","100","104","106","101","109","97","106","102","108","89","96","101","106"
"2020","LAA","2308","114","89","102","104","104","109","106","98","96","100","103","103","96","99"
"2009","TBR","6223","117","113","98","102","102","109","109","101","106","95","102","105","96","98"
"2011","DET","6231","103","102","107","105","106","109","104","108","108","93","104","100","96","106"
"2009","LAA","6305","98","96","107","104","103","108","96","107","101","104","95","96","102","103"
"2007","DET","6364","87","99","106","102","108","108","112","106","108","95","102","108","94","95"
"2015","HOU","6073","104","116","98","99","106","108","119","99","98","93","110","106","96","97"
"2014","PIT","6224","107","100","101","103","102","108","104","101","100","99","101","104","99","95"
"2001","TEX","6388","103","104","103","103","110","108","121","101","","","","","",""
"2021","TBR","5423","110","109","99","101","103","108","110","101","91","100","105","99","105","95"
"2001","SFG","6408","109","99","99","101","105","108","113","97","","","","","",""
"2006","CLE","6303","106","118","102","102","104","108","109","106","105","96","102","100","98","102"
"2013","OAK","6209","113","96","99","102","103","108","110","97","98","86","118","102","101","96"
"2001","OAK","6385","121","97","99","103","102","108","108","97","","","","","",""
"2003","TOR","6364","104","108","104","104","106","108","109","106","109","96","98","95","102","107"
"2016","SEA","6227","101","100","101","101","101","108","103","100","98","106","94","96","103","101"
"2019","OAK","6269","108","93","98","101","102","108","107","94","100","97","104","103","100","95"
"2000","SEA","6444","126","106","98","103","99","107","102","99","","","","","",""
"2006","TOR","6241","99","90","103","102","106","107","110","100","99","97","104","95","108","98"
"2008","STL","6370","99","90","105","103","102","107","96","104","103","102","96","94","102","106"
"2002","BOS","6332","102","92","105","104","104","107","104","103","101","101","97","105","98","95"
"2013","TBR","6242","116","95","100","103","101","107","101","99","96","100","102","104","102","91"
"2014","TOR","6167","106","95","102","102","106","107","113","99","96","101","101","102","96","103"
"2004","STL","6297","96","105","103","101","105","107","109","103","103","98","100","96","102","104"
"2018","TBR","6195","105","103","103","105","98","107","89","108","104","108","89","91","101","113"
"2021","BOS","5386","97","98","106","104","108","106","110","106","103","96","103","99","97","107"
"2021","SFG","5369","104","107","99","100","105","106","112","100","104","93","106","102","99","98"
"2002","OAK","6291","115","99","99","102","102","106","106","97","100","99","101","100","103","97"
"2012","STL","6326","102","98","104","103","102","106","98","104","100","106","92","94","103","106"
"2008","DET","6331","105","101","101","101","105","106","113","100","96","99","103","106","96","96"
"2000","ANA","6373","100","103","101","101","106","106","115","100","","","","","",""
"2012","TEX","6216","96","92","107","104","108","106","111","104","99","100","101","96","101","106"
"2020","BOS","2304","90","100","109","104","107","106","105","110","94","105","98","95","108","97"
"2019","BOS","6475","107","93","106","105","106","106","105","105","98","101","100","97","101","104"
"2010","MIN","6257","105","89","105","104","103","106","101","103","103","106","92","95","103","104"
"2009","BOS","6344","118","101","101","105","106","106","114","100","100","92","109","106","100","91"
"2015","LAD","6090","116","104","96","101","101","106","109","96","101","95","107","102","102","94"
"2000","CHW","6410","96","96","104","102","106","106","109","102","","","","","",""
"2016","DET","6127","100","103","104","103","103","106","103","105","106","95","103","97","101","103"
"2010","CIN","6285","94","105","104","102","106","106","109","104","104","97","102","97","99","106"
"2004","DET","6285","97","111","101","99","103","106","108","103","104","96","102","103","98","96"
"2016","CHC","6335","120","103","98","104","101","106","105","99","100","95","106","110","99","86"
"2005","TEX","6301","100","112","100","100","110","106","128","98","102","90","111","102","104","93"
"2010","TBR","6270","126","118","95","101","99","106","106","99","98","97","105","108","97","92"
"2018","CLE","6300","106","87","104","104","104","106","105","99","105","95","103","99","104","96"
"2002","CHW","6208","106","94","101","102","106","105","113","98","97","95","108","107","88","102"
"2000","HOU","6444","104","108","102","103","107","105","115","101","","","","","",""
"2010","TOR","6072","91","110","95","95","111","105","140","91","94","90","114","110","97","88"
"2007","PHI","6537","111","112","100","103","105","105","113","102","102","97","102","101","100","97"
"2020","TOR","2263","99","94","105","102","106","105","108","102","105","100","97","99","98","104"
"2004","SFG","6466","121","83","100","105","100","105","100","97","96","101","101","104","103","91"
"2017","CLE","6234","115","87","103","104","105","105","107","99","100","99","101","104","100","93"
"2008","TBR","6312","115","115","97","101","100","105","106","100","99","102","99","100","102","98"
"2002","ANA","6327","87","78","107","103","102","105","93","104","106","93","105","99","102","99"
"2000","STL","6369","106","121","99","102","102","105","107","102","","","","","",""
"2021","LAD","5482","108","103","97","100","100","105","105","97","96","94","109","103","97","98"
"2016","STL","6223","98","103","98","99","104","105","114","97","94","96","109","107","94","98"
"2012","DET","6119","104","94","105","104","103","105","99","105","104","100","98","92","104","108"
"2000","NYY","6311","104","102","100","101","101","105","103","100","","","","","",""
"2013","STL","6202","97","94","104","103","100","104","93","105","109","100","94","97","100","105"
"2017","LAD","6191","117","106","95","100","100","104","107","96","98","97","105","101","98","101"
"2003","SEA","6281","113","100","101","103","96","104","86","104","99","106","94","88","101","118"
"2010","MIL","6304","98","105","100","101","103","104","107","101","99","102","99","97","101","103"
"2014","BAL","6130","85","106","101","98","108","104","121","99","95","98","105","103","100","95"
"2016","TOR","6233","126","106","96","102","100","104","107","97","98","98","104","104","94","101"
"2008","NYY","6257","99","96","101","102","102","104","102","100","99","105","94","101","97","102"
"2007","CLE","6367","108","113","99","101","101","104","104","101","100","93","108","103","96","100"
"2013","CLE","6165","112","106","99","102","101","104","104","101","100","100","100","108","95","94"
"2020","BAL","2242","81","97","106","101","104","104","100","106","110","96","99","105","94","100"
"2001","CHW","6151","102","98","100","100","105","104","113","98","","","","","",""
"2015","SFG","6153","93","95","103","101","99","104","93","103","101","105","93","92","104","105"
"2019","NYM","6290","93","101","100","99","99","104","99","100","96","106","96","97","104","99"
"2020","WSN","2218","93","88","107","103","103","104","97","105","109","101","93","91","105","108"
"2009","MIN","6346","105","92","103","102","100","104","95","102","97","107","93","94","102","107"
"2008","CHC","6384","109","108","104","104","104","104","104","106","102","98","101","91","97","118"
"2019","WSN","6267","105","95","103","103","102","104","101","102","97","97","105","103","95","101"
"2011","TBR","6152","115","108","94","100","98","103","106","95","95","99","104","106","98","94"
"2001","NYY","6233","100","101","100","100","101","103","104","99","","","","","",""
"2017","OAK","6126","110","114","96","98","101","103","109","99","102","88","113","97","103","101"
"2013","LAD","6145","97","98","102","101","99","103","93","103","105","97","101","98","99","105"
"2017","MIN","6261","112","101","101","103","101","103","100","103","104","96","102","101","100","98"
"2004","BAL","6431","97","90","104","102","99","103","92","103","105","99","99","103","101","94"
"2015","NYY","6268","115","99","98","101","102","103","108","96","99","94","108","109","96","90"
"2008","CLE","6299","103","114","98","101","101","103","106","101","103","92","108","110","94","92"
"2021","OAK","5298","104","98","97","100","98","103","101","96","98","96","105","103","103","92"
"2002","TEX","6332","104","103","102","102","107","103","116","100","101","95","106","100","104","96"
"2005","CIN","6321","110","128","97","100","104","103","116","101","100","101","99","97","101","103"
"2009","PHI","6338","100","104","97","99","106","103","121","95","103","93","106","106","102","87"
"2011","MIL","6113","93","97","101","100","105","103","114","98","98","103","98","101","98","100"
"2006","CHW","6318","96","104","102","101","106","103","113","100","102","96","103","103","94","103"
"2019","TBR","6285","101","104","100","101","98","103","95","103","101","105","93","95","107","99"
"2004","SDP","6313","99","88","101","100","95","103","84","101","102","100","99","92","107","105"
"2016","BAL","6089","96","105","99","99","105","103","113","98","94","96","108","102","99","99"
"2015","DET","6159","96","103","106","103","102","103","95","109","110","96","99","95","100","108"
"2004","ANA","6296","84","91","104","101","99","103","90","104","103","103","95","97","101","104"
"2007","TBD","6280","101","126","99","99","102","103","108","104","102","97","102","104","97","97"
"2007","SEA","6209","73","83","106","100","100","103","91","103","99","107","92","101","102","97"
"2017","SEA","6166","94","96","101","100","99","103","95","101","95","102","100","98","104","98"
"2009","MIL","6296","104","112","99","101","101","103","105","101","95","100","103","100","102","97"
"2014","OAK","6245","122","90","96","101","97","102","99","93","97","88","117","100","102","97"
"2012","MIL","6224","91","104","99","100","106","102","116","99","89","99","108","97","104","99"
"2003","MIN","6324","98","103","103","102","101","102","96","106","97","110","89","102","98","99"
"2020","OAK","2201","119","100","93","101","96","102","100","93","103","88","112","102","98","99"
"2019","CHC","6195","106","108","98","100","102","102","107","99","93","107","96","97","101","103"
"2004","OAK","6459","111","100","100","101","100","102","99","100","103","95","104","102","97","100"
"2010","DET","6312","102","104","103","102","102","102","100","105","107","98","99","101","95","107"
"2009","LAD","6385","103","96","102","102","98","102","90","102","109","105","90","92","103","108"
"2011","NYM","6335","107","93","102","103","97","102","88","103","105","97","101","97","103","102"
"2019","ATL","6302","111","106","100","102","102","102","104","102","109","95","101","103","94","103"
"2013","ATL","6133","111","119","97","100","100","102","107","100","98","96","106","106","98","93"
"2017","CHC","6283","110","106","98","101","100","101","104","99","95","103","99","106","98","94"
"2021","CIN","5405","98","105","101","101","103","101","106","102","107","101","95","102","97","101"
"2008","CHW","6231","101","97","98","99","106","101","121","93","99","92","110","107","94","95"
"2012","SFG","6200","94","92","103","100","96","101","84","104","105","103","93","98","98","106"
"2009","TOR","6362","98","93","100","99","103","101","108","97","98","92","110","102","104","91"
"2005","BAL","6134","93","93","100","99","102","101","105","98","99","97","104","105","96","97"
"2012","WSN","6221","93","111","100","99","103","101","109","102","93","102","102","97","103","100"
"2004","CHW","6197","95","102","99","98","105","101","116","96","98","93","109","100","93","108"
"2016","HOU","6204","111","113","96","99","98","101","102","100","104","100","97","107","100","88"
"2001","STL","6177","96","103","100","100","100","101","100","101","","","","","",""
"2003","CHW","6148","102","95","98","99","104","101","113","95","98","93","110","105","95","96"
"2017","MIA","6248","86","98","102","99","98","101","93","102","97","112","87","94","102","106"
"2006","LAD","6394","106","91","101","102","98","101","92","101","100","102","98","98","101","102"
"2006","MIN","6228","95","87","104","102","97","101","85","103","109","108","86","90","107","106"
"2002","MIN","6196","90","108","103","100","103","101","103","106","103","107","90","97","100","105"
"2001","HOU","6325","103","103","101","102","103","101","105","102","","","","","",""
"2002","STL","6246","93","91","101","100","100","101","100","99","101","100","99","106","95","96"
"2018","WSN","6288","112","95","100","102","100","101","101","99","95","102","100","96","101","104"
"2017","STL","6219","106","103","98","100","97","101","96","100","102","98","101","104","97","97"
"2000","TOR","6326","87","104","100","98","106","101","115","98","","","","","",""
"2007","FLA","6344","93","128","98","98","103","101","111","104","102","94","105","103","98","98"
"2018","TOR","6076","99","105","98","98","103","101","110","97","100","97","104","104","96","100"
"2020","MIN","2168","95","103","100","99","103","101","108","97","103","92","108","100","97","104"
"2005","TBD","6120","86","102","102","99","100","101","96","103","100","101","99","98","105","97"
"2011","KCR","6267","87","89","106","102","102","101","93","106","103","103","94","94","102","107"
"2002","PHI","6323","108","106","97","100","100","101","104","99","101","96","105","99","103","99"
"2017","NYM","6169","95","100","96","96","99","101","105","94","98","91","112","102","102","95"
"2013","BAL","6144","83","93","101","97","106","101","115","97","95","100","103","105","95","99"
"2014","MIN","6233","113","108","100","102","99","100","98","104","102","99","100","100","98","103"
"2005","STL","6246","97","94","100","100","99","100","96","99","99","106","94","96","101","106"
"2007","NYM","6344","98","94","101","100","99","100","96","100","103","105","93","99","102","99"
"2013","SFG","6168","95","92","101","99","95","100","85","101","100","102","98","97","103","101"
"2015","SEA","6131","101","110","97","98","99","100","103","99","100","100","100","96","102","105"
"2001","BOS","6264","100","110","100","100","102","100","107","101","","","","","",""
"2007","LAA","6198","96","85","105","102","98","100","87","103","92","107","95","101","100","99"
"2018","CHC","6369","101","101","102","102","98","100","93","104","98","106","93","101","98","101"
"2008","NYM","6388","106","94","100","100","99","100","97","98","110","106","86","102","100","96"
"2004","PHI","6456","110","107","99","101","101","100","105","100","104","97","101","100","103","97"
"2010","CHW","6118","90","86","103","101","103","100","103","99","98","104","97","104","96","99"
"2020","HOU","2229","95","83","99","98","98","100","98","94","100","96","105","107","99","90"
"2009","CLE","6320","105","110","99","101","97","100","95","102","107","102","94","102","97","100"
"2006","ATL","6284","94","113","99","98","103","100","109","101","103","100","98","95","102","105"
"2007","MIL","6238","91","111","96","96","105","100","119","95","95","97","105","103","99","96"
"2021","WSN","5262","97","97","104","102","100","100","94","104","106","110","85","92","109","100"
"2000","DET","6343","93","99","100","98","99","100","97","100","","","","","",""
"2003","PHI","6333","114","113","97","101","97","100","97","101","105","100","97","96","103","104"
"2012","TBR","6105","116","113","94","99","96","100","99","97","96","96","107","113","95","86"
"2021","MIN","5317","104","100","98","100","101","100","106","96","100","101","99","107","96","93"
"2018","MIL","6210","96","109","99","99","102","100","105","101","99","106","93","97","104","99"
"2010","ATL","6252","115","99","99","102","97","100","95","100","101","102","98","99","100","101"
"2004","ATL","6339","102","112","100","101","99","100","98","104","100","105","94","98","102","102"
"2005","ATL","6186","98","109","99","98","102","100","107","100","98","103","98","96","100","106"
"2016","CLE","6155","108","98","102","102","101","100","101","102","102","97","103","101","100","98"
"2018","SEA","6087","85","92","102","99","98","100","92","100","99","106","93","99","102","99"
"2021","ATL","5279","102","106","98","98","104","100","113","97","99","95","106","104","99","95"
"2006","PHI","6509","108","113","98","101","101","100","106","100","102","102","97","105","98","94"
"2006","BOS","6435","126","102","98","103","99","100","102","98","102","91","110","108","99","89"
"2003","SFG","6204","106","98","98","99","99","100","99","98","97","97","106","103","103","92"
"2015","TBR","6071","93","109","99","99","98","100","98","101","103","97","103","103","98","97"
"2000","LAD","6312","106","106","94","97","97","99","100","94","","","","","",""
"2007","OAK","6365","122","105","95","100","96","99","99","95","103","92","108","100","103","97"
"2001","MIN","6185","96","106","102","101","101","99","100","105","","","","","",""
"2018","STL","6200","94","103","98","98","98","99","98","98","102","99","100","104","95","101"
"2011","CIN","6329","100","108","99","100","101","99","105","99","101","99","101","96","102","104"
"2021","NYY","5281","123","107","96","102","96","99","96","98","95","103","99","97","100","105"
"2013","PIT","6135","96","114","95","97","99","99","105","98","100","101","98","107","102","87"
"2007","ATL","6374","95","110","101","99","100","99","98","103","100","104","96","100","101","99"
"2014","SFG","6087","90","102","99","97","98","99","96","100","97","98","104","98","103","99"
"2006","NYM","6291","98","104","97","97","101","99","106","97","94","101","102","99","97","105"
"2008","ATL","6368","106","94","101","102","96","99","87","102","106","103","93","95","104","104"
"2013","TOR","6152","102","93","98","99","101","99","106","95","96","102","100","102","95","104"
"2015","BOS","6237","100","93","104","102","100","99","95","103","98","106","94","94","105","103"
"2008","MIN","6331","97","92","104","101","97","99","85","105","101","107","91","90","104","110"
"2014","WSN","6216","106","105","99","100","99","99","101","100","98","101","100","101","97","101"
"2010","PHI","6291","101","92","99","100","100","99","102","97","98","102","99","103","102","92"
"2000","NYM","6328","107","101","96","99","96","99","96","96","","","","","",""
"2005","OAK","6275","109","83","98","100","96","99","92","95","103","97","102","99","103","98"
"2015","KCR","6116","81","80","105","101","100","99","91","102","105","100","97","96","104","102"
"2010","STL","6241","98","89","100","100","97","99","92","98","101","104","94","97","100","106"
"2017","WSN","6214","97","102","102","100","103","99","104","102","99","99","102","99","99","103"
"2003","TEX","6293","94","106","99","99","106","99","117","97","107","90","108","105","98","93"
"2016","NYM","6115","98","104","94","96","98","99","104","93","104","88","113","103","100","96"
"2011","CLE","6142","99","115","97","98","97","99","97","101","99","103","98","104","100","93"
"2006","SDP","6287","101","107","97","97","94","99","90","99","99","98","103","98","100","103"
"2003","FLA","6186","92","98","99","98","98","99","95","99","101","104","94","98","101","102"
"2006","DET","6198","84","113","100","97","102","99","107","102","97","97","105","103","93","104"
"2017","TBR","6147","105","117","95","98","98","99","102","99","99","100","101","101","100","99"
"2005","DET","6136","80","107","101","97","101","99","100","103","99","101","100","98","98","105"
"2016","LAA","6041","97","79","101","100","95","99","87","97","98","104","97","95","105","102"
"2008","BAL","6211","100","95","100","99","102","99","106","98","98","98","103","98","100","103"
"2014","CHW","6077","89","114","100","98","102","99","106","103","101","105","94","97","98","108"
"2011","LAA","6088","90","99","98","97","98","98","99","98","99","101","100","97","103","100"
"2005","PHI","6345","115","106","100","103","99","98","97","102","110","97","98","97","108","96"
"2010","TEX","6302","95","90","106","103","103","98","97","104","105","103","94","93","104","105"
"2012","CHW","6111","94","103","100","99","102","98","107","99","103","96","103","100","97","104"
"2014","CLE","6222","105","97","100","100","99","98","99","99","106","97","100","103","97","100"
"2000","BAL","6238","93","92","98","98","98","98","97","97","","","","","",""
"2004","CHC","6281","86","105","99","96","105","98","114","98","103","96","103","106","91","100"
"2014","HOU","6055","106","121","95","98","98","98","102","100","98","98","104","97","105","98"
"2016","TBR","6046","93","119","94","95","100","98","110","98","96","94","110","106","94","98"
"2010","SFG","6143","90","97","98","97","99","98","100","97","97","102","99","104","96","100"
"2015","NYM","6145","100","105","94","96","98","98","104","94","103","92","109","103","95","102"
"2010","KCR","6209","89","83","105","101","98","98","85","103","100","101","98","96","103","103"
"2019","SEA","6199","112","112","94","98","96","98","100","96","98","96","106","95","100","108"
"2009","STL","6168","92","97","99","98","98","98","97","98","95","103","99","101","99","99"
"2005","FLA","6214","94","92","101","100","96","98","86","102","105","102","94","96","100","107"
"2004","HOU","6269","104","98","99","100","100","98","101","98","101","96","104","101","97","102"
"2018","LAA","6108","101","98","97","98","99","98","103","94","102","98","102","109","98","87"
"2021","SDP","5312","108","98","97","99","96","98","93","97","96","106","96","98","103","100"
"2015","TEX","6187","106","101","101","102","100","98","99","101","93","103","100","103","101","94"
"2006","STL","6225","96","90","99","98","98","98","96","97","100","104","96","101","100","99"
"2001","CHC","6219","104","101","97","99","98","98","99","97","","","","","",""
"2008","PHI","6273","102","104","96","98","103","98","115","94","103","97","101","107","99","89"
"2017","DET","6150","97","100","101","100","99","98","95","103","114","97","95","95","99","110"
"2005","SDP","6271","109","97","96","98","91","98","84","97","103","97","102","100","101","98"
"2019","MIL","6309","113","113","96","99","98","98","102","99","97","102","99","94","102","107"
"2016","PIT","6261","104","104","99","101","94","97","88","102","101","105","93","102","99","99"
"2009","FLA","6312","97","111","101","100","98","97","94","104","102","97","102","101","97","101"
"2002","FLA","6263","102","110","98","99","95","97","91","102","101","103","95","96","100","106"
"2021","LAA","5214","86","103","101","98","100","97","98","102","105","100","97","100","98","103"
"2012","OAK","6183","111","117","93","97","98","97","106","96","101","89","114","102","102","93"
"2008","MIL","6252","97","112","94","96","101","97","112","95","89","97","109","104","96","98"
"2006","OAK","6281","125","96","94","100","94","97","93","93","99","98","104","96","102","103"
"2004","LAD","6244","95","107","97","97","97","97","96","98","94","104","99","96","109","97"
"2015","BAL","6007","90","112","98","96","102","97","109","98","99","97","104","103","98","98"
"2001","SDP","6278","121","118","94","99","91","97","86","99","","","","","",""
"2015","PIT","6285","92","106","100","100","97","97","91","103","101","104","93","104","100","94"
"2016","LAD","6164","99","104","96","97","96","97","97","96","99","104","96","97","101","105"
"2001","LAD","6169","94","100","95","95","97","97","99","93","","","","","",""
"2014","COL","6164","82","104","108","102","113","97","121","107","101","102","96","96","103","102"
"2002","ARI","6318","109","98","100","102","100","97","99","101","102","103","95","98","103","100"
"2006","TEX","6273","97","105","101","99","102","97","104","102","102","98","101","102","100","97"
"2015","STL","6139","104","104","97","99","96","97","95","99","100","101","98","99","100","101"
"2009","ATL","6335","102","96","99","100","96","97","91","99","104","100","97","99","102","98"
"2012","SDP","6112","107","105","95","98","92","97","87","98","96","107","93","95","105","100"
"2014","TBR","6205","110","92","97","100","94","97","87","96","95","103","99","102","100","97"
"2019","LAA","6251","110","89","97","100","96","97","94","94","101","102","97","106","98","93"
"2003","HOU","6320","98","100","98","99","100","97","104","97","95","97","107","103","97","98"
"2011","TOR","6210","104","106","96","98","101","97","109","96","94","95","110","109","95","92"
"2011","ARI","6096","103","112","97","99","102","97","113","98","103","94","106","102","97","100"
"2015","CLE","6109","113","96","100","102","97","97","92","101","104","101","96","100","99","101"
"2012","CLE","6195","112","91","98","101","93","97","84","98","100","105","94","103","98","99"
"2016","CHW","6131","93","101","100","99","97","97","92","102","100","105","93","95","98","111"
"2018","ATL","6251","91","96","101","99","100","97","98","101","105","99","98","102","97","101"
"2012","ARI","6150","106","107","99","100","101","97","104","101","102","94","107","102","98","100"
"2007","COL","6498","108","108","103","103","100","97","97","106","111","102","93","86","108","112"
"2004","MIN","6286","96","96","98","98","99","97","101","97","93","106","97","103","96","98"
"2013","TEX","6196","92","87","102","101","102","97","100","99","98","102","99","99","101","101"
"2001","ARI","6349","103","97","99","100","100","97","102","98","","","","","",""
"2000","TEX","6364","95","93","103","101","100","97","97","102","","","","","",""
"2002","TOR","6230","100","113","99","99","101","97","105","101","103","98","100","95","105","103"
"2003","PIT","6315","93","103","100","99","98","97","94","101","99","100","101","101","99","100"
"2003","ANA","6119","94","87","100","99","96","96","90","99","101","97","103","98","102","102"
"2006","WSN","6283","106","112","96","99","94","96","92","100","100","101","99","96","99","108"
"2012","BAL","6160","97","111","97","97","101","96","109","97","96","100","102","105","100","93"
"2006","FLA","6191","90","123","97","97","98","96","100","102","97","102","100","99","98","104"
"2015","WSN","6117","111","110","96","99","98","96","101","98","95","104","98","102","97","102"
"2008","LAA","6155","91","95","100","98","98","96","95","99","91","107","97","103","99","97"
"2011","BAL","6156","91","101","99","98","101","96","104","98","97","101","101","99","102","99"
"2006","BAL","6240","92","87","101","100","97","96","90","99","101","102","97","101","100","100"
"2007","SDP","6326","100","118","92","94","94","96","98","96","97","95","107","103","98","97"
"2009","WSN","6273","106","110","97","99","96","96","95","100","98","103","97","104","97","98"
"2016","SFG","6271","106","86","99","100","94","96","85","98","102","102","97","94","101","108"
"2018","MIN","6154","105","99","100","100","97","96","93","101","102","95","105","98","101","102"
"2016","WSN","6201","100","98","98","99","100","96","103","96","92","99","107","104","98","97"
"2008","FLA","6206","96","129","95","96","101","96","112","99","94","96","108","108","93","96"
"2021","NYM","5119","92","106","96","97","93","96","88","99","102","102","97","97","99","106"
"2002","LAD","6146","75","94","99","94","97","96","93","98","99","105","94","96","104","103"
"2015","CHC","6200","115","123","94","99","97","96","103","100","98","94","109","106","98","94"
"2013","CIN","6293","116","104","97","101","98","96","99","98","98","102","99","96","100","106"
"2020","MIA","2167","95","107","99","98","91","96","80","104","93","111","91","98","97","107"
"2005","LAA","6186","92","87","101","98","96","96","88","100","101","97","103","100","100","100"
"2011","PHI","6279","102","89","97","99","98","96","99","95","98","101","100","103","101","94"
"2009","COL","6241","114","117","98","101","104","96","115","101","100","96","105","101","97","102"
"2000","ATL","6275","95","99","99","99","96","96","91","100","","","","","",""
"2012","MIN","6209","101","90","102","101","95","95","83","102","101","110","87","93","106","102"
"2007","BAL","6264","93","90","100","99","97","95","92","99","96","100","102","96","99","107"
"2017","CHW","6059","79","108","100","97","97","95","93","104","96","109","92","99","97","106"
"2007","TOR","6197","100","101","96","97","99","95","105","95","106","91","107","101","104","94"
"2015","OAK","6171","100","92","98","98","96","95","92","97","96","102","100","97","102","103"
"2017","BAL","6140","76","108","101","96","101","95","101","103","100","101","99","101","101","97"
"2001","FLA","6184","85","108","98","96","96","95","93","101","","","","","",""
"2003","KCR","6239","92","95","102","101","100","95","95","102","101","103","96","99","102","99"
"2006","LAA","6221","94","91","100","98","97","95","93","99","94","102","101","102","98","99"
"2016","MIN","6245","102","111","97","98","99","95","102","100","102","97","103","102","98","100"
"2015","ARI","6276","98","105","102","100","101","95","100","103","100","104","94","98","101","102"
"2013","SEA","6172","105","111","92","95","96","95","102","94","96","97","105","103","99","97"
"2014","STL","6086","99","93","99","100","93","95","84","99","101","104","94","92","104","106"
"2011","LAD","6094","97","97","99","99","93","95","82","100","106","101","96","92","101","111"
"2017","ARI","6224","103","111","97","99","102","95","108","100","98","102","98","97","104","99"
"2005","MIL","6156","98","117","97","98","99","95","103","100","104","98","100","93","106","105"
"2003","SDP","6246","100","107","97","98","90","95","78","101","104","103","94","95","101","108"
"2019","CLE","6124","108","95","98","100","98","95","98","97","93","101","103","103","98","99"
"2001","COL","6394","89","94","109","104","110","95","111","108","","","","","",""
"2018","PIT","6066","87","94","100","97","98","95","94","99","98","102","99","95","101","107"
"2006","SEA","6213","78","97","99","96","97","95","94","98","96","102","100","104","95","100"
"2003","OAK","6189","109","92","95","98","97","95","101","93","95","99","105","99","103","99"
"2017","CIN","6213","101","102","97","99","99","95","102","96","101","96","104","102","99","98"
"2021","PHI","5308","102","103","97","98","98","95","98","98","97","105","96","97","99","107"
"2014","MIA","6185","103","115","99","99","95","95","90","104","96","109","90","89","105","109"
"2010","OAK","6117","101","99","98","99","93","95","83","101","107","96","101","97","103","99"
"2005","CHW","6146","90","103","98","97","100","95","103","97","101","99","100","101","93","106"
"2016","TEX","6089","89","97","102","100","102","95","103","100","98","102","99","101","101","96"
"2005","CHC","6161","77","93","100","96","103","95","107","97","98","102","99","103","89","107"
"2015","LAA","5990","94","97","96","96","96","95","95","94","95","102","101","98","104","98"
"2012","BOS","6166","86","101","102","98","101","95","99","103","102","96","104","99","97","107"
"2004","TEX","6256","94","107","98","97","105","95","117","97","103","90","111","98","101","102"
"2002","CLE","6099","106","101","94","97","97","95","101","93","94","105","98","106","100","91"
"2016","MIA","6133","84","96","101","98","93","95","79","103","102","109","87","91","105","107"
"2013","WSN","6047","96","104","97","97","99","94","102","97","98","101","100","97","101","104"
"2018","CIN","6240","100","102","100","100","96","94","90","102","113","95","99","98","99","105"
"2019","STL","6167","103","105","95","97","93","94","91","97","102","96","103","101","102","95"
"2021","MIL","5360","103","108","96","98","96","94","97","98","100","102","98","99","101","99"
"2009","NYM","6159","92","86","102","99","93","94","80","102","105","108","89","90","105","110"
"2002","HOU","6252","101","110","99","99","99","94","99","101","102","97","103","101","97","101"
"2000","CIN","6373","88","96","100","98","100","94","100","99","","","","","",""
"2010","CLE","6165","104","110","95","98","93","94","88","99","101","102","97","105","97","96"
"2001","DET","6145","91","96","97","96","95","94","92","98","","","","","",""
"2001","TOR","6284","90","106","98","97","100","94","103","99","","","","","",""
"2016","COL","6236","92","104","106","102","108","94","111","107","104","99","99","97","99","106"
"2007","TEX","6214","95","118","97","97","101","94","107","100","103","95","104","96","102","103"
"2003","BAL","6241","84","92","100","97","95","94","86","100","103","100","98","103","97","99"
"2005","TOR","6233","99","97","99","100","96","94","90","100","103","101","96","98","102","100"
"2007","STL","6211","92","89","100","99","93","94","81","99","100","103","97","100","98","103"
"2012","KCR","6149","82","87","103","99","97","94","87","103","105","104","92","95","102","104"
"2018","NYM","6177","102","105","92","96","93","94","94","94","93","96","109","104","98","97"
"2021","BAL","5190","89","104","98","96","98","94","97","99","100","97","104","100","96","104"
"2007","CIN","6332","96","107","98","98","100","94","104","98","101","99","101","100","97","105"
"2014","SEA","5977","86","105","96","95","96","94","96","97","100","101","98","95","102","106"
"2014","NYY","6082","96","94","97","97","97","94","98","95","102","99","100","101","102","96"
"2009","DET","6234","98","103","97","98","97","94","96","98","98","99","102","104","95","100"
"2012","NYM","6091","100","107","95","97","93","94","89","98","106","100","97","99","98","104"
"2010","LAA","6089","90","101","95","95","96","94","96","95","95","105","97","95","105","102"
"2007","LAD","6282","92","84","101","98","93","94","80","99","99","108","91","94","104","104"
"2017","MIL","6135","99","122","95","97","98","94","102","101","103","103","94","99","100","101"
"2013","SDP","6122","95","113","95","95","94","94","93","98","101","104","94","107","98","92"
"2002","ATL","6224","96","101","98","98","97","94","95","98","96","106","95","100","102","98"
"2006","CIN","6296","110","115","95","98","98","94","103","96","99","100","100","101","100","98"
"2008","TOR","6191","98","90","98","99","95","94","89","98","102","101","98","97","104","100"
"2004","FLA","6160","90","96","98","97","93","94","85","99","97","103","98","97","97","107"
"2014","MIL","6065","89","99","98","97","100","94","106","96","97","100","103","97","98","107"
"2009","OAK","6247","96","96","98","98","93","94","83","99","104","97","101","90","105","110"
"2008","HOU","6051","81","101","98","95","97","93","96","98","94","105","98","96","102","103"
"2019","ARI","6315","97","99","98","98","98","93","97","98","98","101","100","101","106","90"
"2002","CHC","6242","100","124","92","95","98","93","106","96","94","101","102","103","99","97"
"2003","MIL","6270","97","121","95","97","97","93","100","99","94","104","99","94","106","103"
"2012","CIN","6115","95","108","96","97","99","93","104","97","101","95","106","100","96","106"
"2021","DET","5238","97","111","99","98","98","93","95","104","111","98","96","98","98","106"
"2009","BAL","6233","94","93","100","99","97","93","91","100","97","104","97","99","98","104"
"2005","NYM","6146","90","109","96","95","97","93","99","97","95","103","100","99","97","105"
"2012","PHI","6172","89","92","98","97","97","93","95","96","96","105","95","106","99","92"
"2013","ARI","6334","103","95","100","100","98","93","93","100","98","105","95","94","101","108"
"2004","COL","6333","99","114","102","101","104","93","108","105","97","103","98","96","99","107"
"2020","STL","2011","110","103","95","99","88","93","78","99","101","99","100","99","103","96"
"2008","LAD","6194","96","97","99","98","93","93","84","100","103","106","90","94","101","108"
"2004","SEA","6362","91","102","100","98","91","93","77","103","98","108","91","89","107","111"
"2021","STL","5189","88","100","96","95","95","93","93","96","99","95","107","104","97","98"
"2010","ARI","6183","108","134","95","98","101","93","110","103","99","94","108","102","101","96"
"2001","ANA","6226","96","98","98","98","94","93","89","98","","","","","",""
"2002","MON","6250","99","108","98","98","99","93","100","101","100","106","93","91","108","105"
"2017","TOR","6154","105","101","94","96","96","93","99","93","95","101","102","99","100","101"
"2009","SDP","6179","102","109","91","95","90","93","88","94","96","101","100","102","98","100"
"2016","ARI","6260","86","111","100","97","102","93","104","104","98","108","90","97","101","103"
"2009","TEX","6127","87","117","97","95","104","92","114","98","103","94","105","100","104","95"
"2008","SDP","6244","91","118","93","93","91","92","88","98","95","98","105","100","101","99"
"2001","PHI","6219","99","105","97","97","94","92","90","99","","","","","",""
"2019","CHW","6042","74","112","103","97","94","92","82","110","99","110","88","92","98","116"
"2012","ATL","6126","112","110","95","98","94","92","93","97","100","101","99","100","98","103"
"2021","SEA","5222","106","111","91","95","92","92","93","94","95","97","106","101","103","94"
"2014","KCR","6058","81","82","104","99","96","92","82","101","100","106","92","100","98","104"
"2010","FLA","6194","94","120","97","97","98","92","99","102","99","102","98","104","98","96"
"2014","NYM","6145","107","103","93","96","92","92","90","94","102","94","107","102","97","100"
"2010","SDP","6148","99","104","94","96","90","92","83","96","99","103","97","100","99","101"
"2011","FLA","6232","103","109","95","97","96","92","98","97","100","100","100","100","101","99"
"2016","MIL","6061","114","124","94","98","96","92","99","100","96","105","96","94","103","105"
"2012","TOR","6094","97","107","96","96","99","92","103","96","94","99","105","101","99","101"
"2020","CHC","2214","112","111","89","98","92","92","95","92","90","108","97","104","104","88"
"2019","PIT","6228","77","89","103","97","94","92","83","103","100","109","89","97","98","108"
"2000","BOS","6371","100","102","97","98","95","92","93","98","","","","","",""
"2019","TOR","6091","98","109","93","94","97","92","103","94","99","94","108","107","97","93"
"2016","NYY","6058","98","95","98","98","96","92","92","97","101","103","96","102","100","97"
"2018","CHW","6071","84","120","97","95","96","92","96","103","97","106","95","98","99","104"
"2007","HOU","6324","98","100","95","96","95","92","93","96","93","102","101","97","99","106"
"2017","LAA","6073","102","93","95","97","92","92","89","93","92","107","96","105","99","94"
"2021","CLE","5111","94","101","97","96","99","92","101","96","96","102","99","100","100","100"
"2004","CIN","6278","105","130","93","97","96","92","100","99","101","102","97","102","99","98"
"2006","KCR","6229","92","103","98","98","94","92","86","102","101","109","89","93","102","108"
"2010","LAD","6140","98","105","96","97","92","92","84","99","110","103","92","94","103","106"
"2019","PHI","6261","101","106","95","97","96","92","97","98","101","98","102","101","98","101"
"2013","MIL","6064","84","103","98","96","99","91","102","98","90","105","99","89","105","109"
"2020","KCR","2200","86","101","100","97","97","91","92","102","105","101","96","101","106","90"
"2015","CIN","6196","101","102","95","96","96","91","97","95","100","96","106","99","97","105"
"2002","NYM","6150","85","104","96","95","93","91","88","98","95","101","101","102","99","98"
"2011","CHC","6130","82","107","99","96","99","91","100","101","101","101","98","101","102","95"
"2017","BOS","6338","107","91","101","102","95","91","86","101","100","105","95","95","103","105"
"2002","SDP","6178","95","105","95","95","90","91","82","97","101","103","96","94","99","110"
"2005","ARI","6327","109","107","95","98","98","91","104","95","94","104","98","103","103","92"
"2021","CHC","5202","88","120","93","94","96","91","100","98","93","102","102","102","100","98"
"2017","KCR","6027","77","91","101","96","98","91","92","99","110","95","100","96","100","106"
"2007","MIN","6161","97","82","98","97","92","91","83","95","92","114","88","93","104","105"
"2011","ATL","6169","97","111","94","94","96","91","100","95","90","104","101","103","99","97"
"2009","CHW","6132","99","96","97","98","96","91","95","95","93","102","101","103","95","100"
"2014","CHC","6102","93","121","93","94","97","91","105","97","97","95","109","105","99","94"
"2005","LAD","6134","100","111","94","96","92","91","89","97","99","101","100","101","97","102"
"2000","SDP","6291","96","115","93","94","90","91","86","98","","","","","",""
"2003","CHC","6187","88","116","97","95","97","91","97","100","102","101","98","101","97","101"
"2020","CIN","2123","121","109","86","96","96","91","109","84","100","94","107","105","101","91"
"2012","PIT","6014","89","117","93","93","95","91","100","96","93","100","104","101","97","103"
"2020","SEA","2181","105","105","93","97","89","91","84","96","95","102","101","92","109","101"
"2015","MIA","5988","79","96","100","96","94","91","83","100","96","114","84","87","107","110"
"2000","PIT","6369","89","100","98","97","95","91","91","99","","","","","",""
"2018","PHI","6136","106","115","92","96","94","91","97","96","91","99","107","101","101","97"
"2013","MIN","6212","105","117","94","97","94","91","93","100","102","100","99","95","102","104"
"2010","COL","6265","106","110","100","101","103","91","108","103","104","96","103","95","104","101"
"2002","CIN","6254","100","116","95","97","96","91","98","99","97","101","101","98","100","103"
"2010","CHC","6140","88","109","98","96","97","90","96","101","102","101","98","98","96","109"
"2013","CHC","6079","90","107","92","93","98","90","108","92","94","97","107","106","96","96"
"2015","SDP","6019","89","111","93","93","94","90","95","96","94","99","106","103","100","95"
"2003","COL","6283","109","112","99","101","103","90","110","101","102","101","98","98","102","102"
"2011","CHW","6159","95","90","98","99","95","90","90","95","100","99","102","107","92","100"
"2014","TEX","6026","90","98","101","99","96","90","86","102","98","109","91","94","106","102"
"2003","CLE","6188","91","109","95","95","94","90","92","97","99","103","98","101","99","99"
"2005","SEA","6095","97","102","95","96","92","90","86","98","101","104","95","93","104","108"
"2019","BAL","6189","88","101","97","96","94","90","90","98","96","104","98","100","101","98"
"2009","CHC","6244","102","109","96","98","96","90","97","98","102","99","100","99","102","100"
"2010","WSN","6100","93","108","95","96","95","90","93","98","94","108","94","96","104","101"
"2017","TEX","6122","106","115","95","99","100","90","107","98","95","101","101","107","98","91"
"2012","LAD","6091","96","99","96","97","90","90","80","98","105","102","94","94","104","104"
"2005","HOU","6139","89","105","95","95","95","90","95","96","90","100","106","101","101","98"
"2003","TBD","6212","82","106","99","96","94","90","86","102","93","109","93","99","103","99"
"2002","BAL","6096","88","100","93","93","95","90","97","93","93","97","108","110","94","91"
"2008","SEA","6176","79","86","99","95","92","90","81","97","100","106","93","100","99","101"
"2007","CHC","6268","90","102","99","97","97","90","92","101","101","105","93","96","99","107"
"2001","MIL","6148","89","133","94","94","97","90","102","100","","","","","",""
"2013","NYM","6207","103","118","92","95","91","90","90","97","94","98","107","94","99","111"
"2012","COL","6183","88","102","105","101","105","90","107","106","104","103","93","97","105","98"
"2007","PIT","6214","84","111","96","95","94","90","91","100","98","99","102","97","102","103"
"2006","HOU","6326","104","104","94","97","93","90","91","94","95","101","102","94","106","101"
"2000","KCR","6394","83","84","104","100","96","89","82","103","","","","","",""
"2011","OAK","6104","103","100","94","96","90","89","83","96","107","93","104","96","105","99"
"2001","ATL","6152","89","98","97","95","94","89","88","97","","","","","",""
"2020","MIL","2188","109","115","91","96","92","89","95","95","109","102","92","101","103","94"
"2006","MIL","6130","92","122","95","95","95","89","95","99","101","99","101","97","101","103"
"2005","MIN","6192","100","100","97","98","92","89","84","98","94","113","87","93","102","109"
"2015","MIN","6017","95","106","96","96","97","89","97","99","99","100","100","102","98","100"
"2009","HOU","6040","80","94","98","94","95","89","89","97","94","110","91","95","104","103"
"2016","OAK","6022","92","92","95","94","93","89","89","94","103","97","102","94","103","105"
"2017","ATL","6216","85","91","101","98","94","89","85","100","103","106","91","96","100","106"
"2009","SEA","6113","78","103","97","93","94","89","89","98","94","104","98","106","98","94"
"2000","FLA","6203","87","118","96","95","92","89","85","101","","","","","",""
"2014","BOS","6226","111","109","96","100","94","89","91","100","102","99","100","101","102","95"
"2011","WSN","6090","92","119","94","95","95","89","97","97","89","105","99","96","101","105"
"2016","KCR","6052","79","98","101","97","94","89","83","104","99","107","92","95","103","104"
"2013","KCR","6093","85","87","101","98","93","89","80","101","98","108","91","99","98","105"
"2013","PHI","6014","87","106","96","95","96","89","95","98","99","101","100","104","101","93"
"2005","PIT","6221","86","109","97","95","94","89","88","100","96","105","96","99","103","98"
"2006","TBD","6041","88","113","93","92","96","89","102","94","95","101","101","102","102","94"
"2010","NYM","6144","92","97","95","95","93","89","89","95","95","97","106","94","108","97"
"2000","CHC","6397","99","108","94","95","92","89","90","96","","","","","",""
"2015","CHW","6070","87","102","98","96","92","89","83","100","104","109","86","92","105","106"
"2008","PIT","6278","83","97","97","94","95","89","91","96","99","98","104","102","101","96"
"2016","CIN","6094","86","103","98","96","96","89","92","100","105","99","98","99","102","99"
"2020","DET","2076","78","115","101","95","96","89","89","108","104","102","95","97","101","103"
"2009","ARI","6269","98","118","95","96","99","89","105","99","94","99","104","94","102","107"
"2018","TEX","6163","108","110","96","100","97","89","99","99","99","104","96","99","100","103"
"2011","SFG","6091","87","101","93","93","91","88","88","94","89","102","103","102","100","96"
"2018","ARI","6157","101","110","93","95","95","88","99","95","103","101","97","99","101","100"
"2018","COL","6178","91","105","101","99","104","88","110","101","96","106","95","92","106","104"
"2001","CIN","6222","84","110","98","95","95","88","92","101","","","","","",""
"2008","COL","6312","99","112","98","99","97","88","96","102","104","100","98","92","109","102"
"2009","KCR","6103","85","103","97","95","94","88","90","99","97","107","94","92","103","108"
"2000","ARI","6241","86","96","97","95","96","88","95","97","","","","","",""
"2007","WSN","6201","96","111","94","95","90","88","82","98","101","108","90","93","107","102"
"2001","BAL","6151","101","98","93","95","88","88","81","94","","","","","",""
"2020","ARI","2238","87","89","98","96","93","88","86","96","101","101","98","108","97","90"
"2019","SDP","6019","95","120","92","93","92","88","92","98","89","107","98","101","102","96"
"2004","TOR","6178","98","107","96","97","93","88","88","99","109","106","89","93","107","103"
"2008","ARI","6156","105","122","94","96","97","88","103","99","99","91","111","99","96","107"
"2019","TEX","6204","101","111","98","99","98","88","98","102","104","101","97","99","98","103"
"2004","NYM","6209","91","114","92","93","94","88","95","95","98","98","104","97","100","104"
"2011","HOU","6150","77","103","99","95","93","88","81","103","106","103","93","95","101","106"
"2005","WSN","6142","91","110","94","95","90","88","84","98","99","105","94","96","100","106"
"2011","COL","6275","105","104","100","101","102","88","105","100","104","101","97","97","102","103"
"2017","COL","6201","93","108","104","101","101","88","97","109","103","104","94","91","103","109"
"2006","SFG","6136","91","88","95","95","95","88","96","93","92","101","103","106","105","84"
"2011","PIT","6064","96","118","94","95","91","88","85","101","102","101","97","100","100","100"
"2010","BAL","6109","82","99","100","96","95","87","86","100","98","104","96","95","103","103"
"2018","KCR","6063","85","99","98","96","94","87","88","100","107","97","99","98","99","104"
"2020","CLE","2247","118","97","94","99","90","87","84","95","94","103","100","102","96","103"
"2019","CIN","6100","91","108","94","95","95","87","95","96","102","97","102","99","99","104"
"2015","MIL","6024","86","108","97","95","96","87","95","99","96","105","96","92","100","112"
"2017","PHI","6133","90","110","96","94","94","87","90","99","100","103","95","96","100","107"
"2004","TBD","6098","91","95","95","95","93","87","90","95","93","103","100","99","103","99"
"2012","SEA","6057","96","108","91","92","90","87","87","94","102","97","103","99","97","106"
"2000","MON","6153","77","105","98","93","97","87","95","99","","","","","",""
"2006","ARI","6330","90","93","98","97","96","87","93","97","97","103","98","100","101","99"
"2013","COL","6152","87","103","105","100","104","87","104","106","106","101","95","93","104","105"
"2021","KCR","5217","83","93","99","96","94","87","86","98","101","103","96","103","102","94"
"2006","COL","6348","99","106","99","99","98","87","96","103","108","101","95","92","101","111"
"2018","BAL","6034","84","107","96","94","94","87","91","97","91","104","100","99","101","101"
"2005","KCR","6086","89","105","98","97","93","87","85","101","98","101","100","94","103","106"
"2012","MIA","6057","97","106","94","94","92","87","90","95","98","99","103","98","102","100"
"2021","MIA","5190","84","117","95","93","89","87","81","103","96","108","93","94","100","109"
"2008","KCR","6118","75","98","100","95","94","87","84","102","102","107","91","90","106","109"
"2002","TBD","6198","87","111","96","95","92","87","85","100","97","106","95","99","99","102"
"2001","NYM","6156","99","101","93","95","88","87","80","95","","","","","",""
"2008","CIN","6188","99","106","92","95","96","87","101","92","94","103","100","104","97","97"
"2015","COL","6071","80","106","102","97","105","87","112","102","100","98","103","98","102","101"
"2016","ATL","6192","94","98","98","97","90","86","79","100","100","106","92","88","104","113"
"2003","ARI","6261","94","100","98","97","97","86","94","99","103","103","94","99","103","98"
"2013","NYY","6044","95","102","95","96","93","86","89","96","101","101","99","97","103","100"
"2011","SDP","6074","98","119","92","93","86","86","77","98","96","106","95","99","102","99"
"2019","COL","6288","88","109","103","99","102","86","102","107","104","99","99","94","102","107"
"2001","TBD","6104","90","111","97","96","90","86","80","102","","","","","",""
"2014","PHI","6198","91","105","94","94","92","86","87","96","101","102","97","107","96","95"
"2002","MIL","6083","88","113","95","94","92","86","87","99","95","107","94","92","101","111"
"2006","PIT","6218","83","117","97","95","90","86","79","102","102","103","95","98","101","102"
"2014","ATL","6064","99","113","94","95","91","86","86","98","99","102","98","99","101","101"
"2008","OAK","6138","109","119","90","94","88","86","83","95","96","95","108","97","102","103"
"2015","PHI","6053","80","106","95","93","93","86","89","98","104","99","98","100","104","96"
"2000","MIN","6283","92","104","98","96","92","86","82","102","","","","","",""
"2005","SFG","6077","81","92","97","94","93","86","85","97","96","102","100","101","106","92"
"2009","PIT","6058","89","108","95","94","92","86","86","98","96","104","97","100","101","99"
"2007","CHW","6103","102","113","91","94","95","86","103","91","94","100","102","104","94","101"
"2021","ARI","5359","96","106","95","95","91","85","86","100","99","100","101","100","97","103"
"2017","PIT","6136","94","94","93","95","88","85","81","94","100","106","92","97","100","105"
"2002","KCR","6206","100","91","97","97","94","85","89","96","102","102","96","94","103","106"
"2013","CHW","6077","83","101","97","94","93","85","87","98","103","97","102","98","99","104"
"2013","HOU","6020","87","130","93","93","93","85","91","102","100","107","92","97","103","100"
"2003","MON","6116","95","100","96","96","93","85","88","97","96","110","90","93","106","104"
"2004","PIT","6115","75","107","97","94","92","85","84","100","94","111","90","100","102","98"
"2005","COL","6240","93","110","99","98","96","85","90","103","104","102","95","95","102","106"
"2007","KCR","6140","81","104","96","95","91","85","83","100","102","108","90","89","106","110"
"2018","SDP","6059","87","117","93","91","91","84","89","98","98","108","91","97","103","100"
"2016","SDP","6000","87","122","90","91","92","84","94","95","97","101","101","102","99","99"
"2010","PIT","5974","88","110","92","92","90","84","87","95","92","106","96","100","100","99"
"2006","CHC","6147","72","92","98","93","95","84","91","97","97","109","91","92","105","106"
"2002","PIT","6049","95","112","92","94","90","84","87","95","99","96","105","101","99","100"
"2015","ATL","6034","98","92","96","97","88","84","72","97","101","108","88","96","101","105"
"2019","KCR","6080","88","101","97","96","91","84","83","101","99","105","95","97","100","104"
"2009","CIN","6187","93","104","93","94","93","84","94","93","96","100","102","96","102","103"
"2021","TEX","5146","86","101","94","93","91","84","86","95","94","107","95","94","104","103"
"2003","CIN","6211","94","132","91","93","92","84","92","97","102","97","102","97","99","106"
"2008","WSN","6192","95","103","94","95","87","84","77","97","101","110","88","94","108","100"
"2000","TBD","6206","94","105","93","94","90","83","85","95","","","","","",""
"2018","MIA","6083","83","105","94","93","85","83","73","98","98","110","88","95","106","100"
"2014","ARI","6089","84","96","97","94","95","83","92","97","100","105","93","93","105","104"
"2000","PHI","6273","97","110","92","94","90","83","85","96","","","","","",""
"2014","CIN","5978","89","105","93","93","92","83","92","94","100","98","103","101","98","102"
"2009","SFG","6057","70","109","97","91","92","83","85","100","97","105","96","95","100","107"
"2018","DET","6029","86","102","97","94","91","83","83","100","106","100","97","100","97","104"
"2017","SFG","6137","85","93","95","93","87","83","75","96","94","106","96","94","107","101"
"2008","SFG","6145","81","99","98","95","90","83","76","101","91","111","91","93","105","104"
"2001","KCR","6176","79","88","100","95","95","82","88","98","","","","","",""
"2000","COL","6453","93","87","108","103","102","82","93","107","","","","","",""
"2000","MIL","6355","98","121","90","93","90","82","91","94","","","","","",""
"2012","HOU","6014","93","118","90","92","90","82","89","95","98","101","100","102","98","99"
"2002","COL","6165","86","104","103","99","100","82","95","105","106","106","89","95","104","104"
"2007","ARI","6101","99","111","92","94","95","82","100","93","93","97","106","102","99","97"
"2021","PIT","5195","93","99","95","94","87","82","75","98","103","105","93","93","105","104"
"2011","MIN","6020","90","97","96","95","88","82","75","98","95","110","91","94","104","103"
"2019","SFG","6170","87","106","93","91","88","82","82","97","105","100","98","97","102","103"
"2017","SDP","5954","86","120","89","90","90","82","91","94","94","97","107","103","97","99"
"2004","MIL","6195","96","130","92","94","89","82","83","101","101","103","95","98","99","104"
"2004","KCR","6153","88","105","96","95","92","82","85","98","93","105","98","100","100","100"
"2018","SFG","6113","82","111","94","92","88","82","79","100","101","103","95","95","100","107"
"2002","DET","5920","73","108","94","90","89","82","82","97","96","101","102","97","104","101"
"2014","SDP","5905","101","110","88","91","86","82","83","91","97","108","91","100","100","99"
"2021","COL","5266","88","99","100","97","99","81","98","101","96","105","96","92","102","111"
"2012","CHC","5967","91","108","92","92","91","81","90","94","103","102","96","99","101","101"
"2016","PHI","5992","82","112","92","91","90","81","88","96","96","105","96","97","105","98"
"2007","SFG","6213","97","89","93","94","89","81","81","92","92","107","96","98","105","97"
"2001","PIT","6027","87","107","92","92","89","80","85","94","","","","","",""
"2003","NYM","6007","90","107","92","92","87","80","79","95","95","106","96","99","96","106"
"2011","SEA","5972","90","119","90","90","85","80","77","96","96","104","98","94","101","109"
"2003","DET","6071","88","115","90","90","88","80","84","92","96","105","97","102","100","97"
"2019","MIA","6045","74","111","93","90","84","79","72","100","98","113","85","95","101","108"
"2010","HOU","6005","78","93","94","91","88","79","76","94","96","108","93","95","104","102"
"2010","SEA","5989","90","113","90","91","83","79","71","95","98","102","99","96","102","103"
"2001","MON","6026","89","104","94","94","90","79","83","97","","","","","",""
"2003","LAD","6036","75","101","91","89","85","78","77","92","96","106","95","99","97","105"
"2004","MON","6138","89","92","92","92","90","77","85","91","95","104","98","100","100","101"
"2020","TEX","2147","86","107","89","89","88","76","86","91","92","104","99","96","106","98"
"2019","DET","6039","76","116","95","91","88","76","79","103","108","98","98","96","103","102"
"2020","COL","2257","77","104","104","96","96","76","85","108","104","96","102","93","99","112"
"2013","MIA","6021","90","108","89","91","83","74","73","93","99","107","91","95","101","107"
"2004","ARI","6114","80","102","94","91","90","74","84","96","100","102","97","95","105","103"
"2020","PIT","2134","84","106","89","87","85","73","78","91","92","108","95","96","101","105"
