"Season","Team","PA","Events","EV","maxEV","LA","Barrels","Barrel%","HardHit","HardHit%","AVG","xBA","SLG","xSLG","wOBA","xwOBA"
"2021","TOR","5247","3691","90.2","117.4","13.0","352","9.5%","1541","41.8%",".264","",".457","",".337",""
"2020","LAD","2316","1587","90.0","113.1","15.0","164","10.3%","695","43.8%",".256","",".483","",".350",""
"2019","NYY","6245","4190","90.0","120.6","13.4","373","8.9%","1678","40.0%",".267","",".490","",".346",""
"2019","BOS","6475","4454","89.9","115.0","12.9","320","7.2%","1774","39.8%",".269","",".466","",".338",""
"2015","SEA","6131","4281","89.9","119.0","11.0","278","6.5%","1658","38.7%",".249","",".411","",".313",""
"2021","BOS","5386","3675","89.9","118.6","13.6","355","9.7%","1540","41.9%",".261","",".447","",".332",""
"2018","BOS","6302","4425","89.8","117.5","12.4","343","7.8%","1757","39.7%",".268","",".453","",".340",""
"2020","SDP","2231","1520","89.8","115.7","11.7","151","9.9%","639","42.0%",".257","",".466","",".341",""
"2021","NYY","5281","3376","89.7","122.2","12.1","313","9.3%","1410","41.8%",".236","",".398","",".315",""
"2021","MIN","5317","3570","89.7","117.1","12.8","350","9.8%","1459","40.9%",".241","",".420","",".317",""
"2019","MIL","6309","4045","89.7","117.9","12.1","306","7.6%","1555","38.4%",".246","",".438","",".324",""
"2019","MIN","6392","4452","89.7","117.0","14.9","416","9.3%","1762","39.6%",".270","",".494","",".347",""
"2016","WSN","6201","4349","89.6","114.7","12.1","259","6.0%","1574","36.2%",".256","",".426","",".322",""
"2021","HOU","5429","3835","89.6","116.4","14.2","290","7.6%","1560","40.7%",".269","",".441","",".336",""
"2020","TOR","2263","1540","89.5","117.4","11.9","133","8.6%","643","41.8%",".255","",".441","",".329",""
"2020","ATL","2344","1509","89.5","115.6","14.7","156","10.3%","644","42.7%",".268","",".483","",".355",""
"2021","LAD","5482","3580","89.5","113.5","14.7","310","8.7%","1436","40.1%",".240","",".419","",".322",""
"2019","CLE","6124","4179","89.5","114.4","12.9","279","6.7%","1563","37.4%",".250","",".432","",".319",""
"2018","OAK","6255","4248","89.5","115.3","15.0","333","7.8%","1663","39.1%",".252","",".439","",".329",""
"2019","TBR","6285","4177","89.5","116.2","11.2","315","7.5%","1641","39.3%",".254","",".431","",".321",""
"2021","SDP","5312","3565","89.4","119.6","10.5","274","7.7%","1441","40.4%",".241","",".400","",".314",""
"2015","WSN","6117","4190","89.4","116.0","9.3","238","5.7%","1560","37.2%",".251","",".403","",".315",""
"2016","BAL","6089","4253","89.4","117.2","13.6","334","7.9%","1592","37.4%",".256","",".443","",".326",""
"2018","NYY","6271","4163","89.4","121.7","13.5","343","8.2%","1578","37.9%",".249","",".451","",".335",""
"2019","TEX","6204","4025","89.4","115.4","12.5","283","7.0%","1557","38.7%",".248","",".431","",".317",""
"2016","SEA","6227","4361","89.4","116.3","10.8","286","6.6%","1598","36.6%",".259","",".430","",".325",""
"2019","OAK","6269","4266","89.3","114.4","14.2","328","7.7%","1626","38.1%",".249","",".448","",".327",""
"2016","LAD","6164","4260","89.3","118.1","10.8","264","6.2%","1578","37.0%",".249","",".409","",".314",""
"2021","ATL","5279","3472","89.3","117.9","13.5","334","9.6%","1381","39.8%",".242","",".434","",".323",""
"2019","LAD","6281","4237","89.3","114.3","14.5","319","7.5%","1610","38.0%",".257","",".472","",".338",""
"2016","TOR","6233","4184","89.2","115.3","12.5","288","6.9%","1577","37.7%",".248","",".426","",".327",""
"2018","TOR","6076","4132","89.2","115.5","13.8","321","7.8%","1646","39.8%",".244","",".427","",".319",""
"2019","ATL","6302","4156","89.2","115.9","13.2","339","8.2%","1594","38.4%",".258","",".452","",".332",""
"2020","NYY","2210","1449","89.2","121.3","11.8","111","7.7%","566","39.1%",".247","",".447","",".341",""
"2018","LAD","6358","4214","89.2","115.3","14.5","330","7.8%","1549","36.8%",".250","",".442","",".333",""
"2021","CHW","5289","3495","89.2","116.8","10.6","271","7.8%","1363","39.0%",".254","",".419","",".327",""
"2019","NYM","6290","4295","89.1","118.3","11.1","279","6.5%","1615","37.6%",".257","",".442","",".325",""
"2016","BOS","6320","4559","89.1","114.9","11.3","255","5.6%","1609","35.3%",".282","",".461","",".346",""
"2021","KCR","5217","3690","89.1","115.1","12.3","249","6.7%","1420","38.5%",".244","",".390","",".300",""
"2019","CHW","6042","4049","89.1","117.9","10.9","267","6.6%","1511","37.3%",".261","",".414","",".309",""
"2020","MIN","2168","1425","89.1","115.8","15.5","110","7.7%","563","39.5%",".242","",".427","",".319",""
"2016","TBR","6046","4046","89.1","113.7","14.5","286","7.1%","1482","36.6%",".243","",".426","",".315",""
"2020","LAA","2308","1554","89.1","115.5","13.7","108","6.9%","571","36.7%",".248","",".430","",".329",""
"2020","OAK","2201","1400","89.0","115.9","17.1","107","7.6%","517","36.9%",".225","",".396","",".314",""
"2016","ARI","6260","4320","89.0","114.3","9.7","260","6.0%","1499","34.7%",".261","",".432","",".321",""
"2021","OAK","5298","3553","89.0","115.3","13.9","314","8.8%","1399","39.4%",".238","",".408","",".314",""
"2016","DET","6127","4278","88.9","114.7","13.2","314","7.3%","1552","36.3%",".267","",".438","",".330",""
"2021","CLE","5111","3465","88.9","114.9","12.2","268","7.7%","1334","38.5%",".237","",".408","",".308",""
"2018","MIL","6210","4157","88.9","116.3","10.2","292","7.0%","1564","37.6%",".252","",".424","",".322",""
"2019","SDP","6019","3879","88.9","115.9","10.7","260","6.7%","1426","36.8%",".238","",".410","",".305",""
"2021","TBR","5423","3491","88.9","117.5","12.7","295","8.5%","1383","39.6%",".242","",".428","",".322",""
"2019","CHC","6195","4071","88.9","117.6","10.9","311","7.6%","1456","35.8%",".252","",".452","",".330",""
"2018","COL","6178","4223","88.9","118.3","10.0","246","5.8%","1545","36.6%",".256","",".435","",".325",""
"2020","TBR","2261","1382","88.9","114.8","11.2","117","8.5%","537","38.9%",".238","",".425","",".325",""
"2020","CHC","2214","1365","88.9","116.0","11.4","101","7.4%","544","39.9%",".220","",".387","",".309",""
"2020","SFG","2259","1538","88.9","114.6","14.7","128","8.3%","604","39.3%",".263","",".451","",".337",""
"2016","TEX","6089","4363","88.8","117.8","11.4","269","6.2%","1572","36.0%",".262","",".433","",".324",""
"2018","CLE","6300","4477","88.8","114.5","13.9","272","6.1%","1626","36.3%",".259","",".434","",".330",""
"2021","CHC","5202","3300","88.8","116.7","12.0","259","7.8%","1275","38.6%",".231","",".402","",".306",""
"2015","TOR","6231","4456","88.8","116.3","11.4","283","6.4%","1624","36.4%",".269","",".457","",".344",""
"2018","STL","6200","4215","88.8","117.2","12.2","303","7.2%","1528","36.3%",".249","",".409","",".316",""
"2019","PHI","6261","4189","88.8","116.4","13.5","271","6.5%","1521","36.3%",".246","",".427","",".314",""
"2016","STL","6223","4309","88.8","115.5","13.0","302","7.0%","1548","35.9%",".255","",".443","",".329",""
"2015","BAL","6007","4207","88.8","114.9","12.3","250","5.9%","1471","35.0%",".250","",".421","",".315",""
"2016","HOU","6204","4151","88.7","118.2","11.5","279","6.7%","1480","35.7%",".247","",".417","",".317",""
"2018","SEA","6087","4366","88.7","117.0","11.3","249","5.7%","1546","35.4%",".254","",".408","",".313",""
"2019","TOR","6091","4023","88.7","118.9","14.3","292","7.3%","1482","36.8%",".236","",".428","",".310",""
"2015","HOU","6073","4139","88.7","115.1","13.3","255","6.2%","1479","35.7%",".250","",".437","",".325",""
"2020","CHW","2267","1493","88.7","115.8","11.2","142","9.5%","595","39.9%",".261","",".453","",".334",""
"2021","WSN","5262","3575","88.7","116.6","9.6","259","7.2%","1414","39.6%",".256","",".417","",".325",""
"2015","NYM","6145","4299","88.7","115.0","12.6","219","5.1%","1473","34.3%",".244","",".400","",".309",""
"2021","STL","5189","3536","88.7","115.0","13.8","269","7.6%","1323","37.4%",".239","",".396","",".306",""
"2020","TEX","2147","1408","88.6","113.5","12.5","100","7.1%","521","37.0%",".217","",".364","",".283",""
"2015","TEX","6187","4375","88.6","116.0","11.0","220","5.0%","1555","35.5%",".257","",".413","",".321",""
"2019","WSN","6267","4294","88.6","113.5","14.1","292","6.8%","1571","36.6%",".265","",".454","",".336",""
"2016","MIL","6061","3882","88.6","115.6","10.1","227","5.8%","1320","34.0%",".244","",".407","",".315",""
"2018","CHC","6369","4327","88.6","117.1","10.5","251","5.8%","1533","35.4%",".258","",".410","",".321",""
"2021","SFG","5369","3511","88.6","113.2","14.7","318","9.1%","1358","38.7%",".246","",".437","",".327",""
"2021","PHI","5308","3533","88.6","116.3","11.4","261","7.4%","1311","37.1%",".240","",".408","",".314",""
"2015","LAD","6090","4209","88.6","115.5","11.7","231","5.5%","1474","35.0%",".250","",".413","",".322",""
"2020","BOS","2304","1551","88.5","116.7","11.0","123","7.9%","568","36.6%",".265","",".445","",".333",""
"2015","BOS","6237","4565","88.5","116.6","10.6","202","4.4%","1522","33.3%",".265","",".415","",".321",""
"2016","CLE","6155","4329","88.5","114.2","13.2","241","5.6%","1507","34.8%",".262","",".430","",".326",""
"2021","DET","5238","3434","88.5","117.1","13.2","271","7.9%","1325","38.6%",".243","",".405","",".308",""
"2016","COL","6236","4372","88.5","118.0","10.9","250","5.7%","1557","35.6%",".275","",".457","",".339",""
"2015","PIT","6285","4413","88.5","115.6","9.3","228","5.2%","1571","35.6%",".260","",".396","",".313",""
"2019","COL","6288","4253","88.5","114.1","12.5","254","6.0%","1507","35.4%",".265","",".456","",".328",""
"2020","DET","2076","1343","88.5","114.4","12.6","97","7.2%","529","39.4%",".245","",".397","",".303",""
"2018","SDP","6059","4034","88.5","116.9","9.6","207","5.1%","1358","33.7%",".235","",".380","",".294",""
"2015","ARI","6276","4441","88.5","116.5","10.0","212","4.8%","1445","32.5%",".264","",".414","",".319",""
"2018","BAL","6034","4143","88.5","115.9","11.8","260","6.3%","1468","35.4%",".239","",".391","",".299",""
"2016","MIN","6245","4262","88.5","116.4","12.4","241","5.7%","1486","34.9%",".251","",".421","",".317",""
"2016","CHW","6131","4338","88.5","117.1","10.7","190","4.4%","1420","32.7%",".257","",".410","",".314",""
"2016","MIA","6133","4419","88.4","120.1","8.3","200","4.5%","1481","33.5%",".263","",".394","",".309",""
"2021","MIL","5360","3468","88.4","114.9","12.2","265","7.6%","1337","38.6%",".237","",".401","",".313",""
"2017","OAK","6126","4027","88.4","113.5","15.3","289","7.2%","1487","36.9%",".246","",".436","",".323",""
"2020","NYM","2279","1539","88.4","118.4","9.8","116","7.5%","567","36.8%",".272","",".459","",".347",""
"2015","COL","6071","4367","88.4","117.1","10.9","205","4.7%","1443","33.0%",".265","",".432","",".321",""
"2015","DET","6159","4404","88.4","115.6","12.5","241","5.5%","1518","34.5%",".270","",".420","",".324",""
"2016","LAA","6041","4528","88.4","117.1","10.9","220","4.9%","1520","33.6%",".260","",".405","",".314",""
"2021","CIN","5405","3558","88.4","114.1","12.5","304","8.5%","1353","38.0%",".249","",".430","",".328",""
"2021","NYM","5119","3384","88.4","118.4","11.9","248","7.3%","1290","38.1%",".238","",".389","",".307",""
"2018","WSN","6288","4309","88.4","115.1","11.8","275","6.4%","1515","35.2%",".254","",".419","",".325",""
"2016","KCR","6052","4401","88.4","115.6","10.6","210","4.8%","1481","33.7%",".261","",".400","",".307",""
"2019","PIT","6228","4527","88.4","116.2","10.2","231","5.1%","1534","33.9%",".265","",".420","",".313",""
"2019","HOU","6394","4517","88.3","117.9","13.4","287","6.4%","1604","35.5%",".274","",".495","",".355",""
"2016","ATL","6192","4391","88.3","118.5","9.4","196","4.5%","1377","31.4%",".255","",".384","",".304",""
"2015","CLE","6109","4380","88.3","112.1","11.2","191","4.4%","1513","34.5%",".256","",".401","",".315",""
"2021","BAL","5190","3505","88.3","114.6","13.4","277","7.9%","1280","36.5%",".240","",".404","",".307",""
"2016","PHI","5992","4134","88.3","113.6","10.2","192","4.6%","1400","33.9%",".240","",".385","",".296",""
"2019","MIA","6045","4108","88.3","114.7","9.1","218","5.3%","1447","35.2%",".241","",".375","",".288",""
"2018","CHW","6071","3986","88.3","118.4","11.6","258","6.5%","1425","35.8%",".241","",".401","",".304",""
"2015","MIA","5988","4424","88.3","120.3","6.2","176","4.0%","1427","32.3%",".260","",".384","",".302",""
"2018","ARI","6157","4085","88.3","115.1","11.4","266","6.5%","1407","34.4%",".235","",".397","",".306",""
"2018","LAA","6108","4221","88.3","118.0","13.4","293","6.9%","1528","36.2%",".242","",".413","",".313",""
"2015","NYY","6268","4424","88.2","116.5","13.3","213","4.8%","1509","34.1%",".251","",".421","",".323",""
"2020","HOU","2229","1574","88.2","115.0","14.4","90","5.7%","549","34.9%",".240","",".408","",".311",""
"2018","TEX","6163","4036","88.2","117.5","11.9","273","6.8%","1364","33.8%",".240","",".404","",".315",""
"2017","LAD","6191","4098","88.2","116.0","12.2","268","6.5%","1481","36.1%",".249","",".437","",".330",""
"2020","PHI","2223","1486","88.2","114.7","14.1","131","8.8%","559","37.6%",".257","",".439","",".336",""
"2016","NYM","6115","4234","88.2","115.0","14.8","240","5.7%","1431","33.8%",".246","",".417","",".315",""
"2017","BAL","6140","4286","88.2","118.5","11.8","282","6.6%","1579","36.8%",".260","",".435","",".318",""
"2020","CLE","2247","1467","88.2","114.7","12.6","93","6.3%","519","35.4%",".228","",".372","",".303",""
"2018","PIT","6066","4304","88.2","115.6","12.1","237","5.5%","1479","34.4%",".254","",".407","",".312",""
"2018","KCR","6063","4259","88.2","114.1","13.6","260","6.1%","1474","34.6%",".245","",".392","",".303",""
"2018","PHI","6136","3970","88.2","116.6","13.3","242","6.1%","1376","34.7%",".234","",".393","",".307",""
"2020","MIL","2188","1350","88.2","113.3","12.0","107","7.9%","495","36.7%",".223","",".389","",".307",""
"2016","CHC","6335","4244","88.2","114.7","13.3","268","6.3%","1384","32.6%",".256","",".429","",".333",""
"2020","CIN","2123","1317","88.2","113.2","14.3","112","8.5%","486","36.9%",".212","",".403","",".312",""
"2021","MIA","5190","3371","88.1","115.7","10.6","207","6.1%","1249","37.1%",".235","",".372","",".294",""
"2017","WSN","6214","4314","88.1","118.3","11.6","256","5.9%","1562","36.2%",".266","",".449","",".331",""
"2015","MIN","6017","4274","88.1","113.9","11.7","193","4.5%","1393","32.6%",".247","",".399","",".305",""
"2020","PIT","2134","1435","88.1","114.2","10.2","99","6.9%","527","36.7%",".220","",".357","",".279",""
"2019","DET","6039","4005","88.1","114.2","14.1","235","5.9%","1441","36.0%",".240","",".388","",".290",""
"2015","CHC","6200","4041","88.1","116.2","12.8","231","5.7%","1350","33.4%",".244","",".398","",".313",""
"2021","TEX","5146","3513","88.1","115.1","11.2","246","7.0%","1267","36.1%",".230","",".376","",".291",""
"2017","CLE","6234","4427","88.1","114.6","12.6","262","5.9%","1586","35.8%",".263","",".449","",".336",""
"2016","NYY","6058","4353","88.1","115.2","11.3","195","4.5%","1427","32.8%",".252","",".405","",".311",""
"2016","PIT","6261","4285","88.0","113.7","10.4","204","4.8%","1426","33.3%",".257","",".402","",".318",""
"2021","SEA","5222","3363","88.0","114.1","14.1","275","8.2%","1234","36.7%",".224","",".382","",".299",""
"2018","HOU","6146","4323","88.0","114.7","13.5","244","5.6%","1489","34.4%",".255","",".425","",".327",""
"2019","KCR","6080","4160","88.0","115.7","12.3","238","5.7%","1350","32.5%",".247","",".401","",".302",""
"2017","HOU","6271","4605","88.0","114.6","12.3","245","5.3%","1615","35.1%",".282","",".478","",".349",""
"2015","KCR","6116","4683","88.0","113.9","11.4","188","4.0%","1510","32.2%",".269","",".412","",".318",""
"2019","BAL","6189","4221","88.0","114.8","11.7","247","5.9%","1413","33.5%",".246","",".415","",".308",""
"2015","STL","6139","4300","88.0","114.1","10.8","208","4.8%","1409","32.8%",".253","",".394","",".311",""
"2020","ARI","2238","1560","88.0","115.9","12.5","85","5.4%","553","35.4%",".241","",".391","",".306",""
"2018","ATL","6251","4384","88.0","113.9","12.5","207","4.7%","1469","33.5%",".257","",".417","",".319",""
"2015","MIL","6024","4272","88.0","114.9","9.8","178","4.2%","1369","32.0%",".251","",".393","",".304",""
"2019","LAA","6251","4322","88.0","116.6","12.9","275","6.4%","1465","33.9%",".247","",".422","",".316",""
"2017","SEA","6166","4334","88.0","117.7","11.7","251","5.8%","1514","34.9%",".259","",".424","",".321",""
"2019","ARI","6315","4345","88.0","116.3","11.8","272","6.3%","1495","34.4%",".252","",".434","",".319",""
"2017","ARI","6224","4136","88.0","114.8","10.1","236","5.7%","1475","35.7%",".254","",".445","",".329",""
"2015","TBR","6071","4241","87.9","113.2","12.8","206","4.9%","1358","32.0%",".252","",".406","",".313",""
"2019","STL","6167","4110","87.9","115.3","13.7","268","6.5%","1386","33.7%",".245","",".415","",".314",""
"2015","SDP","6019","4226","87.9","115.2","11.3","179","4.2%","1366","32.3%",".243","",".385","",".298",""
"2021","LAA","5214","3551","87.9","119.0","12.5","278","7.8%","1234","34.8%",".247","",".414","",".311",""
"2018","MIN","6154","4255","87.9","114.6","14.3","246","5.8%","1420","33.4%",".250","",".405","",".313",""
"2020","SEA","2181","1399","87.8","112.8","12.7","98","7.0%","502","35.9%",".226","",".370","",".298",""
"2016","OAK","6022","4402","87.8","115.9","12.7","240","5.5%","1439","32.7%",".246","",".395","",".302",""
"2019","SFG","6170","4210","87.8","114.7","13.2","237","5.6%","1481","35.2%",".239","",".392","",".295",""
"2015","LAA","5990","4347","87.8","117.7","11.2","223","5.1%","1338","30.8%",".246","",".396","",".305",""
"2015","CHW","6070","4370","87.8","116.1","8.8","158","3.6%","1369","31.3%",".250","",".380","",".300",""
"2018","NYM","6177","4134","87.8","115.1","14.0","202","4.9%","1351","32.7%",".234","",".389","",".305",""
"2018","TBR","6195","4166","87.7","114.4","10.3","209","5.0%","1378","33.1%",".258","",".406","",".322",""
"2021","COL","5266","3618","87.7","114.7","11.2","240","6.6%","1296","35.8%",".248","",".415","",".315",""
"2017","TEX","6122","4004","87.7","117.3","12.9","279","7.0%","1386","34.6%",".244","",".430","",".321",""
"2020","WSN","2218","1543","87.7","113.3","11.2","98","6.4%","542","35.1%",".264","",".433","",".330",""
"2018","DET","6029","4208","87.6","114.4","13.1","225","5.3%","1394","33.1%",".241","",".380","",".295",""
"2015","SFG","6153","4488","87.6","114.4","9.1","190","4.2%","1396","31.1%",".267","",".406","",".318",""
"2018","SFG","6113","4149","87.6","114.2","11.7","204","4.9%","1375","33.1%",".239","",".368","",".290",""
"2021","ARI","5359","3562","87.6","116.0","12.9","204","5.7%","1258","35.3%",".235","",".381","",".301",""
"2017","MIN","6261","4280","87.6","116.2","13.5","242","5.7%","1428","33.4%",".260","",".434","",".329",""
"2017","NYY","6354","4288","87.6","121.1","12.6","295","6.9%","1440","33.6%",".262","",".447","",".336",""
"2017","DET","6150","4282","87.5","114.2","12.5","273","6.4%","1531","35.8%",".258","",".424","",".321",""
"2018","MIA","6083","4171","87.5","115.5","9.8","206","4.9%","1355","32.5%",".237","",".357","",".289",""
"2016","SFG","6271","4550","87.5","116.8","11.3","198","4.4%","1410","31.0%",".258","",".398","",".315",""
"2021","PIT","5195","3557","87.5","116.2","10.2","194","5.5%","1210","34.0%",".235","",".363","",".292",""
"2017","KCR","6027","4426","87.4","118.0","13.5","237","5.4%","1432","32.4%",".259","",".420","",".312",""
"2017","PHI","6133","4175","87.4","114.6","10.1","220","5.3%","1388","33.2%",".250","",".409","",".310",""
"2017","TOR","6154","4234","87.4","113.5","12.3","262","6.2%","1426","33.7%",".240","",".412","",".312",""
"2015","PHI","6053","4338","87.4","113.3","10.7","159","3.7%","1285","29.6%",".249","",".382","",".298",""
"2017","CHC","6283","4178","87.4","116.1","12.0","274","6.6%","1413","33.8%",".255","",".437","",".331",""
"2016","SDP","6000","3993","87.4","113.2","11.7","210","5.3%","1285","32.2%",".235","",".390","",".297",""
"2019","CIN","6100","4083","87.4","118.3","13.6","224","5.5%","1305","32.0%",".244","",".422","",".312",""
"2019","SEA","6199","3972","87.4","113.1","14.3","269","6.8%","1279","32.2%",".237","",".424","",".314",""
"2020","MIA","2167","1414","87.4","112.6","10.2","88","6.2%","485","34.3%",".244","",".384","",".308",""
"2020","STL","2011","1296","87.3","111.5","12.8","90","6.9%","451","34.8%",".234","",".371","",".306",""
"2018","CIN","6240","4240","87.3","116.5","13.4","221","5.2%","1339","31.6%",".254","",".401","",".317",""
"2017","STL","6219","4213","87.3","113.3","12.6","265","6.3%","1421","33.7%",".256","",".426","",".326",""
"2015","OAK","6171","4537","87.3","114.2","10.8","178","3.9%","1350","29.8%",".251","",".395","",".308",""
"2017","BOS","6338","4490","87.3","114.3","10.9","202","4.5%","1464","32.6%",".258","",".407","",".316",""
"2017","TBR","6147","4009","87.2","116.2","12.1","260","6.5%","1363","34.0%",".245","",".422","",".316",""
"2017","MIL","6135","3964","87.1","114.7","10.7","238","6.0%","1309","33.0%",".249","",".429","",".321",""
"2017","NYM","6169","4292","87.1","115.2","14.0","241","5.6%","1430","33.3%",".250","",".434","",".322",""
"2020","KCR","2200","1483","87.1","114.0","11.6","101","6.8%","501","33.8%",".244","",".402","",".308",""
"2017","MIA","6248","4413","87.0","122.2","8.3","237","5.4%","1395","31.6%",".267","",".431","",".325",""
"2020","BAL","2242","1537","87.0","113.2","14.0","103","6.7%","513","33.4%",".258","",".429","",".323",""
"2020","COL","2257","1543","87.0","112.8","13.3","88","5.7%","487","31.6%",".257","",".405","",".307",""
"2015","ATL","6034","4412","87.0","112.9","8.4","136","3.1%","1295","29.4%",".251","",".359","",".296",""
"2017","CHW","6059","4185","87.0","115.5","10.6","238","5.7%","1356","32.4%",".256","",".417","",".313",""
"2015","CIN","6196","4403","86.9","111.7","11.7","176","4.0%","1194","27.1%",".248","",".394","",".307",""
"2017","LAA","6073","4282","86.9","114.9","10.9","210","4.9%","1364","31.9%",".243","",".397","",".307",""
"2017","COL","6201","4230","86.8","117.1","10.0","185","4.4%","1344","31.8%",".273","",".444","",".332",""
"2016","CIN","6094","4306","86.8","114.9","11.6","185","4.3%","1210","28.1%",".256","",".408","",".311",""
"2017","SFG","6137","4430","86.7","114.0","10.6","190","4.3%","1322","29.8%",".249","",".380","",".296",""
"2017","ATL","6216","4492","86.7","114.4","10.1","211","4.7%","1349","30.0%",".263","",".412","",".316",""
"2017","PIT","6136","4316","86.3","112.4","10.2","164","3.8%","1289","29.9%",".244","",".386","",".304",""
"2017","SDP","5954","3942","86.1","113.7","12.5","184","4.7%","1141","28.9%",".234","",".393","",".298",""
"2017","CIN","6213","4247","85.5","113.0","12.9","216","5.1%","1161","27.3%",".253","",".433","",".325",""
"2000","ANA","6373","0","","","","","","","",".280","",".472","",".356",""
"2000","BAL","6238","0","","","","","","","",".272","",".435","",".338",""
"2000","BOS","6371","0","","","","","","","",".267","",".423","",".334",""
"2000","CHW","6410","0","","","","","","","",".286","",".470","",".357",""
"2000","CLE","6512","0","","","","","","","",".288","",".470","",".364",""
"2000","DET","6343","0","","","","","","","",".275","",".438","",".341",""
"2000","KCR","6394","0","","","","","","","",".288","",".425","",".338",""
"2000","MIN","6283","0","","","","","","","",".270","",".407","",".327",""
"2000","NYY","6311","0","","","","","","","",".277","",".450","",".350",""
"2000","OAK","6432","0","","","","","","","",".270","",".458","",".356",""
"2000","SEA","6444","0","","","","","","","",".269","",".442","",".352",""
"2000","TBD","6206","0","","","","","","","",".257","",".399","",".321",""
"2000","TEX","6364","0","","","","","","","",".283","",".446","",".347",""
"2000","TOR","6326","0","","","","","","","",".275","",".469","",".350",""
"2000","ARI","6241","0","","","","","","","",".265","",".429","",".332",""
"2000","ATL","6275","0","","","","","","","",".271","",".429","",".339",""
"2000","CHC","6397","0","","","","","","","",".256","",".411","",".327",""
"2000","CIN","6373","0","","","","","","","",".274","",".447","",".341",""
"2000","COL","6453","0","","","","","","","",".294","",".455","",".353",""
"2000","FLA","6203","0","","","","","","","",".262","",".409","",".324",""
"2000","HOU","6444","0","","","","","","","",".278","",".477","",".361",""
"2000","LAD","6312","0","","","","","","","",".257","",".431","",".337",""
"2000","MIL","6355","0","","","","","","","",".246","",".403","",".319",""
"2000","MON","6153","0","","","","","","","",".266","",".432","",".327",""
"2000","NYM","6328","0","","","","","","","",".263","",".430","",".339",""
"2000","PHI","6273","0","","","","","","","",".251","",".400","",".320",""
"2000","PIT","6369","0","","","","","","","",".267","",".424","",".333",""
"2000","STL","6369","0","","","","","","","",".270","",".455","",".353",""
"2000","SDP","6291","0","","","","","","","",".254","",".402","",".321",""
"2000","SFG","6418","0","","","","","","","",".278","",".472","",".359",""
"2001","ANA","6226","0","","","","","","","",".261","",".405","",".318",""
"2001","BAL","6151","0","","","","","","","",".248","",".380","",".306",""
"2001","BOS","6264","0","","","","","","","",".266","",".439","",".332",""
"2001","CHW","6151","0","","","","","","","",".268","",".451","",".337",""
"2001","CLE","6357","0","","","","","","","",".278","",".458","",".347",""
"2001","DET","6145","0","","","","","","","",".260","",".409","",".316",""
"2001","KCR","6176","0","","","","","","","",".266","",".409","",".314",""
"2001","MIN","6185","0","","","","","","","",".272","",".433","",".332",""
"2001","NYY","6233","0","","","","","","","",".267","",".435","",".332",""
"2001","OAK","6385","0","","","","","","","",".264","",".439","",".338",""
"2001","SEA","6474","0","","","","","","","",".288","",".445","",".347",""
"2001","TBD","6104","0","","","","","","","",".258","",".388","",".309",""
"2001","TEX","6388","0","","","","","","","",".275","",".471","",".349",""
"2001","TOR","6284","0","","","","","","","",".263","",".430","",".324",""
"2001","ARI","6349","0","","","","","","","",".267","",".442","",".336",""
"2001","ATL","6152","0","","","","","","","",".260","",".412","",".317",""
"2001","CHC","6219","0","","","","","","","",".261","",".430","",".329",""
"2001","CIN","6222","0","","","","","","","",".262","",".419","",".321",""
"2001","COL","6394","0","","","","","","","",".292","",".483","",".357",""
"2001","FLA","6184","0","","","","","","","",".264","",".423","",".323",""
"2001","HOU","6325","0","","","","","","","",".271","",".451","",".343",""
"2001","LAD","6169","0","","","","","","","",".255","",".425","",".322",""
"2001","MIL","6148","0","","","","","","","",".251","",".426","",".320",""
"2001","MON","6026","0","","","","","","","",".253","",".396","",".309",""
"2001","NYM","6156","0","","","","","","","",".249","",".387","",".309",""
"2001","PHI","6219","0","","","","","","","",".260","",".414","",".321",""
"2001","PIT","6027","0","","","","","","","",".247","",".393","",".306",""
"2001","STL","6177","0","","","","","","","",".270","",".441","",".335",""
"2001","SDP","6278","0","","","","","","","",".252","",".399","",".321",""
"2001","SFG","6408","0","","","","","","","",".266","",".460","",".341",""
"2002","ANA","6327","0","","","","","","","",".282","",".433","",".336",""
"2002","BAL","6096","0","","","","","","","",".246","",".403","",".311",""
"2002","BOS","6332","0","","","","","","","",".277","",".444","",".343",""
"2002","CHW","6208","0","","","","","","","",".268","",".449","",".342",""
"2002","CLE","6099","0","","","","","","","",".249","",".412","",".320",""
"2002","DET","5920","0","","","","","","","",".248","",".379","",".297",""
"2002","KCR","6206","0","","","","","","","",".256","",".398","",".316",""
"2002","MIN","6196","0","","","","","","","",".272","",".437","",".334",""
"2002","NYY","6377","0","","","","","","","",".275","",".455","",".352",""
"2002","OAK","6291","0","","","","","","","",".261","",".432","",".337",""
"2002","SEA","6362","0","","","","","","","",".275","",".419","",".335",""
"2002","TBD","6198","0","","","","","","","",".253","",".390","",".309",""
"2002","TEX","6332","0","","","","","","","",".269","",".455","",".343",""
"2002","TOR","6230","0","","","","","","","",".261","",".430","",".329",""
"2002","ARI","6318","0","","","","","","","",".267","",".423","",".335",""
"2002","ATL","6224","0","","","","","","","",".260","",".409","",".322",""
"2002","CHC","6242","0","","","","","","","",".246","",".413","",".320",""
"2002","CIN","6254","0","","","","","","","",".253","",".408","",".322",""
"2002","COL","6165","0","","","","","","","",".274","",".423","",".331",""
"2002","FLA","6263","0","","","","","","","",".261","",".403","",".323",""
"2002","HOU","6252","0","","","","","","","",".262","",".417","",".329",""
"2002","LAD","6146","0","","","","","","","",".264","",".409","",".317",""
"2002","MIL","6083","0","","","","","","","",".253","",".390","",".312",""
"2002","MON","6250","0","","","","","","","",".261","",".418","",".326",""
"2002","NYM","6150","0","","","","","","","",".256","",".395","",".314",""
"2002","PHI","6323","0","","","","","","","",".259","",".422","",".331",""
"2002","PIT","6049","0","","","","","","","",".244","",".381","",".308",""
"2002","STL","6246","0","","","","","","","",".268","",".425","",".331",""
"2002","SDP","6178","0","","","","","","","",".253","",".381","",".309",""
"2002","SFG","6298","0","","","","","","","",".267","",".442","",".338",""
"2003","ANA","6119","0","","","","","","","",".268","",".413","",".323",""
"2003","BAL","6241","0","","","","","","","",".268","",".405","",".318",""
"2003","BOS","6530","0","","","","","","","",".289","",".491","",".364",""
"2003","CHW","6148","0","","","","","","","",".263","",".446","",".336",""
"2003","CLE","6188","0","","","","","","","",".254","",".401","",".313",""
"2003","DET","6071","0","","","","","","","",".240","",".375","",".296",""
"2003","KCR","6239","0","","","","","","","",".274","",".427","",".332",""
"2003","MIN","6324","0","","","","","","","",".277","",".431","",".335",""
"2003","NYY","6431","0","","","","","","","",".271","",".453","",".351",""
"2003","OAK","6189","0","","","","","","","",".254","",".417","",".322",""
"2003","SEA","6281","0","","","","","","","",".271","",".410","",".331",""
"2003","TBD","6212","0","","","","","","","",".265","",".404","",".314",""
"2003","TEX","6293","0","","","","","","","",".266","",".454","",".338",""
"2003","TOR","6364","0","","","","","","","",".279","",".455","",".347",""
"2003","ARI","6261","0","","","","","","","",".263","",".417","",".323",""
"2003","ATL","6378","0","","","","","","","",".284","",".475","",".354",""
"2003","CHC","6187","0","","","","","","","",".259","",".416","",".321",""
"2003","CIN","6211","0","","","","","","","",".245","",".395","",".312",""
"2003","COL","6283","0","","","","","","","",".267","",".445","",".342",""
"2003","FLA","6186","0","","","","","","","",".266","",".421","",".327",""
"2003","HOU","6320","0","","","","","","","",".263","",".431","",".333",""
"2003","LAD","6036","0","","","","","","","",".243","",".368","",".294",""
"2003","MIL","6270","0","","","","","","","",".256","",".419","",".325",""
"2003","MON","6116","0","","","","","","","",".258","",".401","",".316",""
"2003","NYM","6007","0","","","","","","","",".247","",".374","",".302",""
"2003","PHI","6333","0","","","","","","","",".261","",".419","",".332",""
"2003","PIT","6315","0","","","","","","","",".267","",".420","",".331",""
"2003","STL","6466","0","","","","","","","",".279","",".454","",".346",""
"2003","SDP","6246","0","","","","","","","",".261","",".388","",".318",""
"2003","SFG","6204","0","","","","","","","",".264","",".425","",".330",""
"2004","ANA","6296","0","","","","","","","",".282","",".429","",".334",""
"2004","BAL","6431","0","","","","","","","",".281","",".432","",".337",""
"2004","BOS","6515","0","","","","","","","",".282","",".472","",".358",""
"2004","CHW","6197","0","","","","","","","",".268","",".457","",".340",""
"2004","CLE","6452","0","","","","","","","",".276","",".444","",".345",""
"2004","DET","6285","0","","","","","","","",".272","",".449","",".339",""
"2004","KCR","6153","0","","","","","","","",".259","",".397","",".314",""
"2004","MIN","6286","0","","","","","","","",".266","",".431","",".330",""
"2004","NYY","6364","0","","","","","","","",".268","",".458","",".350",""
"2004","OAK","6459","0","","","","","","","",".270","",".433","",".337",""
"2004","SEA","6362","0","","","","","","","",".270","",".396","",".317",""
"2004","TBD","6098","0","","","","","","","",".258","",".405","",".315",""
"2004","TEX","6256","0","","","","","","","",".266","",".457","",".336",""
"2004","TOR","6178","0","","","","","","","",".260","",".403","",".320",""
"2004","ARI","6114","0","","","","","","","",".253","",".393","",".305",""
"2004","ATL","6339","0","","","","","","","",".270","",".434","",".336",""
"2004","CHC","6281","0","","","","","","","",".268","",".458","",".336",""
"2004","CIN","6278","0","","","","","","","",".250","",".418","",".326",""
"2004","COL","6333","0","","","","","","","",".275","",".455","",".344",""
"2004","FLA","6160","0","","","","","","","",".264","",".406","",".321",""
"2004","HOU","6269","0","","","","","","","",".267","",".436","",".336",""
"2004","LAD","6244","0","","","","","","","",".262","",".423","",".327",""
"2004","MIL","6195","0","","","","","","","",".248","",".387","",".309",""
"2004","MON","6138","0","","","","","","","",".249","",".392","",".306",""
"2004","NYM","6209","0","","","","","","","",".249","",".409","",".314",""
"2004","PHI","6456","0","","","","","","","",".267","",".443","",".340",""
"2004","PIT","6115","0","","","","","","","",".260","",".401","",".314",""
"2004","STL","6297","0","","","","","","","",".278","",".460","",".344",""
"2004","SDP","6313","0","","","","","","","",".273","",".414","",".329",""
"2004","SFG","6466","0","","","","","","","",".270","",".438","",".340",""
"2005","LAA","6186","0","","","","","","","",".270","",".409","",".319",""
"2005","BAL","6134","0","","","","","","","",".269","",".434","",".330",""
"2005","BOS","6403","0","","","","","","","",".281","",".454","",".352",""
"2005","CHW","6146","0","","","","","","","",".262","",".425","",".324",""
"2005","CLE","6255","0","","","","","","","",".271","",".453","",".340",""
"2005","DET","6136","0","","","","","","","",".272","",".428","",".324",""
"2005","KCR","6086","0","","","","","","","",".263","",".396","",".313",""
"2005","MIN","6192","0","","","","","","","",".259","",".391","",".312",""
"2005","NYY","6406","0","","","","","","","",".276","",".450","",".350",""
"2005","OAK","6275","0","","","","","","","",".262","",".407","",".323",""
"2005","SEA","6095","0","","","","","","","",".256","",".391","",".309",""
"2005","TBD","6120","0","","","","","","","",".274","",".425","",".327",""
"2005","TEX","6301","0","","","","","","","",".267","",".468","",".344",""
"2005","TOR","6233","0","","","","","","","",".265","",".407","",".323",""
"2005","ARI","6327","0","","","","","","","",".256","",".421","",".328",""
"2005","ATL","6186","0","","","","","","","",".265","",".435","",".331",""
"2005","CHC","6161","0","","","","","","","",".270","",".440","",".329",""
"2005","CIN","6321","0","","","","","","","",".261","",".446","",".340",""
"2005","COL","6240","0","","","","","","","",".267","",".411","",".325",""
"2005","FLA","6214","0","","","","","","","",".272","",".409","",".326",""
"2005","HOU","6139","0","","","","","","","",".256","",".408","",".318",""
"2005","LAD","6134","0","","","","","","","",".253","",".395","",".317",""
"2005","MIL","6156","0","","","","","","","",".259","",".423","",".327",""
"2005","WSN","6142","0","","","","","","","",".252","",".386","",".309",""
"2005","NYM","6146","0","","","","","","","",".258","",".416","",".320",""
"2005","PHI","6345","0","","","","","","","",".270","",".423","",".335",""
"2005","PIT","6221","0","","","","","","","",".259","",".400","",".315",""
"2005","STL","6246","0","","","","","","","",".270","",".423","",".331",""
"2005","SDP","6271","0","","","","","","","",".257","",".391","",".318",""
"2005","SFG","6077","0","","","","","","","",".261","",".396","",".312",""
"2006","LAA","6221","0","","","","","","","",".274","",".425","",".327",""
"2006","BAL","6240","0","","","","","","","",".277","",".424","",".331",""
"2006","BOS","6435","0","","","","","","","",".269","",".435","",".340",""
"2006","CHW","6318","0","","","","","","","",".280","",".464","",".346",""
"2006","CLE","6303","0","","","","","","","",".280","",".457","",".347",""
"2006","DET","6198","0","","","","","","","",".274","",".449","",".334",""
"2006","KCR","6229","0","","","","","","","",".271","",".411","",".323",""
"2006","MIN","6228","0","","","","","","","",".287","",".425","",".334",""
"2006","NYY","6455","0","","","","","","","",".285","",".461","",".356",""
"2006","OAK","6281","0","","","","","","","",".260","",".412","",".328",""
"2006","SEA","6213","0","","","","","","","",".272","",".424","",".322",""
"2006","TBD","6041","0","","","","","","","",".255","",".420","",".316",""
"2006","TEX","6273","0","","","","","","","",".278","",".446","",".337",""
"2006","TOR","6241","0","","","","","","","",".284","",".463","",".349",""
"2006","ARI","6330","0","","","","","","","",".267","",".424","",".326",""
"2006","ATL","6284","0","","","","","","","",".270","",".455","",".339",""
"2006","CHC","6147","0","","","","","","","",".268","",".422","",".320",""
"2006","CIN","6296","0","","","","","","","",".257","",".432","",".332",""
"2006","COL","6348","0","","","","","","","",".270","",".433","",".333",""
"2006","FLA","6191","0","","","","","","","",".264","",".435","",".329",""
"2006","HOU","6326","0","","","","","","","",".255","",".409","",".322",""
"2006","LAD","6394","0","","","","","","","",".276","",".432","",".337",""
"2006","MIL","6130","0","","","","","","","",".258","",".420","",".322",""
"2006","WSN","6283","0","","","","","","","",".262","",".418","",".327",""
"2006","NYM","6291","0","","","","","","","",".264","",".445","",".334",""
"2006","PHI","6509","0","","","","","","","",".267","",".447","",".341",""
"2006","PIT","6218","0","","","","","","","",".263","",".397","",".315",""
"2006","STL","6225","0","","","","","","","",".269","",".431","",".331",""
"2006","SDP","6287","0","","","","","","","",".263","",".416","",".325",""
"2006","SFG","6136","0","","","","","","","",".259","",".422","",".320",""
"2007","LAA","6198","0","","","","0","","0","",".284","",".417","",".333",""
"2007","BAL","6264","0","","","","0","","0","",".272","",".412","",".327",""
"2007","BOS","6426","0","","","","0","","0","",".279","",".444","",".352",""
"2007","CHW","6103","0","","","","0","","0","",".246","",".404","",".316",""
"2007","CLE","6367","0","","","","0","","0","",".268","",".428","",".336",""
"2007","DET","6364","0","","","","0","","0","",".287","",".458","",".347",""
"2007","KCR","6140","0","","","","0","","0","",".261","",".388","",".312",""
"2007","MIN","6161","0","","","","0","","0","",".264","",".391","",".317",""
"2007","NYY","6528","0","","","","0","","0","",".290","",".463","",".361",""
"2007","OAK","6365","0","","","","0","","0","",".256","",".407","",".328",""
"2007","SEA","6209","0","","","","0","","0","",".287","",".425","",".333",""
"2007","TBD","6280","0","","","","0","","0","",".268","",".433","",".335",""
"2007","TEX","6214","0","","","","0","","0","",".263","",".426","",".329",""
"2007","TOR","6197","0","","","","0","","0","",".259","",".419","",".326",""
"2007","ARI","6101","0","","","","0","","0","",".250","",".413","",".320",""
"2007","ATL","6374","0","","","","0","","0","",".275","",".435","",".337",""
"2007","CHC","6268","0","","","","0","","0","",".271","",".422","",".329",""
"2007","CIN","6332","0","","","","0","","0","",".267","",".436","",".335",""
"2007","COL","6498","0","","","","0","","0","",".280","",".437","",".346",""
"2007","FLA","6344","0","","","","0","","0","",".267","",".448","",".340",""
"2007","HOU","6324","0","","","","0","","0","",".260","",".412","",".325",""
"2007","LAD","6282","0","","","","0","","0","",".275","",".406","",".326",""
"2007","MIL","6238","0","","","","0","","0","",".262","",".456","",".337",""
"2007","WSN","6201","0","","","","0","","0","",".256","",".390","",".315",""
"2007","NYM","6344","0","","","","0","","0","",".275","",".432","",".336",""
"2007","PHI","6537","0","","","","0","","0","",".274","",".458","",".351",""
"2007","PIT","6214","0","","","","0","","0","",".263","",".411","",".322",""
"2007","STL","6211","0","","","","0","","0","",".274","",".405","",".326",""
"2007","SDP","6326","0","","","","0","","0","",".251","",".411","",".320",""
"2007","SFG","6213","0","","","","0","","0","",".254","",".387","",".310",""
"2008","LAA","6155","0","","","","0","","0","",".268","",".413","",".324",""
"2008","BAL","6211","0","","","","0","","0","",".267","",".429","",".333",""
"2008","BOS","6402","0","","","","0","","0","",".280","",".447","",".351",""
"2008","CHW","6231","0","","","","0","","0","",".263","",".448","",".339",""
"2008","CLE","6299","0","","","","0","","0","",".262","",".424","",".334",""
"2008","DET","6331","0","","","","0","","0","",".271","",".444","",".343",""
"2008","KCR","6118","0","","","","0","","0","",".269","",".397","",".315",""
"2008","MIN","6331","0","","","","0","","0","",".279","",".408","",".328",""
"2008","NYY","6257","0","","","","0","","0","",".271","",".427","",".338",""
"2008","OAK","6138","0","","","","0","","0","",".242","",".369","",".306",""
"2008","SEA","6176","0","","","","0","","0","",".265","",".389","",".310",""
"2008","TBR","6312","0","","","","0","","0","",".260","",".422","",".335",""
"2008","TEX","6478","0","","","","0","","0","",".283","",".462","",".355",""
"2008","TOR","6191","0","","","","0","","0","",".264","",".399","",".322",""
"2008","ARI","6156","0","","","","0","","0","",".251","",".415","",".324",""
"2008","ATL","6368","0","","","","0","","0","",".270","",".408","",".332",""
"2008","CHC","6384","0","","","","0","","0","",".278","",".443","",".349",""
"2008","CIN","6188","0","","","","0","","0","",".247","",".408","",".319",""
"2008","COL","6312","0","","","","0","","0","",".263","",".415","",".330",""
"2008","FLA","6206","0","","","","0","","0","",".254","",".433","",".330",""
"2008","HOU","6051","0","","","","0","","0","",".263","",".415","",".322",""
"2008","LAD","6194","0","","","","0","","0","",".264","",".399","",".321",""
"2008","MIL","6252","0","","","","0","","0","",".253","",".431","",".329",""
"2008","WSN","6192","0","","","","0","","0","",".251","",".373","",".310",""
"2008","NYM","6388","0","","","","0","","0","",".266","",".420","",".332",""
"2008","PHI","6273","0","","","","0","","0","",".255","",".438","",".334",""
"2008","PIT","6278","0","","","","0","","0","",".258","",".403","",".317",""
"2008","STL","6370","0","","","","0","","0","",".281","",".433","",".342",""
"2008","SDP","6244","0","","","","0","","0","",".250","",".390","",".311",""
"2008","SFG","6145","0","","","","0","","0","",".262","",".382","",".309",""
"2009","LAA","6305","0","","","","0","","0","",".285","",".441","",".346",""
"2009","BAL","6233","0","","","","0","","0","",".268","",".415","",".328",""
"2009","BOS","6344","0","","","","0","","0","",".270","",".454","",".351",""
"2009","CHW","6132","0","","","","0","","0","",".258","",".411","",".326",""
"2009","CLE","6320","0","","","","0","","0","",".264","",".417","",".333",""
"2009","DET","6234","0","","","","0","","0","",".260","",".416","",".328",""
"2009","KCR","6103","0","","","","0","","0","",".259","",".405","",".318",""
"2009","MIN","6346","0","","","","0","","0","",".274","",".429","",".338",""
"2009","NYY","6449","0","","","","0","","0","",".283","",".478","",".365",""
"2009","OAK","6247","0","","","","0","","0","",".262","",".397","",".320",""
"2009","SEA","6113","0","","","","0","","0","",".258","",".402","",".313",""
"2009","TBR","6223","0","","","","0","","0","",".263","",".439","",".342",""
"2009","TEX","6127","0","","","","0","","0","",".260","",".445","",".331",""
"2009","TOR","6362","0","","","","0","","0","",".266","",".440","",".337",""
"2009","ARI","6269","0","","","","0","","0","",".253","",".418","",".324",""
"2009","ATL","6335","0","","","","0","","0","",".263","",".405","",".327",""
"2009","CHC","6244","0","","","","0","","0","",".255","",".407","",".324",""
"2009","CIN","6187","0","","","","0","","0","",".247","",".394","",".313",""
"2009","COL","6241","0","","","","0","","0","",".261","",".441","",".341",""
"2009","FLA","6312","0","","","","0","","0","",".268","",".416","",".332",""
"2009","HOU","6040","0","","","","0","","0","",".260","",".400","",".315",""
"2009","LAD","6385","0","","","","0","","0","",".270","",".412","",".332",""
"2009","MIL","6296","0","","","","0","","0","",".263","",".426","",".336",""
"2009","WSN","6273","0","","","","0","","0","",".258","",".406","",".327",""
"2009","NYM","6159","0","","","","0","","0","",".270","",".394","",".320",""
"2009","PHI","6338","0","","","","0","","0","",".258","",".447","",".339",""
"2009","PIT","6058","0","","","","0","","0","",".252","",".387","",".310",""
"2009","STL","6168","0","","","","0","","0","",".263","",".415","",".325",""
"2009","SDP","6179","0","","","","0","","0","",".242","",".381","",".309",""
"2009","SFG","6057","0","","","","0","","0","",".257","",".389","",".305",""
"2010","LAA","6089","0","","","","0","","0","",".248","",".390","",".310",""
"2010","BAL","6109","0","","","","0","","0","",".259","",".386","",".310",""
"2010","BOS","6356","0","","","","0","","0","",".268","",".451","",".345",""
"2010","CHW","6118","0","","","","0","","0","",".268","",".420","",".332",""
"2010","CLE","6165","0","","","","0","","0","",".248","",".378","",".311",""
"2010","DET","6312","0","","","","0","","0","",".268","",".415","",".330",""
"2010","KCR","6209","0","","","","0","","0","",".274","",".399","",".323",""
"2010","MIN","6257","0","","","","0","","0","",".273","",".422","",".335",""
"2010","NYY","6379","0","","","","0","","0","",".267","",".436","",".346",""
"2010","OAK","6117","0","","","","0","","0","",".256","",".378","",".313",""
"2010","SEA","5989","0","","","","0","","0","",".236","",".339","",".285",""
"2010","TBR","6270","0","","","","0","","0","",".247","",".403","",".326",""
"2010","TEX","6302","0","","","","0","","0","",".276","",".419","",".333",""
"2010","TOR","6072","0","","","","0","","0","",".248","",".454","",".334",""
"2010","ARI","6183","0","","","","0","","0","",".250","",".416","",".325",""
"2010","ATL","6252","0","","","","0","","0","",".258","",".401","",".327",""
"2010","CHC","6140","0","","","","0","","0","",".257","",".401","",".318",""
"2010","CIN","6285","0","","","","0","","0","",".272","",".436","",".340",""
"2010","COL","6265","0","","","","0","","0","",".263","",".425","",".333",""
"2010","FLA","6194","0","","","","0","","0","",".254","",".403","",".318",""
"2010","HOU","6005","0","","","","0","","0","",".247","",".362","",".295",""
"2010","LAD","6140","0","","","","0","","0","",".252","",".379","",".309",""
"2010","MIL","6304","0","","","","0","","0","",".262","",".424","",".334",""
"2010","WSN","6100","0","","","","0","","0","",".250","",".390","",".313",""
"2010","NYM","6144","0","","","","0","","0","",".249","",".383","",".307",""
"2010","PHI","6291","0","","","","0","","0","",".260","",".413","",".327",""
"2010","PIT","5974","0","","","","0","","0","",".242","",".373","",".300",""
"2010","STL","6241","0","","","","0","","0","",".263","",".402","",".322",""
"2010","SDP","6148","0","","","","0","","0","",".246","",".371","",".304",""
"2010","SFG","6143","0","","","","0","","0","",".257","",".408","",".320",""
"2011","LAA","6088","0","","","","0","","0","",".253","",".402","",".313",""
"2011","BAL","6156","0","","","","0","","0","",".257","",".413","",".320",""
"2011","BOS","6414","0","","","","0","","0","",".280","",".461","",".352",""
"2011","CHW","6159","0","","","","0","","0","",".252","",".388","",".312",""
"2011","CLE","6142","0","","","","0","","0","",".250","",".396","",".314",""
"2011","DET","6231","0","","","","0","","0","",".277","",".434","",".337",""
"2011","KCR","6267","0","","","","0","","0","",".275","",".415","",".325",""
"2011","MIN","6020","0","","","","0","","0","",".247","",".360","",".296",""
"2011","NYY","6306","0","","","","0","","0","",".263","",".444","",".345",""
"2011","OAK","6104","0","","","","0","","0","",".244","",".369","",".301",""
"2011","SEA","5972","0","","","","0","","0","",".233","",".348","",".283",""
"2011","TBR","6152","0","","","","0","","0","",".244","",".402","",".319",""
"2011","TEX","6261","0","","","","0","","0","",".283","",".460","",".347",""
"2011","TOR","6210","0","","","","0","","0","",".249","",".413","",".319",""
"2011","ARI","6096","0","","","","0","","0","",".250","",".413","",".322",""
"2011","ATL","6169","0","","","","0","","0","",".243","",".387","",".306",""
"2011","CHC","6130","0","","","","0","","0","",".256","",".401","",".314",""
"2011","CIN","6329","0","","","","0","","0","",".256","",".408","",".322",""
"2011","COL","6275","0","","","","0","","0","",".258","",".410","",".324",""
"2011","FLA","6232","0","","","","0","","0","",".247","",".388","",".311",""
"2011","HOU","6150","0","","","","0","","0","",".258","",".374","",".301",""
"2011","LAD","6094","0","","","","0","","0","",".257","",".375","",".307",""
"2011","MIL","6113","0","","","","0","","0","",".261","",".425","",".327",""
"2011","WSN","6090","0","","","","0","","0","",".242","",".383","",".305",""
"2011","NYM","6335","0","","","","0","","0","",".264","",".391","",".319",""
"2011","PHI","6279","0","","","","0","","0","",".253","",".395","",".315",""
"2011","PIT","6064","0","","","","0","","0","",".244","",".368","",".299",""
"2011","STL","6242","0","","","","0","","0","",".273","",".425","",".334",""
"2011","SDP","6074","0","","","","0","","0","",".237","",".349","",".290",""
"2011","SFG","6091","0","","","","0","","0","",".242","",".368","",".295",""
"2012","LAA","6121","0","","","","0","","0","",".274","",".433","",".331",""
"2012","BAL","6160","0","","","","0","","0","",".247","",".417","",".317",""
"2012","BOS","6166","0","","","","0","","0","",".260","",".415","",".316",""
"2012","CHW","6111","0","","","","0","","0","",".255","",".422","",".322",""
"2012","CLE","6195","0","","","","0","","0","",".251","",".381","",".310",""
"2012","DET","6119","0","","","","0","","0","",".268","",".422","",".328",""
"2012","KCR","6149","0","","","","0","","0","",".265","",".400","",".311",""
"2012","MIN","6209","0","","","","0","","0","",".260","",".390","",".313",""
"2012","NYY","6231","0","","","","0","","0","",".265","",".453","",".342",""
"2012","OAK","6183","0","","","","0","","0","",".238","",".404","",".311",""
"2012","SEA","6057","0","","","","0","","0","",".234","",".369","",".291",""
"2012","TBR","6105","0","","","","0","","0","",".240","",".394","",".311",""
"2012","TEX","6216","0","","","","0","","0","",".273","",".446","",".336",""
"2012","TOR","6094","0","","","","0","","0","",".245","",".407","",".311",""
"2012","ARI","6150","0","","","","0","","0","",".259","",".418","",".323",""
"2012","ATL","6126","0","","","","0","","0","",".247","",".389","",".310",""
"2012","CHC","5967","0","","","","0","","0","",".240","",".378","",".297",""
"2012","CIN","6115","0","","","","0","","0","",".251","",".411","",".314",""
"2012","COL","6183","0","","","","0","","0","",".274","",".436","",".331",""
"2012","MIA","6057","0","","","","0","","0","",".244","",".382","",".300",""
"2012","HOU","6014","0","","","","0","","0","",".236","",".371","",".296",""
"2012","LAD","6091","0","","","","0","","0","",".252","",".374","",".302",""
"2012","MIL","6224","0","","","","0","","0","",".259","",".437","",".329",""
"2012","WSN","6221","0","","","","0","","0","",".261","",".428","",".324",""
"2012","NYM","6091","0","","","","0","","0","",".249","",".386","",".306",""
"2012","PHI","6172","0","","","","0","","0","",".255","",".400","",".311",""
"2012","PIT","6014","0","","","","0","","0","",".243","",".395","",".304",""
"2012","STL","6326","0","","","","0","","0","",".271","",".421","",".329",""
"2012","SDP","6112","0","","","","0","","0","",".247","",".380","",".307",""
"2012","SFG","6200","0","","","","0","","0","",".269","",".397","",".314",""
"2013","LAA","6260","0","","","","0","","0","",".264","",".414","",".325",""
"2013","BAL","6144","0","","","","0","","0","",".260","",".431","",".323",""
"2013","BOS","6382","0","","","","0","","0","",".277","",".446","",".347",""
"2013","CHW","6077","0","","","","0","","0","",".249","",".378","",".299",""
"2013","CLE","6165","0","","","","0","","0","",".255","",".410","",".324",""
"2013","DET","6388","0","","","","0","","0","",".283","",".434","",".341",""
"2013","KCR","6093","0","","","","0","","0","",".260","",".379","",".305",""
"2013","MIN","6212","0","","","","0","","0","",".242","",".380","",".307",""
"2013","NYY","6044","0","","","","0","","0","",".242","",".376","",".301",""
"2013","OAK","6209","0","","","","0","","0","",".254","",".419","",".327",""
"2013","SEA","6172","0","","","","0","","0","",".237","",".390","",".307",""
"2013","TBR","6242","0","","","","0","","0","",".257","",".408","",".324",""
"2013","TEX","6196","0","","","","0","","0","",".262","",".412","",".323",""
"2013","TOR","6152","0","","","","0","","0","",".252","",".411","",".320",""
"2013","ARI","6334","0","","","","0","","0","",".259","",".391","",".314",""
"2013","ATL","6133","0","","","","0","","0","",".249","",".402","",".318",""
"2013","CHC","6079","0","","","","0","","0","",".238","",".392","",".304",""
"2013","CIN","6293","0","","","","0","","0","",".249","",".391","",".316",""
"2013","COL","6152","0","","","","0","","0","",".270","",".418","",".324",""
"2013","MIA","6021","0","","","","0","","0","",".231","",".335","",".279",""
"2013","HOU","6020","0","","","","0","","0","",".240","",".375","",".298",""
"2013","LAD","6145","0","","","","0","","0","",".264","",".396","",".317",""
"2013","MIL","6064","0","","","","0","","0","",".252","",".398","",".311",""
"2013","WSN","6047","0","","","","0","","0","",".251","",".398","",".311",""
"2013","NYM","6207","0","","","","0","","0","",".237","",".366","",".297",""
"2013","PHI","6014","0","","","","0","","0","",".248","",".384","",".303",""
"2013","PIT","6135","0","","","","0","","0","",".245","",".396","",".312",""
"2013","STL","6202","0","","","","0","","0","",".269","",".401","",".322",""
"2013","SDP","6122","0","","","","0","","0","",".245","",".378","",".302",""
"2013","SFG","6168","0","","","","0","","0","",".260","",".381","",".309",""
"2014","LAA","6284","0","","","","0","","0","",".259","",".406","",".321",""
"2014","BAL","6130","0","","","","0","","0","",".256","",".422","",".323",""
"2014","BOS","6226","0","","","","0","","0","",".244","",".369","",".305",""
"2014","CHW","6077","0","","","","0","","0","",".253","",".398","",".312",""
"2014","CLE","6222","0","","","","0","","0","",".253","",".389","",".313",""
"2014","DET","6202","0","","","","0","","0","",".277","",".426","",".331",""
"2014","KCR","6058","0","","","","0","","0","",".263","",".376","",".306",""
"2014","MIN","6233","0","","","","0","","0","",".254","",".389","",".316",""
"2014","NYY","6082","0","","","","0","","0","",".245","",".380","",".305",""
"2014","OAK","6245","0","","","","0","","0","",".244","",".381","",".312",""
"2014","SEA","5977","0","","","","0","","0","",".244","",".376","",".299",""
"2014","TBR","6205","0","","","","0","","0","",".247","",".367","",".305",""
"2014","TEX","6026","0","","","","0","","0","",".256","",".375","",".305",""
"2014","TOR","6167","0","","","","0","","0","",".259","",".414","",".325",""
"2014","ARI","6089","0","","","","0","","0","",".248","",".376","",".300",""
"2014","ATL","6064","0","","","","0","","0","",".241","",".360","",".296",""
"2014","CHC","6102","0","","","","0","","0","",".239","",".385","",".303",""
"2014","CIN","5978","0","","","","0","","0","",".238","",".365","",".294",""
"2014","COL","6164","0","","","","0","","0","",".276","",".445","",".337",""
"2014","MIA","6185","0","","","","0","","0","",".253","",".378","",".307",""
"2014","HOU","6055","0","","","","0","","0","",".242","",".383","",".308",""
"2014","LAD","6231","0","","","","0","","0","",".265","",".406","",".327",""
"2014","MIL","6065","0","","","","0","","0","",".250","",".397","",".313",""
"2014","WSN","6216","0","","","","0","","0","",".253","",".393","",".317",""
"2014","NYM","6145","0","","","","0","","0","",".239","",".364","",".299",""
"2014","PHI","6198","0","","","","0","","0","",".242","",".363","",".295",""
"2014","PIT","6224","0","","","","0","","0","",".259","",".404","",".325",""
"2014","STL","6086","0","","","","0","","0","",".253","",".369","",".308",""
"2014","SDP","5905","0","","","","0","","0","",".226","",".342","",".283",""
"2014","SFG","6087","0","","","","0","","0","",".255","",".388","",".308",""
