"Season","Team","Batting","Base Running","Fielding","Positional","Offense","Defense","League","Replacement","RAR","WAR","Dollars"
"2001","SEA","126.8","16.2","101.0","-16.4","143.0","84.6","22.9","201.9","452.4","44.4",""
"2019","HOU","211.1","-9.5","12.7","-15.1","201.6","-2.5","24.6","201.1","424.8","41.3","$330.1"
"2016","CHC","44.0","17.3","64.3","40.5","61.3","104.8","6.0","191.1","363.2","37.1","$297.2"
"2011","NYY","95.0","6.6","56.8","-17.1","101.6","39.7","25.6","183.4","350.2","37.0","$281.5"
"2015","TOR","124.9","11.0","21.7","-15.1","135.9","6.6","21.5","182.1","346.0","36.7","$293.8"
"2011","BOS","126.5","-12.2","32.5","-16.3","114.3","16.2","26.0","186.5","343.0","36.3","$275.7"
"2013","BOS","103.4","13.3","27.4","-15.5","116.7","11.9","24.5","182.4","335.5","36.2","$268.0"
"2010","CIN","44.5","12.7","59.2","37.6","57.2","96.8","3.7","186.2","343.9","35.7","$214.0"
"2003","ATL","95.9","9.5","6.6","40.1","105.3","46.7","12.3","197.0","361.3","35.6","$153.0"
"2016","BOS","99.3","10.6","31.3","-15.3","109.9","15.9","27.3","190.7","343.7","35.2","$281.2"
"2009","TBR","68.9","21.6","56.1","-14.4","90.5","41.8","28.8","189.5","350.6","35.1","$224.5"
"2002","SFG","70.6","2.8","33.8","38.3","73.4","72.1","12.8","191.9","350.3","35.1","$136.7"
"2007","PHI","43.0","20.6","36.6","41.9","63.6","78.5","13.3","202.6","357.9","34.9","$195.5"
"2019","LAD","91.4","11.9","8.3","43.4","103.3","51.7","5.7","197.5","358.3","34.8","$278.4"
"2018","LAD","87.9","11.4","-0.8","39.1","99.3","38.3","9.8","190.2","337.7","34.8","$278.1"
"2000","SFG","105.0","-1.3","5.0","48.7","103.6","53.7","9.5","207.5","374.3","34.7",""
"2003","STL","74.8","9.2","17.0","36.5","83.9","53.5","12.5","199.7","349.6","34.4","$148.0"
"2008","STL","56.4","-10.0","49.3","41.3","46.4","90.6","9.8","194.0","340.8","34.0","$210.6"
"2011","TEX","86.8","20.6","20.5","-15.2","107.4","5.3","25.4","182.0","320.1","33.9","$257.4"
"2007","NYY","156.5","11.9","-31.4","-15.8","168.4","-47.2","23.6","202.3","347.1","33.9","$189.6"
"2009","NYY","137.4","0.2","-10.2","-15.3","137.5","-25.5","29.9","196.4","338.3","33.8","$216.6"
"2012","LAA","96.3","13.5","20.8","-14.9","109.8","5.9","26.4","180.8","322.8","33.8","$219.9"
"2017","HOU","163.0","-0.4","-23.7","-14.3","162.6","-37.9","20.5","193.8","339.0","33.7","$269.9"
"2004","STL","53.3","18.9","19.0","41.6","72.1","60.7","16.9","195.4","345.1","33.6","$141.1"
"2012","NYY","94.9","2.3","27.9","-15.7","97.2","12.1","26.9","184.0","320.3","33.6","$218.1"
"2017","LAD","34.9","5.8","52.6","37.6","40.7","90.2","12.1","191.4","334.4","33.3","$266.2"
"2008","BOS","76.9","-4.7","51.2","-15.8","72.2","35.4","27.4","194.9","329.9","32.9","$203.9"
"2008","PHI","-18.9","23.6","84.9","38.5","4.7","123.4","9.7","191.0","328.8","32.8","$203.2"
"2003","BOS","163.7","3.5","-46.4","-15.2","167.2","-61.5","23.5","201.7","330.9","32.6","$140.1"
"2019","NYY","129.2","-0.8","-0.5","-14.0","128.4","-14.5","24.0","196.4","334.3","32.5","$259.8"
"2018","BOS","79.2","-5.1","46.1","-15.2","74.1","30.9","19.3","188.6","312.8","32.2","$257.6"
"2018","OAK","89.0","-5.8","37.8","-14.9","83.2","23.0","19.1","187.2","312.5","32.2","$257.3"
"2009","PHI","22.4","20.0","39.2","39.2","42.5","78.4","5.5","193.0","319.3","32.0","$204.5"
"2014","LAD","81.8","-0.4","-15.6","35.9","81.4","20.3","12.2","176.0","290.0","31.8","$241.7"
"2014","PIT","57.8","3.8","2.3","34.4","61.6","36.7","12.2","175.8","286.3","31.4","$238.7"
"2018","NYY","88.1","14.6","10.1","-14.8","102.8","-4.6","19.2","187.6","304.9","31.4","$251.1"
"2002","SEA","74.7","12.9","25.0","-16.3","87.6","8.8","22.7","193.8","313.0","31.3","$122.2"
"2000","ANA","54.5","-4.5","70.0","-17.3","49.9","52.7","23.3","206.1","331.9","31.3",""
"2010","NYY","89.4","12.1","-7.7","-17.1","101.5","-24.8","35.5","189.0","301.2","31.2","$187.4"
"2000","STL","41.2","-5.2","45.0","37.1","36.0","82.1","9.4","205.9","333.4","31.2",""
"2003","SEA","34.1","2.4","78.1","-15.5","36.5","62.6","22.6","194.0","315.7","31.1","$133.6"
"2001","STL","8.5","2.7","64.0","39.0","11.2","103.0","9.7","192.7","316.6","31.1",""
"2019","MIN","128.8","-8.4","-11.5","-15.2","120.4","-26.7","24.6","201.0","319.3","31.0","$248.1"
"2001","SFG","67.4","-7.2","5.0","41.3","60.2","46.3","10.1","199.9","316.5","30.9",""
"2005","CLE","72.9","3.6","34.9","-14.7","76.4","20.2","20.3","190.9","307.8","30.9","$145.1"
"2007","DET","67.1","8.0","33.6","-14.2","75.1","19.4","23.0","197.2","314.7","30.7","$171.9"
"2010","TBR","40.9","37.6","14.1","-17.2","78.5","-3.2","34.9","185.7","296.0","30.7","$184.2"
"2011","MIL","20.3","0.3","49.7","32.3","20.6","82.0","8.1","177.7","288.4","30.5","$231.8"
"2011","ARI","-23.8","9.0","85.0","32.8","-14.8","117.8","8.0","177.3","288.3","30.5","$231.8"
"2002","STL","6.4","11.7","45.7","36.5","18.1","82.2","12.7","190.3","303.3","30.4","$118.4"
"2014","LAA","66.0","1.3","27.6","-16.0","67.3","11.5","20.4","177.5","276.7","30.4","$230.7"
"2021","HOU","115.8","-8.5","20.6","-12.4","107.4","8.2","15.1","169.4","300.1","30.2","$241.2"
"2008","CHC","27.1","6.1","24.2","39.9","33.2","64.1","9.8","194.4","301.5","30.1","$186.4"
"2010","MIL","31.9","0.6","30.2","36.0","32.4","66.3","3.7","186.7","289.1","30.0","$179.9"
"2007","BOS","75.7","-5.0","27.1","-15.3","70.7","11.8","23.2","199.1","304.8","29.7","$166.5"
"2005","ATL","-1.4","-1.7","59.0","37.7","-3.1","96.7","12.7","188.8","295.1","29.6","$139.1"
"2011","STL","88.7","-16.5","-15.6","33.3","72.3","17.6","8.2","181.5","279.6","29.6","$224.8"
"2015","SFG","25.9","-0.4","26.6","35.4","25.5","62.0","10.2","179.9","277.6","29.5","$235.8"
"2011","CIN","-5.1","8.7","49.4","32.5","3.6","81.9","8.3","184.0","277.8","29.4","$223.4"
"2005","PHI","-12.2","9.2","51.7","36.6","-2.9","88.2","13.0","193.7","291.9","29.3","$137.6"
"2008","TBR","38.2","5.6","48.4","-18.1","43.8","30.3","27.0","192.2","293.3","29.2","$181.3"
"2017","NYY","71.3","11.1","8.9","-15.4","82.3","-6.5","20.8","196.4","293.0","29.2","$233.3"
"2009","LAA","66.8","8.6","10.4","-15.9","75.5","-5.4","29.2","192.0","291.2","29.1","$186.5"
"2015","LAD","43.5","-15.3","22.8","34.5","28.2","57.3","10.1","178.0","273.6","29.0","$232.3"
"2004","ATL","-1.1","14.1","31.3","40.2","13.0","71.5","17.0","196.7","298.3","29.0","$122.0"
"2019","OAK","61.0","-1.7","33.0","-14.7","59.3","18.3","24.1","197.2","298.8","29.0","$232.2"
"2012","SFG","9.4","13.0","29.1","37.6","22.4","66.7","4.7","183.1","277.0","29.0","$188.6"
"2008","NYM","0.7","12.7","33.3","38.6","13.4","72.0","9.9","194.5","289.7","28.9","$179.1"
"2018","CLE","41.3","13.7","32.6","-15.9","55.1","16.8","19.3","188.5","279.6","28.8","$230.3"
"2000","SEA","65.0","-0.5","28.0","-16.0","64.5","12.0","23.5","208.3","308.3","28.8",""
"2012","STL","48.1","-1.6","-4.3","38.1","46.5","33.9","4.8","186.9","272.0","28.5","$185.2"
"2002","NYY","123.9","-1.0","-39.9","-15.5","122.9","-55.4","22.8","194.3","284.6","28.5","$111.1"
"2012","MIL","17.4","12.1","18.4","33.8","29.5","52.2","4.7","183.8","270.3","28.3","$184.1"
"2013","TBR","47.6","2.5","25.9","-16.7","50.1","9.2","24.0","178.4","261.6","28.2","$209.0"
"2003","SFG","-3.4","-8.3","55.4","39.3","-11.7","94.8","11.9","191.6","286.6","28.2","$121.3"
"2002","ANA","37.0","12.5","33.4","-16.9","49.4","16.5","22.6","192.8","281.4","28.2","$109.8"
"2006","NYM","-6.7","20.5","25.2","41.1","13.8","66.4","13.0","197.5","290.8","28.1","$134.7"
"2001","OAK","63.8","0.6","19.0","-18.6","64.5","0.4","22.5","199.2","286.6","28.0",""
"2004","LAD","-21.7","1.7","57.9","39.0","-19.9","96.8","16.8","193.8","287.5","28.0","$117.5"
"2018","MIL","-0.5","8.2","34.0","34.3","7.7","68.3","9.6","185.8","271.4","27.9","$223.5"
"2017","MIA","7.6","1.4","29.1","36.6","9.0","65.7","12.2","193.1","280.0","27.9","$223.0"
"2010","MIN","45.3","-15.8","35.1","-17.1","29.5","17.9","34.9","185.3","267.7","27.8","$166.5"
"2007","NYM","3.2","14.2","19.7","37.8","17.4","57.5","12.9","196.6","284.4","27.7","$155.4"
"2011","TBR","24.7","10.4","38.1","-15.1","35.1","23.1","24.9","178.9","262.0","27.7","$210.7"
"2013","DET","102.7","-19.0","-19.6","-15.7","83.7","-35.3","24.6","182.5","255.6","27.6","$204.1"
"2005","BOS","95.6","-2.9","-18.8","-15.2","92.8","-33.9","20.8","195.4","275.0","27.6","$129.6"
"2019","BOS","51.3","-7.0","25.9","-15.0","44.2","10.9","24.9","203.6","283.7","27.6","$220.4"
"2004","SFG","41.7","-6.0","-13.1","41.5","35.7","28.4","17.4","200.6","282.1","27.5","$115.3"
"2009","LAD","14.7","4.0","16.7","38.7","18.7","55.4","5.6","194.4","274.1","27.4","$175.6"
"2014","BAL","28.1","-6.2","48.9","-14.5","21.9","34.4","19.9","173.2","249.4","27.4","$207.9"
"2012","ATL","-56.1","7.2","87.3","36.4","-48.9","123.8","4.6","180.9","260.5","27.3","$177.4"
"2007","ATL","-6.4","-6.2","43.5","36.9","-12.5","80.4","13.0","197.5","278.4","27.2","$152.1"
"2000","CLE","81.3","7.8","-14.0","-15.4","89.1","-29.4","23.8","210.5","294.1","27.1",""
"2005","STL","3.4","9.0","14.5","40.1","12.4","54.6","12.8","190.6","270.4","27.1","$127.5"
"2013","SFG","2.4","-4.1","33.9","32.4","-1.7","66.3","8.5","176.2","249.4","26.9","$199.2"
"2017","CHC","11.6","-6.8","17.0","40.6","4.8","57.6","12.3","194.2","268.9","26.8","$214.1"
"2004","CLE","77.4","-4.7","-1.8","-16.4","72.7","-18.2","20.0","200.2","274.8","26.8","$112.4"
"2017","CLE","37.7","11.1","22.0","-15.2","48.8","6.8","20.4","192.7","268.6","26.7","$213.9"
"2004","PHI","0.4","5.5","11.9","38.5","5.8","50.4","17.4","200.3","273.9","26.7","$112.0"
"2019","ATL","12.7","11.0","5.7","40.5","23.7","46.2","5.7","198.2","273.8","26.6","$212.7"
"2001","COL","-44.6","2.6","61.0","41.6","-41.9","102.6","10.1","199.4","270.2","26.5",""
"2003","NYY","119.7","-0.3","-56.8","-15.2","119.4","-72.0","23.2","198.7","269.3","26.5","$114.0"
"2003","PHI","0.1","1.2","20.1","39.0","1.3","59.1","12.2","195.6","268.3","26.4","$113.6"
"2003","HOU","-26.8","10.9","41.2","35.4","-15.9","76.6","12.2","195.2","268.1","26.4","$113.5"
"2018","HOU","71.6","-7.0","3.1","-14.6","64.6","-11.5","18.8","183.9","255.7","26.3","$210.6"
"2019","WSN","28.7","3.7","-6.0","41.8","32.4","35.8","5.7","197.1","271.0","26.3","$210.6"
"2017","STL","6.3","2.0","13.3","38.1","8.4","51.4","12.1","192.2","264.1","26.3","$210.2"
"2014","WSN","-6.8","15.3","6.3","36.1","8.4","42.4","12.2","175.6","238.6","26.2","$198.9"
"2006","SDP","-10.2","5.2","24.9","40.2","-5.0","65.1","13.0","197.4","270.6","26.1","$125.3"
"2013","STL","30.1","-9.1","-0.6","35.6","21.0","35.0","8.6","177.2","241.8","26.1","$193.1"
"2015","HOU","58.6","8.1","-4.3","-15.3","66.8","-19.6","20.9","177.5","245.6","26.1","$208.5"
"2001","ARI","-28.8","-2.6","50.0","38.6","-31.4","88.6","10.0","198.0","265.2","26.0",""
"2017","MIN","25.3","14.4","22.4","-15.2","39.7","7.2","20.5","193.5","260.9","26.0","$207.7"
"2000","CHW","53.2","5.3","6.0","-15.6","58.5","-9.6","23.4","207.2","279.5","25.9",""
"2016","SFG","-32.0","-2.8","53.9","38.9","-34.8","92.8","5.9","189.2","253.1","25.9","$207.1"
"2004","SDP","22.4","8.1","-17.2","39.4","30.5","22.3","17.0","195.9","265.7","25.9","$108.6"
"2006","PHI","-3.0","18.5","-8.6","43.2","15.5","34.6","13.5","204.4","268.0","25.9","$124.1"
"2010","SFG","-13.2","-18.3","58.7","36.4","-31.6","95.2","3.6","182.0","249.2","25.8","$155.1"
"2018","STL","-5.0","12.9","8.8","38.3","7.9","47.1","9.6","185.5","250.1","25.7","$206.0"
"2018","ATL","-26.2","12.6","28.4","38.5","-13.5","66.8","9.7","187.0","250.0","25.7","$205.9"
"2002","MIN","6.8","-5.6","60.4","-15.4","1.1","45.0","22.2","188.8","257.1","25.7","$100.4"
"2013","BAL","2.6","13.8","38.6","-15.9","16.4","22.7","23.6","175.6","238.3","25.7","$190.3"
"2013","ATL","9.5","-5.7","15.4","34.6","3.8","50.1","8.5","175.2","237.6","25.6","$189.8"
"2016","LAD","-22.2","2.0","44.8","33.2","-20.1","77.9","5.8","186.0","249.6","25.5","$204.2"
"2018","CHC","1.2","2.2","6.5","37.5","3.4","44.0","9.8","190.6","247.8","25.5","$204.1"
"2013","LAD","22.7","-8.0","3.3","33.9","14.7","37.2","8.5","175.6","236.0","25.5","$188.5"
"2006","TOR","58.6","-15.0","19.5","-16.1","43.6","3.4","20.7","196.0","263.6","25.4","$122.1"
"2015","CHC","-30.9","15.1","25.6","38.0","-15.8","63.6","10.3","181.2","239.4","25.4","$203.3"
"2014","SFG","-5.6","0.5","18.0","34.8","-5.1","52.8","11.9","172.0","231.5","25.4","$193.0"
"2013","OAK","56.2","10.0","-15.3","-17.1","66.2","-32.4","23.9","177.4","235.0","25.4","$187.8"
"2004","CHC","-14.2","-12.0","32.1","42.8","-26.2","74.9","16.9","194.9","260.5","25.4","$106.5"
"2019","CHC","17.3","-2.2","3.6","41.4","15.0","45.0","5.6","194.8","260.5","25.3","$202.4"
"2021","TOR","75.4","1.0","10.0","-13.1","76.4","-3.2","14.6","163.7","251.6","25.3","$202.2"
"2007","MIL","0.2","7.4","7.4","36.7","7.7","44.1","12.7","193.3","257.8","25.1","$140.8"
"2016","TOR","30.9","-9.0","22.4","-13.6","21.9","8.8","26.9","188.1","245.6","25.1","$200.9"
"2010","STL","-8.7","1.8","24.8","34.8","-6.8","59.6","3.7","184.9","241.3","25.0","$150.1"
"2021","TBR","53.5","11.4","12.3","-13.2","64.9","-0.9","15.1","169.2","248.3","24.9","$199.6"
"2010","BOS","66.9","-7.2","-28.5","-14.9","59.7","-43.4","35.4","188.3","240.0","24.9","$149.3"
"2016","CLE","-1.7","15.8","30.9","-14.2","14.1","16.8","26.5","185.7","243.1","24.9","$198.9"
"2021","LAD","32.9","10.7","-10.0","35.6","43.6","25.6","7.0","171.1","247.3","24.8","$198.8"
"2014","DET","80.3","-7.3","-27.2","-14.7","73.0","-41.9","20.1","175.2","226.5","24.8","$188.8"
"2004","BOS","115.0","-17.1","-50.9","-15.7","97.9","-66.6","20.2","202.2","253.7","24.7","$103.7"
"2019","MIL","-20.7","5.9","29.3","35.3","-14.8","64.6","5.7","198.4","253.9","24.7","$197.3"
"2009","MIL","19.8","-9.6","2.0","36.9","10.2","38.9","5.5","191.7","246.3","24.6","$157.7"
"2004","HOU","-17.1","10.0","9.6","39.1","-7.1","48.7","16.9","194.5","253.0","24.6","$103.4"
"2008","MIL","-20.6","8.9","20.6","38.1","-11.7","58.8","9.6","190.4","247.1","24.6","$152.7"
"2015","NYM","-13.0","6.2","13.3","35.4","-6.8","48.7","10.2","179.6","231.7","24.6","$196.7"
"2000","ATL","-38.6","4.6","38.0","45.2","-33.9","83.2","9.2","202.9","261.4","24.5",""
"2008","ATL","-6.7","-5.8","19.3","34.9","-12.5","54.2","9.8","193.9","245.4","24.5","$151.7"
"2017","WSN","-9.5","11.9","-3.4","42.1","2.4","38.7","12.1","192.1","245.2","24.4","$195.3"
"2009","BOS","48.4","-7.7","-4.9","-14.9","40.7","-19.8","29.4","193.2","243.5","24.4","$155.9"
"2000","CIN","-49.8","3.3","47.0","42.9","-46.5","89.9","9.4","206.1","258.8","24.3",""
"2021","SFG","43.5","-8.4","1.2","30.4","35.1","31.6","6.9","167.5","241.1","24.2","$193.8"
"2006","NYY","111.4","7.4","-77.1","-14.8","118.9","-91.9","21.4","202.7","251.0","24.2","$116.3"
"2009","STL","-15.0","13.4","8.2","41.8","-1.6","50.0","5.4","187.8","241.6","24.2","$154.7"
"2002","BOS","54.9","-0.4","-13.0","-15.7","54.5","-28.8","22.6","192.9","241.3","24.2","$94.2"
"2018","WSN","6.1","8.4","-17.7","39.9","14.5","22.2","9.7","188.1","234.6","24.1","$193.2"
"2015","PIT","-20.9","3.5","15.5","34.1","-17.4","49.6","10.4","183.7","226.3","24.0","$192.1"
"2008","CLE","23.9","0.7","13.3","-16.1","24.6","-2.8","26.9","191.8","240.6","24.0","$148.7"
"2003","MIN","18.0","1.8","21.2","-15.7","19.8","5.4","22.8","195.3","243.4","24.0","$103.0"
"2012","CIN","-49.5","13.5","38.6","40.2","-36.0","78.9","4.6","180.6","228.2","23.9","$155.4"
"2002","PHI","4.4","1.1","-6.3","34.1","5.4","27.8","12.9","192.6","238.7","23.9","$93.2"
"2011","LAA","-10.8","-3.8","53.8","-15.8","-14.6","38.0","24.7","177.0","225.1","23.8","$181.0"
"2010","TOR","37.4","-12.3","5.3","-15.2","25.1","-9.9","33.8","179.9","228.9","23.7","$142.4"
"2002","LAD","-32.5","-3.5","38.2","35.2","-36.0","73.4","12.5","187.3","237.1","23.7","$92.6"
"2012","TBR","-0.3","-0.7","37.3","-16.5","-1.0","20.8","26.3","180.3","226.5","23.7","$154.2"
"2001","CLE","93.1","-2.4","-52.0","-15.4","90.7","-67.4","22.4","198.3","244.0","23.7",""
"2012","WSN","8.8","-4.1","-2.3","35.3","4.7","33.0","4.7","183.8","226.1","23.7","$154.0"
"2000","LAD","-5.0","0.5","5.0","41.3","-4.5","46.3","9.3","204.1","255.2","23.7",""
"2006","ATL","0.3","-13.4","7.0","41.1","-13.1","48.1","13.0","197.3","245.4","23.7","$113.6"
"2016","HOU","8.2","-5.4","32.1","-17.5","2.8","14.6","26.8","187.2","231.4","23.7","$189.3"
"2010","ATL","-0.8","-2.1","6.1","35.7","-2.9","41.9","3.7","185.2","227.8","23.6","$141.7"
"2018","TBR","48.9","-0.3","-8.2","-15.5","48.7","-23.7","18.9","185.4","229.2","23.6","$188.8"
"2010","SDP","-59.4","9.3","58.4","33.5","-50.2","91.9","3.6","182.1","227.5","23.6","$141.6"
"2015","STL","-22.1","0.9","18.4","35.4","-21.2","53.8","10.2","179.5","222.2","23.6","$188.7"
"2001","HOU","6.9","-8.8","-3.0","39.1","-1.9","36.1","10.0","197.3","241.4","23.6",""
"2010","DET","14.2","9.7","-3.5","-15.2","23.9","-18.7","35.2","187.0","227.3","23.6","$141.5"
"2000","NYM","-9.1","-7.2","13.0","42.3","-16.2","55.3","9.3","204.6","253.0","23.5",""
"2008","TEX","97.0","11.1","-79.6","-17.7","108.1","-97.3","27.7","197.3","235.8","23.5","$145.7"
"2004","ANA","21.6","2.2","16.9","-15.5","23.8","1.4","19.5","195.4","240.1","23.4","$98.2"
"2016","NYM","-9.1","-8.6","22.2","33.7","-17.7","55.9","5.8","184.5","228.5","23.4","$186.9"
"2003","FLA","-10.4","2.8","2.8","39.0","-7.6","41.8","11.9","191.1","237.2","23.4","$100.4"
"2012","TEX","45.3","-5.8","-12.7","-14.7","39.5","-27.3","26.8","183.6","222.6","23.3","$151.6"
"2008","HOU","-49.7","0.4","54.6","34.6","-49.2","89.3","9.3","184.3","233.6","23.3","$144.4"
"2019","TBR","22.4","8.4","3.0","-16.0","30.8","-13.0","24.2","197.7","239.6","23.3","$186.2"
"2006","STL","-19.2","5.9","2.0","44.0","-13.3","46.0","12.9","195.5","241.0","23.3","$111.6"
"2004","CHW","8.9","-1.6","35.4","-16.0","7.3","19.4","19.2","192.3","238.2","23.2","$97.4"
"2005","CIN","22.7","12.9","-45.6","35.3","35.6","-10.3","12.9","192.9","231.1","23.2","$109.0"
"2019","NYM","30.2","-17.0","-19.9","41.2","13.3","21.3","5.7","197.8","238.1","23.1","$185.0"
"2010","PHI","-7.8","13.3","-6.1","33.5","5.5","27.4","3.7","186.3","222.9","23.1","$138.7"
"2011","DET","63.8","-15.2","-20.3","-16.2","48.5","-36.5","25.3","181.2","218.4","23.1","$175.6"
"2007","COL","-29.5","10.1","2.9","38.7","-19.4","41.6","13.2","201.4","236.8","23.1","$129.4"
"2002","OAK","49.1","10.1","-26.8","-15.8","59.2","-42.7","22.5","191.7","230.7","23.1","$90.1"
"2018","LAA","-16.6","2.8","50.9","-14.2","-13.8","36.7","18.7","182.8","224.3","23.1","$184.7"
"2005","OAK","-8.1","12.0","30.0","-16.3","3.9","13.7","20.4","191.5","229.5","23.0","$108.2"
"2001","CHW","29.7","-1.3","8.0","-15.1","28.4","-7.1","21.7","191.9","234.9","23.0",""
"2000","HOU","45.7","-0.3","-55.0","44.1","45.4","-10.9","9.5","208.3","252.3","23.0",""
"2001","PHI","-62.0","9.9","44.0","37.8","-52.1","81.8","9.8","194.0","233.5","22.9",""
"2019","ARI","-55.7","18.3","29.1","39.4","-37.5","68.5","5.7","198.6","235.4","22.9","$182.9"
"2013","PIT","-5.2","1.8","-2.2","33.0","-3.4","30.8","8.5","175.3","211.2","22.8","$168.7"
"2000","OAK","78.8","1.9","-45.0","-17.9","80.7","-62.9","23.5","208.0","249.3","22.8",""
"2006","MIN","7.4","-1.4","29.8","-16.3","5.9","13.5","20.6","195.6","235.6","22.7","$109.1"
"2021","CHW","57.8","2.2","-1.9","-12.0","60.0","-13.9","14.7","165.0","225.9","22.7","$181.6"
"2017","NYM","4.1","-11.3","-5.3","37.4","-7.2","32.1","12.0","190.7","227.6","22.7","$181.2"
"2013","MIL","-59.1","-6.9","63.2","30.8","-66.0","94.0","8.4","173.3","209.7","22.6","$167.5"
"2013","CLE","27.8","11.5","-12.7","-16.8","39.3","-29.5","23.7","176.2","209.6","22.6","$167.5"
"2002","CHW","41.3","-1.2","-12.2","-14.6","40.1","-26.9","22.2","189.1","224.6","22.5","$87.7"
"2003","CHW","8.2","-5.1","28.0","-15.1","3.1","12.9","22.2","189.9","228.1","22.5","$96.6"
"2013","CIN","-30.8","-2.0","16.8","35.6","-32.9","52.4","8.7","179.8","208.0","22.5","$166.2"
"2001","TEX","65.6","5.2","-47.0","-14.8","70.8","-61.8","22.6","199.3","230.8","22.4",""
"2009","MIN","27.5","15.3","-26.5","-14.9","42.9","-41.4","29.4","193.2","224.1","22.4","$143.5"
"2003","SDP","-40.4","2.0","25.5","35.3","-38.3","60.8","12.0","192.9","227.5","22.4","$96.3"
"2019","STL","-45.8","14.4","23.9","37.5","-31.5","61.4","5.6","194.0","229.5","22.3","$178.3"
"2016","WSN","-32.4","16.0","2.4","38.8","-16.4","41.2","5.8","187.1","217.7","22.3","$178.1"
"2009","ATL","-24.0","-20.2","26.4","41.2","-44.2","67.6","5.5","192.9","221.8","22.2","$142.0"
"2014","TOR","44.9","0.0","-20.6","-16.5","44.9","-37.0","20.0","174.2","202.1","22.2","$168.5"
"2002","ARI","-22.8","1.8","-0.7","37.3","-21.0","36.6","12.9","192.5","220.9","22.1","$86.2"
"2004","BAL","25.5","6.4","-9.0","-16.1","31.9","-25.2","20.0","199.6","226.3","22.0","$92.5"
"2016","STL","36.0","-17.1","-31.3","34.1","18.9","2.8","5.9","187.8","215.4","22.0","$176.2"
"2002","TEX","23.1","3.0","-6.8","-16.0","26.2","-22.9","22.6","192.9","218.8","21.9","$85.4"
"2010","TEX","-11.5","4.5","11.6","-15.8","-7.0","-4.1","35.1","186.7","210.6","21.8","$131.1"
"2006","DET","-10.6","-1.6","39.0","-15.6","-12.2","23.4","20.5","194.6","226.3","21.8","$104.8"
"2001","MIN","-5.1","-0.2","30.0","-17.0","-5.2","13.0","21.8","192.9","222.6","21.8",""
"2015","KCR","-8.0","-0.3","29.0","-15.2","-8.3","13.8","21.1","178.8","205.4","21.8","$174.4"
"2010","ARI","-54.4","-8.3","50.5","35.3","-62.7","85.8","3.6","183.1","209.8","21.8","$130.6"
"2012","ARI","-25.1","-5.6","13.7","38.2","-30.7","52.0","4.7","181.7","207.6","21.7","$141.4"
"2004","NYY","101.2","-7.1","-73.4","-14.7","94.1","-88.1","19.8","197.5","223.3","21.7","$91.3"
"2021","OAK","19.4","7.0","23.6","-13.8","26.4","9.8","14.7","165.3","216.2","21.7","$173.8"
"2007","CLE","31.7","0.3","-14.3","-15.3","31.9","-29.6","23.0","197.3","222.6","21.7","$121.6"
"2017","TBR","-10.1","11.2","22.2","-15.7","1.1","6.5","20.1","190.0","217.7","21.7","$173.3"
"2004","DET","45.7","3.9","-25.7","-15.8","49.5","-41.5","19.5","195.0","222.6","21.7","$91.0"
"2015","TEX","-16.8","21.6","13.4","-16.4","4.8","-3.0","21.3","180.9","203.9","21.6","$173.2"
"2007","LAA","1.6","3.7","17.8","-15.8","5.3","2.0","22.4","192.1","221.8","21.6","$121.2"
"2017","SEA","19.8","-12.6","14.1","-14.8","7.1","-0.8","20.1","190.6","217.1","21.6","$172.9"
"2015","ARI","-35.9","12.5","-0.4","33.1","-23.3","32.6","10.4","183.5","203.2","21.6","$172.5"
"2012","SDP","-22.2","13.8","-7.5","36.6","-8.4","29.1","4.6","180.5","205.8","21.6","$140.2"
"2013","LAA","64.5","-9.7","-43.1","-14.9","54.8","-58.0","24.1","178.9","199.7","21.6","$159.5"
"2012","PHI","-51.5","10.7","21.5","37.4","-40.8","58.9","4.7","182.3","205.1","21.5","$139.7"
"2021","MIL","-38.4","7.5","37.9","32.5","-30.9","70.4","6.9","167.2","213.6","21.5","$171.7"
"2005","CHC","-41.7","-5.6","22.5","36.9","-47.3","59.4","12.6","188.0","212.7","21.3","$100.2"
"2016","SEA","58.2","-13.5","-35.1","-16.1","44.6","-51.2","26.9","187.9","208.2","21.3","$170.3"
"2016","MIA","-42.5","2.4","24.2","33.2","-40.1","57.4","5.8","185.0","208.1","21.3","$170.3"
"2008","NYY","30.9","-6.7","-12.8","-15.6","24.3","-28.4","26.8","190.5","213.2","21.3","$131.8"
"2006","CLE","65.6","-2.9","-47.3","-14.1","62.8","-61.4","20.9","197.9","220.2","21.2","$102.0"
"2001","FLA","-38.5","0.1","15.0","37.7","-38.4","52.7","9.8","192.9","217.0","21.2",""
"2014","OAK","16.2","11.0","-13.9","-16.5","27.2","-30.4","20.2","176.4","193.5","21.2","$161.3"
"2019","PHI","-70.0","13.8","39.1","32.3","-56.1","71.3","5.7","196.9","217.8","21.2","$169.2"
"2007","CHC","-83.1","-3.9","57.1","39.5","-87.0","96.6","12.7","194.2","216.6","21.1","$118.3"
"2016","DET","44.0","-16.9","-16.1","-15.8","27.0","-31.9","26.4","184.9","206.4","21.1","$168.9"
"2003","PIT","-29.0","5.5","-9.3","38.6","-23.5","29.3","12.2","195.1","213.0","21.0","$90.2"
"2001","ATL","-85.6","-3.3","62.0","37.8","-88.9","99.8","9.7","191.9","212.5","20.9",""
"2005","DET","-10.6","5.5","21.5","-15.6","-5.1","5.9","19.9","187.3","208.0","20.9","$98.0"
"2005","TEX","42.9","6.2","-38.6","-15.7","49.1","-54.3","20.4","192.3","207.6","20.8","$97.9"
"2014","MIL","-44.1","-12.1","27.1","35.1","-56.2","62.2","11.9","171.4","189.2","20.8","$157.8"
"2016","BAL","20.1","2.5","-16.0","-13.8","22.6","-29.8","26.3","183.7","202.7","20.7","$165.9"
"2007","FLA","5.6","3.8","-41.0","34.7","9.4","-6.4","12.9","196.6","212.5","20.7","$116.1"
"2006","LAD","8.1","-4.8","-43.9","41.3","3.4","-2.6","13.2","200.8","214.8","20.7","$99.5"
"2012","CHW","-11.2","-7.0","24.8","-16.0","-18.2","8.7","26.3","180.5","197.4","20.7","$134.4"
"2015","NYY","22.3","3.0","-20.1","-15.2","25.3","-35.3","21.6","183.2","194.8","20.7","$165.4"
"2000","NYY","38.6","-1.5","-24.0","-15.5","37.1","-39.5","23.0","204.0","224.7","20.6",""
"2019","CLE","-39.8","4.3","46.9","-15.1","-35.6","31.9","23.5","192.6","212.5","20.6","$165.1"
"2001","CHC","-19.2","-2.6","-11.0","40.3","-21.8","29.3","9.8","194.0","211.3","20.6",""
"2005","TBD","4.6","10.3","-0.8","-15.6","14.9","-16.4","19.8","186.8","205.2","20.6","$96.7"
"2004","OAK","16.5","-5.8","-4.8","-15.2","10.7","-20.0","20.1","200.4","211.2","20.6","$86.3"
"2000","TOR","6.5","2.9","0.0","-15.1","9.4","-15.1","23.1","204.5","221.9","20.6",""
"2002","ATL","-49.9","-7.9","25.4","35.0","-57.8","60.4","12.7","189.6","204.9","20.5","$80.0"
"2012","DET","33.3","-17.8","-11.4","-15.7","15.4","-27.2","26.4","180.7","195.4","20.5","$133.1"
"2010","OAK","-38.4","17.8","17.8","-16.8","-20.6","1.0","34.1","181.2","195.7","20.3","$121.8"
"2014","TBR","-20.9","1.0","27.0","-17.5","-19.9","9.5","20.1","175.3","185.0","20.3","$154.2"
"2005","SDP","-19.5","-0.3","-16.4","34.1","-19.8","17.6","12.8","191.4","202.1","20.3","$95.2"
"2003","TEX","-9.7","7.8","5.9","-15.5","-1.8","-9.5","22.7","194.4","205.7","20.2","$87.1"
"2003","ANA","-28.0","-4.9","42.3","-15.2","-33.0","27.1","22.1","189.0","205.2","20.2","$86.9"
"2021","BOS","42.4","-4.2","-7.3","-13.1","38.2","-20.4","15.0","168.1","200.9","20.2","$161.5"
"2006","FLA","-30.8","12.6","-21.9","41.9","-18.2","20.0","12.8","194.4","209.0","20.2","$96.8"
"2012","BOS","-39.7","2.6","35.5","-15.5","-37.1","20.0","26.6","182.1","191.7","20.1","$130.5"
"2021","ATL","-2.2","4.2","-6.3","31.0","2.0","24.7","6.8","164.7","198.2","19.9","$159.3"
"2021","CIN","9.8","-13.2","-8.7","33.7","-3.3","25.0","6.9","168.6","197.3","19.8","$158.6"
"2006","CIN","-53.0","16.4","-10.8","41.9","-36.5","31.1","13.0","197.7","205.3","19.8","$95.1"
"2011","KCR","3.8","0.7","-9.7","-15.6","4.5","-25.3","25.4","182.2","186.8","19.8","$150.2"
"2018","ARI","-88.1","7.1","40.3","38.8","-81.0","79.2","9.5","184.2","191.9","19.8","$158.0"
"2006","SEA","-41.6","4.0","43.0","-16.5","-37.6","26.5","20.6","195.1","204.5","19.7","$94.7"
"2000","DET","-0.2","-0.1","1.0","-16.3","-0.3","-15.3","23.1","205.1","212.7","19.7",""
"2006","HOU","-88.1","5.7","34.0","40.8","-82.5","74.7","13.1","198.6","204.0","19.7","$94.5"
"2017","ARI","-40.3","12.4","-19.2","40.3","-27.9","21.1","12.1","192.4","197.7","19.7","$157.4"
"2013","TEX","-24.5","2.0","21.3","-17.4","-22.5","3.9","23.8","177.0","182.3","19.7","$145.6"
"2015","TBR","-2.8","-13.4","20.5","-18.0","-16.2","2.5","20.9","177.5","184.6","19.6","$156.8"
"2011","LAD","-34.8","10.2","-6.9","31.2","-24.6","24.3","8.0","177.2","184.9","19.6","$148.7"
"2005","LAA","-34.1","3.3","33.0","-16.0","-30.8","17.0","20.1","188.8","195.0","19.6","$91.9"
"2009","CIN","-123.7","5.2","79.2","40.1","-118.5","119.4","5.4","188.4","194.7","19.5","$124.7"
"2009","TOR","9.3","12.2","-34.9","-15.1","21.5","-50.0","29.5","193.7","194.7","19.5","$124.7"
"2006","WSN","-30.6","3.3","-20.1","38.9","-27.3","18.8","13.0","197.3","201.7","19.5","$93.4"
"2017","CIN","-42.1","-5.3","0.8","37.9","-47.4","38.7","12.1","192.0","195.5","19.5","$155.6"
"2013","KCR","-75.6","18.2","56.0","-16.3","-57.4","39.6","23.4","174.1","179.7","19.4","$143.6"
"2013","ARI","-50.8","-18.5","26.0","33.3","-69.4","59.4","8.7","181.0","179.7","19.4","$143.5"
"2012","OAK","-19.2","19.4","-8.1","-16.3","0.3","-24.4","26.7","182.6","185.1","19.4","$126.1"
"2005","MIL","-39.2","-5.2","2.2","35.1","-44.4","37.3","12.6","187.9","193.3","19.4","$91.1"
"2008","MIN","-7.6","12.3","-13.7","-16.8","4.7","-30.5","27.1","192.8","194.1","19.3","$120.0"
"2009","FLA","-21.1","4.5","-24.1","36.1","-16.7","12.0","5.5","192.2","193.1","19.3","$123.6"
"2006","CHW","22.8","-8.4","-17.9","-16.2","14.4","-34.1","20.9","198.4","199.6","19.3","$92.4"
"2016","LAA","-10.6","-16.8","21.7","-15.3","-27.4","6.4","26.1","182.3","187.4","19.2","$153.3"
"2005","TOR","-45.5","12.3","30.8","-17.2","-33.2","13.6","20.2","190.2","190.8","19.1","$89.9"
"2002","FLA","-20.2","5.4","-31.0","32.7","-14.7","1.7","12.8","190.8","190.6","19.1","$74.4"
"2016","TBR","-12.7","-0.4","5.3","-14.3","-13.0","-9.0","26.1","182.4","186.5","19.1","$152.6"
"2015","CLE","-23.7","8.1","13.0","-17.5","-15.6","-4.5","21.0","178.6","179.5","19.1","$152.4"
"2008","BAL","-11.8","-5.1","7.7","-15.4","-17.0","-7.7","26.6","189.1","191.0","19.0","$118.1"
"2009","TEX","-59.0","9.1","39.0","-14.5","-49.8","24.6","28.4","186.6","189.7","19.0","$121.5"
"2011","PHI","-33.0","3.5","-18.2","36.0","-29.5","17.9","8.3","182.6","179.2","19.0","$144.1"
"2002","TOR","-27.0","11.5","6.9","-14.7","-15.5","-7.8","22.3","189.8","188.8","18.9","$73.7"
"2019","LAA","-24.9","-6.1","19.8","-15.2","-31.0","4.6","24.0","196.6","194.2","18.9","$150.9"
"2009","COL","-35.1","5.3","-16.3","39.1","-29.7","22.8","5.4","190.0","188.5","18.9","$120.7"
"2005","BAL","8.9","-9.5","-2.6","-16.1","-0.6","-18.7","19.9","187.2","187.9","18.8","$88.5"
"2016","PIT","-19.8","-6.7","-17.9","33.5","-26.5","15.6","5.9","188.9","184.0","18.8","$150.5"
"2017","LAA","-62.7","1.4","58.0","-15.4","-61.3","42.6","19.8","187.7","188.8","18.8","$150.4"
"2014","KCR","-52.6","4.8","44.4","-16.2","-47.8","28.1","19.6","171.2","171.1","18.8","$142.7"
"2013","SDP","-44.2","8.8","-7.5","31.9","-35.4","24.4","8.4","174.9","172.3","18.6","$137.7"
"2002","HOU","-44.7","-6.2","-3.7","37.1","-50.9","33.4","12.7","190.5","185.7","18.6","$72.5"
"2016","COL","-46.1","1.1","-3.1","35.3","-45.0","32.2","5.9","188.2","181.2","18.5","$148.3"
"2011","ATL","-65.7","-4.8","25.9","32.0","-70.5","57.9","8.1","179.4","174.9","18.5","$140.6"
"2008","FLA","-33.2","5.7","-21.1","35.2","-27.5","14.2","9.6","189.0","185.2","18.5","$114.5"
"2003","TOR","62.4","-5.7","-73.5","-15.3","56.6","-88.7","22.9","196.6","187.4","18.4","$79.3"
"2004","TEX","-43.9","18.0","16.2","-15.0","-25.9","1.3","19.4","194.1","188.9","18.4","$77.2"
"2006","KCR","-67.6","3.0","53.6","-15.9","-64.6","37.7","20.6","195.6","189.3","18.3","$87.7"
"2005","FLA","-15.9","-7.1","-36.7","39.2","-23.0","2.5","12.7","189.7","181.9","18.2","$85.7"
"2001","LAD","-23.1","-0.7","-31.0","40.0","-23.8","9.0","9.7","192.4","187.3","18.2",""
"2017","BOS","-68.9","4.9","45.9","-15.7","-64.0","30.2","20.7","195.9","182.8","18.2","$145.6"
"2004","FLA","-51.7","0.5","-10.5","40.6","-51.2","30.1","16.6","191.1","186.7","18.2","$76.3"
"2011","SFG","-81.4","-6.5","41.7","32.5","-87.9","74.2","8.0","177.1","171.4","18.1","$137.8"
"2005","HOU","-77.7","-0.1","23.5","35.0","-77.8","58.5","12.6","187.4","180.6","18.1","$85.1"
"2005","NYM","-53.8","21.0","-23.4","36.6","-32.8","13.2","12.6","187.6","180.5","18.1","$85.1"
"2014","NYY","-41.7","3.2","26.2","-14.5","-38.5","11.7","19.7","171.8","164.8","18.1","$137.4"
"2014","STL","-33.5","-15.5","-4.9","34.8","-49.0","29.9","11.9","171.9","164.8","18.1","$137.4"
"2018","SEA","-1.3","-7.0","-1.5","-15.9","-8.3","-17.4","18.6","182.1","175.0","18.0","$144.1"
"2007","STL","-48.5","-12.7","5.8","34.8","-61.3","40.6","12.6","192.5","184.4","18.0","$100.7"
"2005","CHW","-40.2","-1.9","30.1","-16.2","-42.1","13.8","19.9","187.6","179.2","18.0","$84.5"
"2015","BOS","-7.3","1.4","-13.0","-16.0","-5.9","-28.9","21.5","182.3","169.0","17.9","$143.5"
"2015","WSN","-27.4","-2.3","-23.6","33.0","-29.7","9.4","10.1","178.8","168.7","17.9","$143.3"
"2014","NYM","-55.7","-0.4","-2.4","35.0","-56.0","32.6","12.0","173.6","162.2","17.8","$135.2"
"2001","ANA","-57.8","0.3","39.0","-16.6","-57.5","22.4","22.0","194.2","181.1","17.8",""
"2015","BAL","-19.0","-4.9","8.9","-14.8","-23.9","-5.9","20.7","175.6","166.5","17.7","$141.4"
"2001","SDP","-23.0","6.4","-47.0","39.9","-16.6","-7.1","9.9","195.8","181.9","17.7",""
"2007","TBD","21.1","8.4","-51.2","-14.8","29.5","-66.0","22.7","194.6","180.8","17.6","$98.8"
"2002","NYM","-67.0","-6.1","17.1","32.4","-73.1","49.4","12.5","187.4","176.2","17.6","$68.8"
"2003","TBD","-78.9","13.2","46.4","-16.5","-65.7","30.0","22.4","191.9","178.6","17.6","$75.6"
"2008","LAA","-29.9","-1.0","9.2","-15.7","-30.9","-6.5","26.3","187.4","176.3","17.6","$109.0"
"2013","WSN","-37.8","3.1","-16.5","32.7","-34.7","16.3","8.3","172.8","162.7","17.6","$130.0"
"2017","OAK","25.4","-5.5","-39.2","-14.4","19.9","-53.6","20.0","189.3","175.7","17.5","$139.9"
"2009","ARI","-88.4","13.1","16.1","37.4","-75.3","53.6","5.5","190.9","174.6","17.5","$111.8"
"2005","NYY","121.9","-3.4","-143.7","-17.2","118.5","-160.9","20.8","195.5","173.9","17.4","$81.9"
"2021","STL","-48.3","7.5","16.2","29.4","-40.8","45.6","6.7","161.9","173.4","17.4","$139.4"
"2015","SEA","2.3","-23.1","0.3","-16.1","-20.7","-15.8","21.1","179.2","163.8","17.4","$139.1"
"2014","BOS","-74.9","-8.1","60.0","-15.1","-82.9","44.8","20.2","175.9","158.0","17.3","$131.7"
"2004","SEA","-58.8","-6.4","43.2","-17.1","-65.3","26.1","19.8","197.4","178.0","17.3","$72.8"
"2018","PIT","-38.5","-13.3","-7.8","36.9","-51.7","29.1","9.4","181.5","168.2","17.3","$138.5"
"2001","NYY","26.4","9.3","-58.0","-15.8","35.7","-73.8","22.0","194.4","178.4","17.3",""
"2017","MIL","-50.9","2.4","-15.7","36.4","-48.6","20.7","12.0","189.6","173.7","17.3","$138.3"
"2008","TOR","-49.8","-10.9","36.9","-17.8","-60.7","19.1","26.5","188.5","173.4","17.3","$107.2"
"2004","MIN","-27.8","5.5","0.7","-16.4","-22.3","-15.6","19.5","195.1","176.6","17.2","$72.2"
"2011","NYM","13.9","11.1","-85.7","30.6","25.0","-55.1","8.3","184.2","162.5","17.2","$130.6"
"2007","OAK","-5.1","-7.0","-16.8","-15.3","-12.1","-32.1","23.0","197.2","176.0","17.2","$96.2"
"2002","CHC","-52.2","-7.0","-9.6","37.1","-59.2","27.5","12.7","190.2","171.2","17.1","$66.8"
"2006","BAL","-31.9","-4.5","12.8","-15.5","-36.4","-2.7","20.7","195.9","177.5","17.1","$82.2"
"2015","DET","19.0","-27.6","-16.6","-15.0","-8.6","-31.6","21.2","180.0","161.1","17.1","$136.8"
"2015","LAA","-37.5","0.5","17.8","-15.4","-37.0","2.3","20.6","175.1","161.0","17.1","$136.8"
"2000","KCR","-91.7","8.9","48.0","-14.9","-82.8","33.1","23.3","206.7","180.4","17.1",""
"2014","COL","-20.8","-12.3","-30.8","33.0","-33.1","2.2","12.1","174.2","155.4","17.0","$129.5"
"2006","LAA","-38.7","11.3","4.0","-16.1","-27.4","-12.1","20.6","195.3","176.5","17.0","$81.7"
"2013","TOR","-6.6","3.8","-23.4","-15.7","-2.8","-39.1","23.6","175.8","157.5","17.0","$125.8"
"2021","PHI","-35.8","6.8","-6.4","31.0","-29.0","24.6","6.8","165.6","168.0","16.9","$135.1"
"2007","LAD","-51.7","18.3","-32.5","31.0","-33.3","-1.5","12.8","194.7","172.6","16.8","$94.3"
"2008","DET","49.0","-6.7","-79.0","-14.7","42.3","-93.8","27.1","192.8","168.4","16.8","$104.1"
"2009","SEA","-82.5","-4.5","55.8","-15.8","-87.0","40.0","28.3","186.1","167.5","16.8","$107.3"
"2003","CHC","-74.3","-9.4","12.0","38.9","-83.7","50.9","11.9","191.1","170.2","16.8","$72.0"
"2018","COL","-88.4","3.2","13.9","39.3","-85.1","53.2","9.6","184.9","162.5","16.7","$133.8"
"2008","LAD","-56.2","5.1","-17.4","37.8","-51.1","20.4","9.6","188.6","167.5","16.7","$103.5"
"2011","WSN","-77.1","3.7","14.5","31.1","-73.4","45.6","8.0","177.1","157.3","16.6","$126.5"
"2005","WSN","-96.5","-16.4","41.7","37.2","-112.9","78.8","12.6","187.5","165.9","16.6","$78.2"
"2014","MIA","-36.8","-5.6","-25.1","32.0","-42.4","7.0","12.1","174.7","151.5","16.6","$126.3"
"2002","CIN","-75.1","1.2","3.7","32.7","-73.9","36.4","12.7","190.5","165.8","16.6","$64.7"
"2009","SFG","-128.1","10.0","55.6","38.4","-118.1","94.0","5.3","184.4","165.7","16.6","$106.1"
"2010","WSN","-73.1","-11.3","27.9","31.9","-84.4","59.9","3.6","180.7","159.8","16.6","$99.4"
"2006","OAK","-21.9","-16.5","9.6","-17.7","-38.5","-8.1","20.8","197.2","171.5","16.5","$79.4"
"2013","NYM","-72.2","23.0","-16.0","32.2","-49.2","16.1","8.6","177.4","152.8","16.5","$122.1"
"2015","CIN","-63.0","10.9","-17.7","33.8","-52.1","16.1","10.3","181.1","155.4","16.5","$131.9"
"2018","CIN","-42.9","-1.9","-28.0","36.7","-44.8","8.6","9.6","186.7","160.2","16.5","$131.9"
"2021","SDP","-15.3","0.3","-15.8","22.4","-15.0","6.5","6.8","165.7","164.1","16.5","$131.9"
"2003","COL","-79.4","1.0","2.2","37.4","-78.3","39.6","12.1","194.1","167.5","16.5","$70.9"
"2000","BOS","-71.7","-4.4","39.0","-17.7","-76.1","21.3","23.2","206.0","174.5","16.4",""
"2014","SEA","-40.7","3.2","15.8","-17.3","-37.5","-1.5","19.4","168.9","149.2","16.4","$124.4"
"2015","SDP","-68.3","5.0","-0.2","31.7","-63.2","31.5","10.0","176.0","154.2","16.4","$130.9"
"2004","TBD","-98.7","16.1","58.1","-16.6","-82.6","41.6","18.9","189.2","167.2","16.3","$68.3"
"2007","TOR","-35.9","-11.3","17.9","-18.7","-47.2","-0.8","22.4","192.0","166.5","16.2","$90.9"
"2019","SEA","-15.1","13.4","-34.8","-15.3","-1.6","-50.1","23.8","195.0","167.1","16.2","$129.8"
"2016","TEX","-39.1","2.0","2.1","-16.6","-37.0","-14.5","26.3","183.7","158.4","16.2","$129.6"
"2014","MIN","2.9","20.9","-57.1","-15.6","23.8","-72.6","20.2","176.1","147.5","16.2","$123.0"
"2006","BOS","-3.0","-10.3","-28.9","-14.5","-13.3","-43.5","21.3","202.1","166.6","16.1","$77.1"
"2018","MIN","-31.1","0.6","-2.5","-15.0","-30.5","-17.4","18.8","184.1","155.1","16.0","$127.7"
"2010","FLA","-58.6","22.5","-30.5","33.2","-36.1","2.7","3.6","183.5","153.7","15.9","$95.6"
"2006","MIL","-86.3","-1.5","5.9","41.8","-87.8","47.7","12.7","192.5","165.1","15.9","$76.5"
"2012","NYM","-45.6","-3.2","-18.6","34.7","-48.8","16.1","4.6","179.9","151.8","15.9","$103.4"
"2006","TEX","-24.0","-7.4","-6.9","-14.8","-31.5","-21.7","20.8","197.0","164.6","15.9","$76.2"
"2007","SDP","-33.5","3.3","-53.3","36.7","-30.2","-16.6","12.9","196.0","162.1","15.8","$88.6"
"2021","NYM","-27.5","-12.6","1.1","29.9","-40.0","31.0","6.6","159.7","157.3","15.8","$126.4"
"2021","WSN","-0.3","-20.4","-23.8","30.2","-20.7","6.5","6.8","164.2","156.7","15.7","$126.0"
"2000","CHC","-97.3","2.4","5.0","42.8","-95.0","47.8","9.4","206.8","169.1","15.7",""
"2010","CHW","0.4","-8.1","-39.3","-17.0","-7.7","-56.3","34.1","181.2","151.4","15.7","$94.2"
"2001","TOR","-46.0","7.0","-3.0","-15.5","-38.9","-18.5","22.2","196.0","160.7","15.7",""
"2006","SFG","-100.5","-15.8","28.1","45.4","-116.2","73.5","12.7","192.7","162.6","15.7","$75.3"
"2003","BAL","-46.3","11.0","-5.2","-15.9","-35.3","-21.2","22.5","192.8","158.9","15.6","$67.2"
"2016","ARI","-57.6","17.7","-33.4","31.3","-39.9","-2.0","5.9","188.9","152.8","15.6","$125.0"
"2021","NYY","-4.5","-9.5","3.4","-13.5","-14.0","-10.0","14.7","164.8","155.5","15.6","$125.0"
"2000","ARI","-102.6","-0.1","15.0","44.2","-102.7","59.2","9.2","201.8","167.4","15.6",""
"2017","ATL","-86.7","4.3","-2.2","37.2","-82.5","35.0","12.1","192.1","156.8","15.6","$124.9"
"2011","TOR","-23.7","12.1","-31.6","-15.3","-11.6","-46.8","25.2","180.6","147.3","15.6","$118.4"
"2004","CIN","-68.2","-9.3","-10.6","36.2","-77.5","25.6","16.9","194.8","159.8","15.6","$65.4"
"2009","SDP","-56.8","-10.4","-4.7","33.6","-67.1","28.9","5.4","188.2","155.4","15.5","$99.5"
"2007","CIN","-51.1","-7.2","-29.9","38.3","-58.3","8.4","12.9","196.2","159.3","15.5","$87.0"
"2016","NYY","-60.3","10.6","8.6","-15.9","-49.7","-7.3","26.1","182.8","151.9","15.5","$124.3"
"2000","COL","-154.8","-1.0","55.0","45.6","-155.8","100.6","9.5","208.6","162.9","15.5",""
"2008","CHW","9.8","-27.4","-27.4","-16.1","-17.7","-43.6","26.6","189.7","155.2","15.5","$95.9"
"2014","CHC","-63.5","4.0","-18.1","33.3","-59.5","15.2","11.9","172.4","140.0","15.4","$116.7"
"2015","MIA","-66.0","-1.2","-5.0","31.8","-67.3","26.9","9.9","175.0","144.6","15.3","$122.8"
"2007","SEA","20.3","-9.6","-53.1","-15.2","10.7","-68.4","22.4","192.4","157.2","15.3","$85.9"
"2000","SDP","-80.1","2.6","-9.0","39.9","-77.5","30.9","9.3","203.4","166.1","15.3",""
"2000","BAL","-15.1","-3.9","-21.0","-17.4","-19.0","-38.4","22.8","201.7","167.0","15.3",""
"2007","TEX","-46.0","12.6","-11.3","-15.2","-33.4","-26.5","22.5","192.6","155.1","15.1","$84.8"
"2009","WSN","-32.2","-5.7","-42.0","34.4","-37.9","-7.6","5.5","191.0","151.1","15.1","$96.7"
"2010","NYM","-81.5","10.6","-3.1","33.7","-70.9","30.6","3.6","182.0","145.3","15.1","$90.4"
"2007","BAL","-36.2","-9.0","-1.3","-15.9","-45.2","-17.2","22.6","194.1","154.3","15.1","$84.3"
"2009","DET","-48.9","0.4","-2.2","-17.7","-48.5","-19.9","28.9","189.8","150.3","15.0","$96.3"
"2011","SDP","-95.5","18.2","5.3","29.0","-77.2","34.3","8.0","176.6","141.7","15.0","$113.9"
"2016","CHW","-24.7","-2.5","-22.0","-16.0","-27.2","-38.0","26.4","185.0","146.2","15.0","$119.6"
"2014","CIN","-114.2","-1.2","34.1","35.0","-115.4","69.1","11.7","168.9","134.4","14.7","$112.0"
"2018","NYM","-45.7","2.6","-47.2","39.0","-43.1","-8.3","9.6","184.8","143.0","14.7","$117.8"
"2008","OAK","-105.1","12.4","43.9","-16.8","-92.7","27.1","26.2","186.9","147.6","14.7","$91.2"
"2021","MIN","-0.3","-4.0","-16.2","-13.8","-4.3","-30.0","14.8","165.9","146.4","14.7","$117.7"
"2012","BAL","-26.9","-17.1","-9.0","-15.7","-44.0","-24.7","26.6","182.0","139.8","14.6","$95.2"
"2009","OAK","-50.8","12.8","-19.0","-15.9","-38.0","-34.9","28.9","190.2","146.3","14.6","$93.7"
"2013","NYY","-93.6","4.4","44.7","-16.6","-89.2","28.1","23.2","172.7","134.8","14.6","$107.7"
"2009","CLE","0.4","-1.1","-60.2","-15.4","-0.7","-75.7","29.3","192.5","145.3","14.5","$93.1"
"2000","FLA","-91.0","9.1","-11.0","41.1","-82.0","30.1","9.1","200.6","157.8","14.5",""
"2009","CHC","-76.1","-13.2","0.9","38.1","-89.3","39.0","5.4","190.1","145.3","14.5","$93.0"
"2001","MIL","-82.5","-2.7","-5.0","36.8","-85.2","31.8","9.7","191.8","148.1","14.5",""
"2011","CHC","-62.5","-17.7","-0.6","30.1","-80.2","29.5","8.1","178.2","135.6","14.3","$109.0"
"2012","TOR","-58.3","2.5","2.2","-16.1","-55.8","-14.0","26.3","180.0","136.5","14.3","$93.0"
"2007","KCR","-119.6","-1.6","71.3","-16.2","-121.2","55.1","22.2","190.3","146.3","14.3","$79.9"
"2017","DET","-18.0","-19.8","-12.8","-16.6","-37.8","-29.4","20.1","190.1","143.0","14.2","$113.8"
"2001","BOS","2.5","-6.3","-52.0","-15.4","-3.8","-67.4","22.1","195.4","146.2","14.2",""
"2013","CHC","-66.4","-11.9","-4.7","32.0","-78.3","27.3","8.4","173.7","131.0","14.1","$104.7"
"2004","COL","-59.8","-4.9","-43.2","39.4","-64.7","-3.7","17.0","196.5","145.1","14.1","$59.3"
"2014","CLE","-11.6","9.9","-49.0","-16.6","-1.7","-65.6","20.2","175.8","128.7","14.1","$107.3"
"2010","LAA","-45.4","-8.8","-8.0","-16.1","-54.2","-24.1","33.9","180.4","136.0","14.1","$84.6"
"2017","CHW","-34.4","-1.9","-13.9","-15.2","-36.4","-29.2","19.8","187.3","141.5","14.1","$112.7"
"2007","MIN","-71.3","2.6","15.3","-15.7","-68.7","-0.4","22.3","190.9","144.1","14.1","$78.7"
"2008","SDP","-59.5","-4.2","-31.4","34.0","-63.7","2.6","9.6","190.1","138.6","13.8","$85.7"
"2008","CIN","-104.4","1.1","9.6","34.2","-103.2","43.7","9.5","188.4","138.5","13.8","$85.6"
"2012","LAD","-73.3","-8.6","-5.5","34.4","-81.9","28.9","4.6","179.9","131.5","13.8","$89.6"
"2010","CHC","-71.4","-10.3","-6.8","35.8","-81.7","29.0","3.6","181.9","132.8","13.8","$82.6"
"2003","CLE","-76.4","-7.5","24.8","-14.6","-83.9","10.1","22.3","191.1","139.7","13.8","$59.1"
"2017","COL","-99.4","-6.4","0.9","39.0","-105.8","39.9","12.1","191.7","137.9","13.7","$109.8"
"2006","CHC","-127.9","-1.0","27.2","38.0","-128.9","65.3","12.7","193.0","142.2","13.7","$65.8"
"2011","FLA","-58.2","2.1","-34.3","30.6","-56.1","-3.7","8.2","181.2","129.7","13.7","$104.2"
"2014","HOU","-11.7","3.6","-42.4","-15.5","-8.1","-57.9","19.6","171.1","124.7","13.7","$103.9"
"2013","COL","-90.1","17.4","-16.4","31.5","-72.7","15.1","8.5","175.8","126.7","13.7","$101.2"
"2005","SEA","-73.4","7.1","12.0","-15.1","-66.3","-3.2","19.8","186.0","136.3","13.7","$64.3"
"2020","CHW","36.4","-0.5","10.5","-8.0","36.0","2.5","27.6","73.8","139.9","13.6","$108.9"
"2005","LAD","-71.9","-21.4","-5.2","34.2","-93.4","29.0","12.5","187.2","135.4","13.6","$63.8"
"2002","BAL","-76.3","-1.2","20.3","-15.3","-77.5","5.0","21.8","185.7","135.1","13.5","$52.7"
"2006","COL","-109.0","-2.7","-6.3","45.6","-111.8","39.3","13.2","199.3","140.0","13.5","$64.8"
"2019","SDP","-97.7","-11.1","18.8","33.7","-108.7","52.5","5.5","189.3","138.5","13.5","$107.6"
"2010","COL","-71.3","9.3","-33.1","35.6","-62.0","2.5","3.7","185.6","129.7","13.5","$80.7"
"2005","PIT","-86.3","-5.0","-11.8","34.5","-91.3","22.8","12.7","189.9","134.1","13.4","$63.2"
"2011","HOU","-88.6","-0.6","-1.7","30.0","-89.1","28.3","8.1","178.8","126.1","13.3","$101.3"
"2014","CHW","-10.4","-13.1","-30.7","-15.7","-23.5","-46.4","19.7","171.7","121.5","13.3","$101.3"
"2021","LAA","-16.4","4.0","-22.6","-9.8","-12.4","-32.3","14.5","162.7","132.4","13.3","$106.5"
"2010","LAD","-62.0","1.3","-31.5","34.8","-60.6","3.4","3.6","181.9","128.2","13.3","$79.8"
"2002","MON","-58.2","-0.3","-51.6","38.9","-58.5","-12.7","12.7","190.4","132.0","13.2","$51.5"
"2007","WSN","-97.8","-10.8","7.3","31.8","-108.6","39.1","12.6","192.2","135.3","13.2","$73.9"
"2018","TOR","4.7","-27.1","-33.3","-16.4","-22.5","-49.7","18.6","181.8","128.2","13.2","$105.6"
"2005","MIN","-81.6","-14.5","34.9","-16.4","-96.1","18.6","20.1","189.0","131.5","13.2","$62.0"
"2002","SDP","-69.4","-12.4","-21.5","33.6","-81.8","12.0","12.6","188.2","131.1","13.1","$51.2"
"2021","COL","-124.4","12.7","43.3","27.3","-111.8","70.6","6.8","164.3","129.9","13.1","$104.4"
"2014","ARI","-114.3","1.5","14.9","32.6","-112.8","47.5","11.9","172.0","118.6","13.0","$98.9"
"2005","SFG","-107.7","-13.9","18.7","34.3","-121.6","53.0","12.4","185.5","129.3","13.0","$61.0"
"2021","CHC","-60.3","-6.1","-1.7","27.5","-66.5","25.8","6.7","162.3","128.3","12.9","$103.1"
"2014","ATL","-94.5","-4.4","-2.7","35.3","-98.9","32.7","11.9","171.3","117.0","12.8","$97.5"
"2009","NYM","-42.8","-5.4","-51.5","34.7","-48.2","-16.8","5.4","187.5","127.9","12.8","$81.9"
"2012","KCR","-43.4","-7.4","-19.6","-16.0","-50.8","-35.7","26.5","181.6","121.6","12.7","$82.8"
"2020","SDP","43.0","2.1","14.7","-7.3","45.1","7.4","5.8","72.7","131.0","12.7","$101.9"
"2009","HOU","-81.0","-18.0","1.5","35.5","-99.0","37.0","5.3","183.9","127.2","12.7","$81.5"
"2002","PIT","-121.0","7.9","10.0","33.3","-113.0","43.3","12.3","184.3","126.9","12.7","$49.5"
"2003","OAK","-40.7","5.2","-34.4","-14.6","-35.5","-49.1","22.3","191.2","128.9","12.7","$54.6"
"2004","TOR","-97.7","-9.3","42.3","-15.9","-107.0","26.4","19.2","191.7","130.3","12.7","$53.3"
"2016","MIL","-60.4","5.2","-41.6","32.3","-55.2","-9.3","5.7","182.9","124.0","12.7","$101.5"
"2021","MIA","-86.8","3.4","10.6","30.1","-83.4","40.7","6.7","161.9","125.9","12.7","$101.2"
"2015","MIL","-89.4","1.5","-10.6","31.3","-87.9","20.7","10.0","176.1","118.9","12.6","$101.0"
"2012","MIN","-33.2","0.7","-41.8","-15.7","-32.5","-57.5","26.8","183.4","120.1","12.6","$81.8"
"2003","KCR","-37.5","7.3","-43.2","-14.6","-30.2","-57.8","22.5","192.7","127.2","12.5","$53.8"
"2021","CLE","-52.3","4.1","11.2","-12.1","-48.2","-0.9","14.2","159.5","124.6","12.5","$100.1"
"2018","PHI","-71.4","2.9","-38.2","35.1","-68.5","-3.1","9.5","183.6","121.5","12.5","$100.1"
"2007","PIT","-83.6","-10.4","-20.0","36.8","-94.0","16.8","12.6","192.6","128.0","12.5","$69.9"
"2005","ARI","-72.5","1.3","-45.0","34.3","-71.2","-10.7","12.9","193.1","124.1","12.4","$58.5"
"2007","HOU","-68.7","-17.9","-30.1","35.4","-86.6","5.3","12.9","196.0","127.5","12.4","$69.7"
"2016","MIN","-36.3","7.8","-51.6","-14.4","-28.5","-65.9","26.9","188.4","120.9","12.4","$98.9"
"2020","LAD","66.0","-5.1","-7.8","-7.6","60.9","-15.3","6.1","75.4","127.1","12.4","$98.9"
"2011","BAL","-27.8","-11.3","-33.4","-15.5","-39.1","-48.9","25.0","179.0","116.0","12.3","$93.3"
"2001","NYM","-107.3","-7.9","0.0","37.9","-115.3","37.9","9.7","192.0","124.4","12.2",""
"2015","MIN","-74.9","-5.5","13.3","-15.4","-80.4","-2.1","20.7","175.9","114.1","12.1","$96.9"
"2016","CIN","-85.5","-4.3","-15.6","34.2","-89.9","18.6","5.7","183.9","118.3","12.1","$96.8"
"2000","PHI","-144.8","7.3","13.0","38.5","-137.5","51.5","9.2","202.8","126.0","11.8",""
"2016","KCR","-79.6","-4.3","6.0","-15.9","-83.9","-9.8","26.1","182.6","114.9","11.8","$94.0"
"2000","MIL","-152.2","-5.1","28.0","39.0","-157.3","67.0","9.4","205.5","124.5","11.7",""
"2011","COL","-90.7","-1.8","-20.7","33.3","-92.6","12.7","8.3","182.5","110.9","11.7","$89.1"
"2014","SDP","-122.5","-6.2","30.5","26.4","-128.7","56.9","11.5","166.8","106.6","11.7","$88.9"
"2011","CHW","-70.1","-9.9","2.5","-16.4","-80.0","-13.9","25.0","179.1","110.2","11.7","$88.6"
"2009","BAL","-54.2","-20.1","-13.3","-14.8","-74.3","-28.1","28.9","189.8","116.3","11.6","$74.5"
"2014","TEX","-65.0","-1.8","-1.1","-15.9","-66.8","-17.0","19.5","170.3","105.9","11.6","$88.3"
"2014","PHI","-96.1","10.6","-29.5","33.7","-85.5","4.2","12.1","175.1","105.9","11.6","$88.3"
"2018","KCR","-91.4","-7.4","26.1","-14.4","-98.8","11.6","18.5","181.4","112.7","11.6","$92.8"
"2002","TBD","-101.7","6.6","13.5","-14.3","-95.0","-0.9","22.2","188.8","115.1","11.5","$44.9"
"2019","TOR","-64.4","-7.0","-9.9","-15.7","-71.4","-25.7","23.4","191.6","117.9","11.4","$91.6"
"2018","TEX","-84.6","7.2","-0.2","-14.9","-77.4","-15.1","18.8","184.4","110.7","11.4","$91.2"
"2015","OAK","-33.2","-1.0","-45.3","-15.4","-34.1","-60.7","21.3","180.4","106.8","11.3","$90.7"
"2001","KCR","-136.9","1.5","51.0","-15.2","-135.4","35.8","21.8","192.6","114.8","11.3",""
"2017","BAL","-36.4","-14.9","-30.3","-14.6","-51.3","-44.9","20.1","189.8","113.7","11.3","$90.5"
"2004","NYM","-99.6","-2.0","-27.2","35.7","-101.6","8.5","16.7","192.7","116.2","11.3","$47.5"
"2012","CHC","-132.9","-6.0","32.1","33.6","-138.9","65.7","4.5","176.3","107.6","11.3","$73.3"
"2001","DET","-45.0","-0.2","-36.0","-16.0","-45.2","-52.0","21.7","191.7","116.2","11.3",""
"2020","ATL","60.5","3.7","-4.6","-7.2","64.1","-11.8","-14.1","76.3","114.6","11.1","$89.1"
"2017","KCR","-68.1","2.5","-14.6","-13.9","-65.6","-28.5","19.7","186.3","111.8","11.1","$89.0"
"2016","SDP","-117.1","24.8","-18.3","32.3","-92.3","14.0","5.6","181.0","108.4","11.1","$88.7"
"2019","CIN","-101.8","-16.7","-1.6","36.1","-118.5","34.5","5.5","191.9","113.3","11.0","$88.0"
"2010","CLE","-42.1","1.3","-54.2","-16.2","-40.7","-70.3","34.3","182.6","105.9","11.0","$65.9"
"2006","ARI","-105.7","-6.6","-28.7","40.9","-112.3","12.3","13.1","198.8","111.8","10.8","$51.8"
"2013","MIN","-67.3","1.2","-20.2","-15.2","-66.1","-35.4","23.9","177.5","99.9","10.8","$79.8"
"2017","TOR","-56.8","-15.8","-15.0","-15.2","-72.6","-30.2","20.1","190.2","107.5","10.7","$85.6"
"2012","MIA","-95.4","2.5","-24.0","35.0","-92.9","10.9","4.6","178.9","101.5","10.6","$69.1"
"2017","SFG","-136.7","2.6","1.9","36.6","-134.1","38.5","12.0","189.7","106.0","10.6","$84.4"
"2000","PIT","-82.1","-0.4","-57.0","42.7","-82.5","-14.3","9.4","205.9","118.4","10.6",""
"2007","SFG","-153.4","-4.7","29.2","31.5","-158.1","60.6","12.6","192.5","107.7","10.5","$58.8"
"2019","COL","-113.9","1.6","-21.3","38.2","-112.3","16.8","5.7","197.8","108.0","10.5","$84.0"
"2018","MIA","-123.1","-15.8","16.3","33.0","-138.9","49.3","9.4","182.0","101.8","10.5","$83.8"
"2009","PIT","-106.8","-6.2","-9.5","37.3","-113.0","27.8","5.3","184.5","104.6","10.5","$67.0"
"2017","PHI","-99.9","-9.5","-22.2","35.2","-109.5","13.1","12.0","189.6","105.1","10.5","$83.7"
"2019","PIT","-67.7","-4.6","-59.1","37.0","-72.3","-22.1","5.6","195.9","107.1","10.4","$83.2"
"2019","CHW","-59.3","5.3","-36.6","-15.7","-53.9","-52.2","23.2","190.0","107.1","10.4","$83.2"
"2002","CLE","-41.3","-12.3","-35.9","-14.5","-53.6","-50.4","21.8","185.8","103.5","10.4","$40.4"
"2012","COL","-76.7","2.8","-49.5","34.8","-73.8","-14.7","4.7","182.6","98.7","10.3","$67.3"
"2005","COL","-119.9","-10.7","-6.0","36.5","-130.7","30.5","12.8","190.5","103.0","10.3","$48.6"
"2003","CIN","-131.2","10.4","-12.6","34.5","-120.8","21.8","12.0","191.9","104.9","10.3","$44.4"
"2008","SFG","-134.0","-15.4","21.5","34.4","-149.4","55.9","9.5","187.1","103.1","10.3","$63.7"
"2006","TBD","-86.3","1.9","-4.8","-14.2","-84.4","-19.0","20.0","189.7","106.3","10.3","$49.2"
"2003","LAD","-168.5","-10.2","48.6","35.7","-178.7","84.4","11.6","186.4","103.7","10.2","$43.9"
"2012","PIT","-67.6","-0.3","-51.5","34.5","-67.8","-17.0","4.6","177.6","97.4","10.2","$66.3"
"2021","TEX","-102.6","-1.5","42.9","-12.1","-104.2","30.8","14.3","160.6","101.5","10.2","$81.6"
"2000","TEX","-30.4","-7.0","-61.0","-15.8","-37.4","-76.8","23.2","205.8","114.8","10.2",""
"2017","TEX","-76.5","6.3","-23.2","-14.4","-70.2","-37.6","20.0","189.2","101.4","10.1","$80.8"
"2017","PIT","-117.7","-2.2","-18.0","37.3","-120.0","19.3","12.0","189.7","101.0","10.0","$80.4"
"2021","ARI","-100.8","4.9","-10.4","32.0","-95.9","21.6","6.9","167.2","99.8","10.0","$80.2"
"2007","ARI","-141.7","8.8","-4.2","38.3","-132.9","34.1","12.4","189.1","102.6","10.0","$56.1"
"2020","NYM","62.6","-11.1","-2.4","-6.9","51.4","-9.3","-13.7","74.2","102.6","10.0","$79.9"
"2013","SEA","-34.2","-6.9","-50.8","-15.9","-41.1","-66.7","23.7","176.4","92.3","10.0","$73.7"
"2002","MIL","-105.4","-26.4","-1.1","34.1","-131.8","33.0","12.4","185.3","99.0","9.9","$38.6"
"2015","ATL","-112.8","-2.7","-10.7","33.1","-115.5","22.4","10.0","176.4","93.3","9.9","$79.2"
"2010","KCR","-13.7","-28.4","-65.2","-15.9","-42.1","-81.2","34.6","183.9","95.3","9.9","$59.3"
"2004","MIL","-146.5","1.8","0.6","36.1","-144.7","36.7","16.7","192.2","100.9","9.8","$41.3"
"2016","ATL","-104.7","-6.1","-19.1","32.8","-110.8","13.7","5.8","186.8","95.6","9.8","$78.2"
"2020","NYY","43.7","6.0","-1.3","-7.0","49.7","-8.3","-13.3","72.0","100.0","9.7","$77.8"
"2015","COL","-96.6","4.7","-36.4","32.2","-91.9","-4.2","10.1","177.5","91.5","9.7","$77.7"
"2021","BAL","-39.1","-3.2","-24.8","-13.0","-42.2","-37.8","14.4","161.9","96.4","9.7","$77.5"
"2020","OAK","5.5","6.4","17.3","-7.5","11.9","9.8","5.8","71.7","99.1","9.6","$77.1"
"2002","COL","-138.1","-0.4","1.2","32.9","-138.4","34.1","12.6","187.8","96.1","9.6","$37.5"
"2003","MON","-120.1","-4.6","-16.4","37.7","-124.7","21.3","11.8","188.9","97.3","9.6","$41.2"
"2003","MIL","-54.8","-27.1","-61.9","35.3","-81.9","-26.6","12.1","193.7","97.3","9.6","$41.2"
"2010","BAL","-90.8","-21.0","4.6","-15.6","-111.8","-11.0","34.0","181.0","92.1","9.6","$57.3"
"2008","ARI","-96.0","12.1","-56.7","39.5","-83.9","-17.2","9.5","187.5","95.8","9.5","$59.2"
"2020","TBR","26.5","5.6","12.9","-7.3","32.1","5.6","-13.6","73.6","97.7","9.5","$76.0"
"2021","KCR","-82.0","9.5","2.0","-12.4","-72.5","-10.3","14.5","162.8","94.5","9.5","$75.9"
"2016","PHI","-138.4","0.9","10.4","32.8","-137.5","43.2","5.6","180.8","92.2","9.4","$75.4"
"2020","MIN","1.8","0.4","4.0","-6.9","2.1","-3.0","26.4","70.6","96.2","9.4","$74.8"
"2020","SFG","36.5","-3.2","-9.0","-7.8","33.3","-16.8","5.9","73.6","96.0","9.3","$74.7"
"2001","CIN","-97.0","-3.1","-41.0","33.8","-100.1","-7.2","9.8","194.1","96.5","9.3",""
"2001","BAL","-94.8","3.3","-11.0","-15.6","-91.5","-26.6","21.7","191.9","95.5","9.3",""
"2011","CLE","-8.9","0.4","-89.8","-17.4","-8.5","-107.2","24.9","178.6","87.7","9.3","$70.5"
"2019","TEX","-98.8","12.0","-23.9","-13.7","-86.8","-37.5","23.8","195.1","94.6","9.2","$73.5"
"2019","SFG","-148.0","-3.4","11.5","34.6","-151.4","46.1","5.6","194.1","94.4","9.2","$73.3"
"2019","KCR","-124.4","-1.7","19.7","-14.3","-126.1","5.4","23.4","191.2","93.9","9.1","$73.0"
"2021","SEA","-49.5","-7.8","-17.1","-12.7","-57.3","-29.9","14.5","162.9","90.3","9.1","$72.6"
"2012","SEA","-89.8","0.1","-15.0","-15.3","-89.6","-30.3","26.1","178.9","85.1","8.9","$58.0"
"2013","PHI","-74.6","-7.4","-47.6","31.8","-81.9","-15.8","8.3","171.8","82.4","8.9","$65.8"
"2015","PHI","-98.4","-1.9","-34.4","30.5","-100.3","-3.9","10.0","176.9","82.8","8.8","$70.3"
"2015","CHW","-79.0","-15.2","-6.0","-15.5","-94.3","-21.6","20.9","177.4","82.5","8.8","$70.1"
"2020","LAA","25.3","-3.5","-7.7","-6.8","21.9","-14.5","6.0","75.2","88.6","8.6","$68.9"
"2009","CHW","-71.0","-13.0","-29.0","-16.1","-84.0","-45.1","28.4","186.7","86.0","8.6","$55.1"
"2020","CHC","-23.1","4.7","15.4","-8.0","-18.4","7.4","26.9","72.1","88.0","8.6","$68.5"
"2008","WSN","-128.6","-16.8","1.8","30.9","-145.4","32.7","9.6","188.6","85.4","8.5","$52.8"
"2000","MON","-106.9","-9.8","-38.0","39.2","-116.7","1.2","9.1","198.9","92.6","8.3",""
"2012","CLE","-24.2","-13.6","-77.0","-16.3","-37.7","-93.2","26.7","183.0","78.7","8.2","$53.6"
"2018","CHW","-60.3","-7.2","-37.4","-15.5","-67.5","-52.9","18.6","181.6","79.8","8.2","$65.7"
"2021","DET","-43.8","0.2","-40.0","-13.6","-43.5","-53.6","14.6","163.4","80.8","8.1","$65.0"
"2018","SDP","-116.3","-5.7","-24.1","34.1","-122.0","10.0","9.4","181.3","78.7","8.1","$64.8"
"2008","COL","-95.9","15.2","-77.7","37.4","-80.7","-40.3","9.7","192.2","81.0","8.1","$50.1"
"2004","PIT","-120.0","-8.6","-35.2","37.8","-128.7","2.5","16.4","189.8","80.1","7.8","$32.7"
"2003","ARI","-109.1","-10.8","-42.5","35.6","-119.9","-6.9","12.1","193.4","78.6","7.7","$33.3"
"2006","PIT","-112.8","-2.2","-53.7","40.8","-115.0","-13.0","12.9","195.2","80.1","7.7","$37.1"
"2019","BAL","-78.2","2.0","-48.8","-14.9","-76.3","-63.8","23.8","194.7","78.4","7.6","$60.9"
"2020","STL","-18.5","-0.7","14.2","-6.9","-19.1","7.3","24.5","65.5","78.1","7.6","$60.8"
"2008","SEA","-77.3","-8.9","-36.6","-15.8","-86.1","-52.4","26.4","188.1","75.9","7.6","$46.9"
"2011","OAK","-75.7","-6.5","-34.1","-15.3","-82.2","-49.5","24.8","177.5","70.6","7.5","$56.7"
"2000","TBD","-139.4","-2.4","13.0","-15.5","-141.8","-2.5","22.6","200.7","79.0","7.4",""
"2021","PIT","-118.4","0.4","-3.9","26.7","-118.0","22.8","6.7","162.1","73.5","7.4","$59.1"
"2008","KCR","-99.6","-9.5","-14.9","-14.7","-109.1","-29.6","26.2","186.3","73.8","7.4","$45.6"
"2002","KCR","-115.0","10.9","-19.8","-15.3","-104.1","-35.1","22.2","189.1","72.1","7.2","$28.2"
"2020","BOS","17.8","-0.5","1.1","-6.7","17.3","-5.6","-13.9","75.0","72.9","7.1","$56.7"
"2017","SDP","-139.4","6.7","-27.1","34.5","-132.7","7.4","11.6","184.0","70.4","7.0","$56.0"
"2020","KCR","-23.4","3.1","1.1","-7.7","-20.3","-6.6","26.8","71.6","71.6","7.0","$55.7"
"2020","PHI","26.3","3.3","-10.7","-7.2","29.7","-18.0","-13.4","72.4","70.7","6.9","$55.0"
"2020","CLE","-34.8","-1.2","13.0","-6.9","-36.0","6.1","27.4","73.2","70.6","6.9","$54.9"
"2011","PIT","-87.9","-15.2","-48.8","30.9","-103.1","-17.8","8.0","176.3","63.4","6.7","$51.0"
"2001","PIT","-154.1","-13.3","3.0","35.4","-167.4","38.4","9.5","188.0","68.5","6.7",""
"2001","TBD","-105.2","0.1","-26.0","-15.0","-105.1","-41.0","21.6","190.4","65.9","6.4",""
"2008","PIT","-89.2","0.1","-83.7","35.0","-89.2","-48.6","9.7","191.2","63.1","6.3","$39.0"
"2018","SFG","-137.5","-2.9","-28.7","36.6","-140.4","7.9","9.5","182.9","59.8","6.2","$49.3"
"2018","DET","-125.0","6.4","-2.0","-18.5","-118.5","-20.5","18.4","180.4","59.8","6.2","$49.3"
"2012","HOU","-127.5","-16.9","-15.9","33.6","-144.4","17.7","4.6","177.6","55.5","5.8","$37.8"
"2004","MON","-183.9","-0.7","-2.9","38.9","-184.6","36.0","16.5","190.5","58.3","5.7","$23.8"
"2020","HOU","0.3","-0.6","-12.6","-7.3","-0.3","-19.9","5.8","72.6","58.2","5.7","$45.3"
"2020","TOR","14.3","-2.9","-7.4","-6.8","11.4","-14.2","-13.6","73.7","57.2","5.6","$44.5"
"2013","CHW","-104.8","-12.7","-13.7","-15.3","-117.5","-29.0","23.4","173.6","50.5","5.5","$40.3"
"2010","HOU","-150.2","-6.4","-4.9","32.5","-156.6","27.6","3.5","177.9","52.4","5.4","$32.6"
"2020","DET","-29.0","-2.3","-0.5","-7.6","-31.3","-8.0","25.3","67.6","53.5","5.2","$41.7"
"2003","NYM","-151.1","-4.4","-23.5","34.1","-155.5","10.6","11.6","185.6","52.3","5.1","$22.1"
"2020","SEA","-25.3","7.0","1.4","-7.1","-18.3","-5.7","5.7","71.0","52.7","5.1","$41.0"
"2020","CIN","-25.4","-6.0","-3.3","-8.4","-31.4","-11.7","25.8","69.1","51.9","5.0","$40.4"
"2020","ARI","-35.0","5.5","8.1","-7.0","-29.5","1.1","5.9","72.9","50.3","4.9","$39.1"
"2020","BAL","10.8","-4.1","-13.7","-7.2","6.7","-21.0","-13.5","73.0","45.2","4.4","$35.2"
"2020","MIL","-29.8","-17.6","1.5","-7.1","-47.4","-5.7","26.6","71.3","44.8","4.4","$34.9"
"2011","MIN","-126.9","-6.5","-9.1","-16.7","-133.4","-25.8","24.4","175.0","40.2","4.3","$32.3"
"2011","SEA","-136.2","11.9","-21.8","-14.8","-124.4","-36.6","24.2","173.6","36.9","3.9","$29.7"
"2020","MIA","-12.3","4.0","-3.9","-6.8","-8.3","-10.7","-13.0","70.6","38.5","3.7","$29.9"
"2000","MIN","-119.8","-1.9","-47.0","-17.5","-121.7","-64.5","22.9","203.1","39.8","3.3",""
"2013","MIA","-173.7","-5.2","-0.6","30.1","-178.9","29.5","8.3","172.0","30.9","3.3","$24.7"
"2020","WSN","10.2","-3.6","-24.5","-7.3","6.6","-31.8","-13.4","72.2","33.7","3.3","$26.2"
"2019","MIA","-165.2","-23.9","-8.3","34.7","-189.1","26.4","5.5","190.1","32.8","3.2","$25.5"
"2016","OAK","-78.3","-22.2","-61.3","-16.2","-100.5","-77.5","26.0","181.7","29.7","3.0","$24.3"
"2007","CHW","-110.0","-15.7","-39.8","-15.9","-125.7","-55.7","22.1","189.1","29.8","2.9","$16.3"
"2005","KCR","-97.8","6.3","-71.6","-15.7","-91.5","-87.3","19.7","185.8","26.7","2.7","$12.6"
"2020","COL","-69.2","10.8","13.3","-7.2","-58.4","6.1","5.9","73.5","27.1","2.6","$21.1"
"2010","SEA","-147.9","-1.0","-24.5","-16.0","-148.9","-40.5","33.4","177.4","21.4","2.2","$13.3"
"2009","KCR","-91.4","-18.9","-65.7","-16.3","-110.3","-82.0","28.3","185.8","21.8","2.2","$14.0"
"2018","BAL","-94.5","-9.6","-59.9","-15.2","-104.1","-75.1","18.4","180.5","19.8","2.0","$16.3"
"2013","HOU","-103.8","-8.9","-48.4","-16.0","-112.7","-64.4","23.1","172.0","18.0","1.9","$14.4"
"2010","PIT","-113.2","-5.8","-79.2","31.1","-119.0","-48.1","3.5","177.0","13.4","1.4","$8.3"
"2001","MON","-169.8","-2.2","-48.0","33.8","-172.0","-14.2","9.5","188.0","11.3","1.0",""
"2004","KCR","-143.6","-9.3","-32.9","-14.5","-152.8","-47.4","19.1","190.9","9.8","1.0","$4.0"
"2020","PIT","-74.5","-2.3","-2.2","-6.8","-76.8","-9.0","26.0","69.5","9.7","0.9","$7.5"
"2020","TEX","-62.4","3.0","-10.3","-7.5","-59.4","-17.8","5.6","69.9","-1.7","-0.2","($1.3)"
"2004","ARI","-204.5","-7.7","-33.7","36.0","-212.2","2.3","16.4","189.7","-3.7","-0.4","($1.5)"
"2002","DET","-134.1","-9.4","-53.5","-14.7","-143.5","-68.1","21.2","180.4","-10.1","-1.0","($4.0)"
"2003","DET","-155.8","-6.5","-43.9","-15.4","-162.3","-59.2","21.9","187.5","-12.1","-1.2","($5.1)"
"2019","DET","-185.0","-6.8","-36.9","-16.8","-191.8","-53.8","23.2","189.9","-32.4","-3.1","($25.2)"
