"Season","Team","WPA","-WPA","+WPA","RE24","REW","pLI","phLI","PH","WPA/LI","Clutch"
"2001","SEA","17.77","-100.91","118.68","174.06","17.44","0.95","1.36","105","14.27","4.47"
"2005","BOS","15.77","-102.63","118.40","145.68","14.03","0.97","1.05","108","9.00","7.32"
"2011","STL","15.72","-106.43","122.15","110.54","12.10","1.03","1.42","258","10.30","4.95"
"2005","NYY","15.40","-99.72","115.12","156.00","15.76","0.94","1.55","94","14.12","2.19"
"2004","NYY","14.45","-104.33","118.78","119.15","11.69","0.96","1.46","86","11.53","3.54"
"2017","HOU","14.36","-97.91","112.27","172.26","17.26","0.91","1.37","73","16.26","-0.43"
"2003","ATL","14.20","-100.14","114.34","171.05","16.96","0.93","1.11","238","15.19","0.02"
"2019","LAD","14.16","-102.64","116.79","160.76","16.53","0.96","1.14","307","13.55","1.22"
"2003","BOS","13.30","-111.44","124.74","159.40","15.10","1.00","1.67","110","14.43","-1.16"
"2006","NYY","13.17","-108.95","122.12","148.87","14.28","0.99","1.49","106","10.89","2.41"
"2009","NYY","13.11","-110.39","123.50","134.17","12.95","1.00","1.41","97","13.87","-0.74"
"2018","BOS","13.08","-102.76","115.84","116.17","11.20","0.95","1.56","96","7.49","6.23"
"2004","SFG","13.06","-110.36","123.41","101.91","10.06","1.04","1.58","235","7.23","5.28"
"2015","TOR","13.05","-96.44","109.49","197.60","20.53","0.91","1.61","96","15.83","-1.51"
"2019","NYY","12.96","-97.34","110.30","163.93","15.49","0.88","1.66","57","13.58","1.14"
"2009","LAA","12.96","-104.95","117.91","131.72","13.14","0.98","1.42","79","10.20","3.02"
"2007","NYY","12.65","-104.19","116.84","189.93","18.53","0.95","1.20","98","15.44","-2.06"
"2009","PHI","11.85","-101.48","113.33","94.68","9.69","0.93","1.27","271","9.73","2.97"
"2000","SFG","11.74","-102.42","114.15","144.76","13.58","0.94","1.35","231","11.67","0.85"
"2004","STL","11.60","-105.28","116.88","119.99","11.86","0.98","1.28","272","11.60","0.18"
"2014","LAA","11.59","-100.61","112.21","130.66","14.41","0.97","1.40","123","11.15","0.84"
"2002","NYY","11.09","-106.37","117.46","139.69","13.09","0.97","1.65","79","10.95","0.45"
"2001","OAK","10.75","-106.31","117.06","129.86","12.71","0.98","1.37","87","8.68","2.35"
"2012","LAA","10.38","-93.82","104.21","100.58","10.21","0.90","1.41","71","10.30","1.20"
"2012","SFG","9.99","-98.63","108.61","81.00","8.63","0.97","1.28","218","5.45","4.83"
"2013","BOS","9.74","-108.61","118.35","136.00","14.20","1.00","1.42","92","11.72","-2.00"
"2018","NYY","9.58","-103.68","113.26","109.38","10.70","0.95","1.70","70","11.72","-1.67"
"2019","HOU","9.49","-104.18","113.67","150.88","15.12","0.93","1.58","81","14.74","-4.50"
"2004","BOS","9.48","-109.17","118.65","137.29","12.82","0.96","1.38","112","10.19","-0.30"
"2003","NYY","9.39","-102.89","112.28","108.61","10.73","0.92","1.52","98","10.70","-0.52"
"2011","MIL","9.39","-98.08","107.48","48.40","5.24","0.95","1.12","257","7.64","2.29"
"2016","TEX","9.34","-104.80","114.14","22.70","1.99","0.98","1.43","82","1.35","8.20"
"2007","PHI","9.30","-111.98","121.28","110.94","10.93","1.00","1.28","262","12.20","-2.93"
"2019","ATL","9.28","-102.18","111.46","100.92","9.78","0.94","1.07","262","7.99","1.92"
"2003","STL","9.23","-107.38","116.62","133.74","13.58","0.97","1.15","292","13.25","-3.74"
"2021","TBR","9.12","-94.56","103.68","141.31","14.23","1.00","1.96","107","8.93","0.16"
"2010","NYY","9.06","-104.38","113.44","130.59","13.01","0.96","1.38","114","12.18","-2.70"
"2013","STL","9.04","-93.36","102.39","142.68","16.03","0.91","1.00","235","6.31","3.65"
"2016","BOS","9.03","-108.86","117.89","141.04","13.80","0.99","1.66","108","11.78","-2.63"
"2019","WSN","8.96","-104.28","113.25","114.35","11.27","0.95","1.12","252","7.98","1.42"
"2002","OAK","8.85","-105.10","113.96","50.22","5.22","0.97","1.53","122","3.67","5.42"
"2010","TBR","8.85","-107.07","115.92","117.14","12.16","1.01","1.19","173","7.06","1.70"
"2008","TEX","8.71","-108.62","117.33","127.81","12.32","0.97","1.37","117","10.85","-1.85"
"2021","SFG","8.67","-89.85","98.52","82.18","8.27","0.95","1.17","344","9.38","-0.26"
"2012","NYY","8.65","-107.89","116.55","83.00","8.30","1.01","1.16","148","11.32","-2.71"
"2019","MIN","8.64","-106.54","115.18","134.10","12.99","0.94","1.50","83","11.94","-2.77"
"2006","NYM","8.60","-106.00","114.59","72.28","7.03","0.99","1.21","247","3.22","5.50"
"2014","LAD","8.57","-100.13","108.70","97.55","11.09","0.95","1.19","235","12.43","-3.40"
"2005","ATL","8.35","-104.61","112.96","52.65","5.41","0.98","1.13","245","6.11","2.43"
"2011","TEX","8.25","-96.38","104.63","121.34","11.78","0.89","1.69","66","12.47","-3.20"
"2017","LAD","8.09","-102.62","110.71","59.87","6.90","0.97","1.20","342","7.95","0.40"
"2005","STL","8.05","-101.54","109.59","89.33","9.44","0.96","1.23","265","6.94","1.49"
"2013","OAK","7.94","-101.10","109.04","103.80","11.05","0.94","1.47","163","9.86","-1.45"
"2003","SFG","7.91","-102.36","110.27","37.57","4.51","0.97","1.10","193","2.85","5.29"
"2002","SEA","7.87","-112.13","120.00","86.55","8.49","1.06","2.03","84","6.04","1.41"
"2009","MIL","7.78","-105.19","112.98","70.37","7.33","0.99","1.07","258","6.10","1.79"
"2002","STL","7.42","-100.86","108.28","81.88","8.25","0.94","1.09","296","6.27","1.59"
"2013","BAL","7.39","-106.59","113.97","36.83","4.13","1.00","1.33","88","2.34","5.07"
"2018","MIL","7.38","-106.41","113.80","46.21","4.86","1.00","1.21","285","6.08","1.30"
"2018","STL","7.37","-104.48","111.85","72.91","7.61","0.98","1.29","248","4.65","2.85"
"2003","TOR","7.35","-103.05","110.40","93.01","8.62","0.92","1.51","125","6.86","1.13"
"2019","OAK","7.35","-104.59","111.93","75.62","7.26","0.94","1.46","116","6.43","1.42"
"2000","OAK","7.32","-105.78","113.10","109.87","9.84","0.94","1.51","141","4.88","2.88"
"2008","NYM","7.22","-106.29","113.52","64.14","6.61","0.99","1.18","267","8.11","-0.79"
"2008","LAA","7.09","-108.82","115.91","26.13","2.44","1.02","2.01","74","-0.44","7.35"
"2000","STL","7.08","-106.17","113.24","76.05","6.81","0.94","1.24","233","8.54","-1.04"
"2016","STL","7.07","-105.87","112.94","75.79","8.00","0.98","1.19","274","8.95","-1.73"
"2020","LAD","7.06","-37.50","44.56","74.90","7.47","0.93","0.92","41","7.45","0.11"
"2010","MIN","6.96","-104.59","111.54","64.39","6.54","0.98","1.58","85","6.04","1.08"
"2009","FLA","6.95","-109.78","116.72","40.64","4.18","1.03","1.40","278","5.22","1.54"
"2013","CLE","6.93","-100.41","107.34","64.89","6.72","0.97","1.52","78","3.02","4.12"
"2014","PIT","6.81","-109.88","116.69","59.65","7.18","1.05","1.35","319","8.01","-1.53"
"2011","DET","6.81","-104.77","111.58","67.97","6.49","0.97","1.54","85","6.51","0.50"
"2013","TBR","6.74","-105.83","112.57","23.65","2.74","0.98","1.30","189","5.33","1.53"
"2007","SEA","6.70","-104.14","110.84","46.15","4.70","0.96","1.31","93","3.08","3.88"
"2008","FLA","6.67","-108.92","115.59","31.32","2.97","1.01","1.27","248","3.67","2.94"
"2002","SFG","6.66","-106.06","112.71","96.50","10.35","1.00","1.33","201","14.12","-7.47"
"2014","SFG","6.65","-101.40","108.05","49.23","5.91","1.00","1.45","233","3.18","3.45"
"2014","DET","6.60","-100.37","106.97","85.16","8.83","0.93","1.60","78","10.11","-3.03"
"2021","HOU","6.58","-87.51","94.10","134.22","14.32","0.94","1.40","76","8.59","-1.58"
"2011","NYM","6.57","-111.18","117.75","62.75","6.80","1.07","1.36","308","4.05","2.10"
"2013","ATL","6.50","-102.62","109.11","55.90","6.27","0.98","1.18","213","6.53","0.07"
"2004","ATL","6.50","-106.04","112.54","57.44","5.76","0.98","1.29","242","5.15","1.46"
"2010","PHI","6.32","-103.38","109.70","67.39","6.80","0.97","1.10","270","3.68","2.85"
"2012","MIL","6.28","-108.78","115.07","68.26","6.92","1.00","1.24","315","6.49","-0.21"
"2002","ANA","6.18","-108.96","115.14","84.88","8.50","1.00","1.45","131","1.97","4.22"
"2010","CIN","6.17","-108.52","114.69","80.77","8.32","1.00","1.27","256","10.81","-4.66"
"2008","CHC","6.17","-111.28","117.45","86.92","8.50","1.01","1.38","271","5.14","0.97"
"2010","BOS","6.15","-109.79","115.94","69.13","6.82","1.00","1.50","124","6.19","-0.04"
"2004","SDP","6.09","-106.12","112.20","68.02","6.81","1.00","1.17","249","6.70","-0.61"
"2012","WSN","6.06","-108.41","114.47","38.81","3.96","1.01","1.30","244","2.92","3.08"
"2019","NYM","6.04","-110.86","116.90","69.48","7.29","1.01","1.47","267","7.63","-1.66"
"2008","STL","6.02","-106.60","112.62","45.33","4.83","0.98","1.22","273","7.22","-1.07"
"2007","LAA","5.84","-103.88","109.72","55.86","5.60","0.96","1.22","101","0.94","5.18"
"2011","NYY","5.82","-103.68","109.51","137.73","13.66","0.95","1.46","71","10.05","-3.94"
"2008","BOS","5.70","-108.81","114.51","74.24","6.84","0.98","1.30","60","7.35","-1.56"
"2000","LAD","5.69","-112.72","118.42","45.32","4.33","1.02","1.47","243","6.15","-0.58"
"2007","DET","5.68","-106.32","112.00","101.90","9.93","0.97","1.60","77","4.69","1.19"
"2008","TBR","5.51","-111.95","117.47","40.98","4.39","1.02","1.48","131","4.64","0.76"
"2007","NYM","5.49","-104.81","110.30","56.60","5.74","0.96","1.12","264","6.07","-0.34"
"2011","BOS","5.45","-109.98","115.43","134.63","13.16","0.99","1.26","89","12.22","-6.71"
"2018","HOU","5.37","-104.76","110.13","97.88","10.33","0.97","2.06","91","7.01","-1.50"
"2009","BOS","5.36","-104.14","109.50","81.96","7.52","0.94","1.43","84","7.98","-2.30"
"2006","CHW","5.33","-108.10","113.44","53.63","4.86","0.95","1.29","135","4.89","0.69"
"2001","CLE","5.32","-110.20","115.52","69.72","6.49","0.98","1.47","96","3.85","1.59"
"2002","ARI","5.28","-107.22","112.50","76.37","6.98","1.00","1.29","295","6.63","-1.33"
"2011","ARI","5.28","-106.23","111.50","41.55","4.28","1.00","1.35","248","0.92","4.37"
"2021","CHW","5.25","-86.69","91.94","82.15","8.37","0.93","1.55","75","7.42","-1.80"
"2020","SDP","5.18","-37.18","42.36","51.08","5.09","0.96","1.26","44","4.24","1.18"
"2004","CHW","5.17","-104.32","109.49","54.67","4.96","0.95","1.34","130","2.36","3.09"
"2013","SFG","5.15","-107.78","112.93","22.00","3.30","1.06","1.44","259","2.92","1.93"
"2010","ATL","5.14","-110.87","116.01","46.10","4.84","1.04","1.25","258","3.69","1.25"
"2015","KCR","5.14","-100.74","105.88","21.04","2.06","0.96","1.26","40","0.57","4.80"
"2017","OAK","5.11","-106.72","111.83","5.74","0.79","0.97","1.34","124","3.11","2.15"
"2011","TBR","5.08","-101.91","106.99","24.07","2.67","0.94","1.53","137","4.48","0.90"
"2004","LAD","5.08","-110.13","115.21","26.24","3.06","1.01","1.37","286","5.22","-0.20"
"2004","PHI","5.01","-119.92","124.93","58.98","5.62","1.08","1.45","257","7.37","-2.71"
"2012","STL","4.97","-109.46","114.43","82.06","8.62","1.01","1.38","279","8.31","-3.40"
"2009","TBR","4.96","-107.13","112.10","68.29","7.61","0.99","1.50","138","7.64","-2.63"
"2001","LAD","4.82","-108.59","113.41","41.20","4.14","1.01","1.37","253","4.05","0.74"
"2008","MIN","4.74","-110.02","114.76","79.36","8.26","1.02","1.64","108","2.88","1.78"
"2001","SFG","4.71","-109.88","114.58","60.98","6.25","0.99","1.30","258","10.49","-5.75"
"2000","CLE","4.70","-112.59","117.29","84.96","7.84","0.98","1.84","62","6.39","-1.58"
"2013","DET","4.70","-106.76","111.46","96.79","10.01","0.98","1.46","104","8.95","-4.15"
"2009","LAD","4.69","-115.64","120.33","68.58","7.15","1.06","1.45","260","6.89","-2.47"
"2014","WSN","4.66","-105.21","109.88","43.18","4.94","1.00","1.31","242","4.03","0.62"
"2006","CLE","4.61","-102.94","107.55","95.44","9.16","0.92","1.50","97","5.99","-1.00"
"2021","BOS","4.59","-93.43","98.02","58.69","5.33","0.98","1.82","70","3.33","1.36"
"2007","COL","4.56","-116.62","121.18","29.53","2.29","1.02","1.22","283","2.19","2.29"
"2018","OAK","4.55","-107.90","112.45","93.36","9.81","0.96","1.32","135","8.42","-3.69"
"2005","CIN","4.54","-109.88","114.42","77.61","7.86","0.99","1.03","260","4.70","-0.12"
"2021","OAK","4.52","-91.85","96.37","31.62","3.24","0.99","1.52","133","3.13","1.44"
"2008","MIL","4.51","-110.00","114.51","8.18","1.00","1.01","1.25","249","3.44","1.03"
"2016","WSN","4.50","-105.70","110.20","41.67","4.15","0.99","1.29","219","4.77","-0.21"
"2001","SDP","4.48","-106.01","110.49","45.15","3.93","0.98","1.29","250","0.02","4.54"
"2018","LAD","4.48","-110.21","114.68","121.09","13.32","1.01","1.24","354","13.42","-8.97"
"2001","PHI","4.35","-109.79","114.14","27.49","2.87","1.03","1.33","230","4.23","0.00"
"2012","CIN","4.35","-107.62","111.96","-20.37","-2.25","1.01","1.32","201","-0.02","4.32"
"2007","CLE","4.33","-113.83","118.15","43.05","4.30","1.03","1.58","116","4.40","-0.19"
"2008","HOU","4.30","-102.96","107.26","-11.52","-1.12","0.98","1.18","252","-1.90","6.31"
"2001","HOU","4.25","-112.69","116.94","43.69","4.11","1.01","1.27","246","4.23","0.00"
"2017","MIN","4.23","-101.02","105.25","48.53","4.68","0.92","1.31","104","2.29","2.29"
"2006","BOS","4.21","-114.06","118.27","9.10","0.76","1.02","1.55","93","3.36","0.78"
"2005","TEX","4.04","-110.50","114.54","85.54","8.04","0.97","1.65","57","7.98","-3.82"
"2013","LAA","4.01","-110.45","114.45","68.37","7.59","1.03","1.56","85","7.78","-3.88"
"2004","CLE","4.00","-116.95","120.95","64.63","6.55","1.03","1.88","89","4.37","-0.50"
"2017","WSN","3.98","-102.89","106.87","79.17","7.45","0.94","1.17","241","4.75","-0.53"
"2016","SEA","3.98","-108.45","112.43","66.91","7.30","0.98","1.39","166","7.57","-3.53"
"2006","PHI","3.97","-115.90","119.87","64.21","6.21","1.01","1.37","296","4.93","-1.01"
"2000","NYM","3.94","-110.51","114.45","49.04","4.63","1.01","1.19","287","6.21","-2.31"
"2016","CLE","3.93","-106.43","110.36","43.46","4.13","0.98","1.57","112","5.09","-1.08"
"2009","STL","3.91","-104.03","107.93","33.39","3.42","0.99","1.14","280","3.09","0.86"
"2004","HOU","3.90","-104.40","108.30","46.23","4.47","0.96","1.15","269","3.04","1.00"
"2002","BOS","3.89","-105.25","109.14","83.09","8.02","0.96","1.48","113","2.97","1.07"
"2014","OAK","3.89","-105.59","109.48","87.58","9.85","1.01","1.50","186","5.10","-1.24"
"2006","ATL","3.86","-111.95","115.81","75.26","7.65","1.01","1.19","299","5.72","-1.91"
"2011","CIN","3.79","-117.89","121.69","50.35","5.43","1.09","1.40","240","3.93","-0.45"
"2016","CHC","3.79","-107.84","111.63","90.85","9.28","0.99","1.23","234","7.46","-3.62"
"2015","LAD","3.76","-103.71","107.47","21.15","2.28","0.98","1.19","273","5.95","-2.13"
"2006","OAK","3.73","-110.52","114.26","0.34","0.24","1.02","1.65","62","-0.70","4.36"
"2004","ANA","3.71","-107.44","111.15","58.64","5.90","0.98","1.25","91","2.54","1.25"
"2017","NYY","3.68","-108.54","112.22","99.74","9.86","0.97","1.15","112","10.83","-7.05"
"2000","ATL","3.65","-109.52","113.16","36.28","3.84","1.00","1.17","246","5.20","-1.53"
"2003","SEA","3.64","-99.16","102.79","49.97","5.28","0.91","1.03","72","-0.20","4.19"
"2004","CIN","3.61","-109.67","113.29","-15.27","-1.55","1.01","1.30","259","-2.71","6.30"
"2009","MIN","3.60","-107.70","111.30","54.43","5.45","0.97","1.62","83","5.78","-2.07"
"2006","MIN","3.60","-104.38","107.98","32.02","3.25","0.96","1.30","93","0.55","3.21"
"2012","ATL","3.59","-98.38","101.97","23.36","2.34","0.94","1.10","250","2.48","1.33"
"2013","LAD","3.53","-108.62","112.15","22.22","2.13","1.05","1.37","209","4.70","-1.32"
"2021","LAD","3.47","-94.34","97.81","114.90","12.10","0.98","1.33","240","5.92","-2.39"
"2002","PHI","3.44","-121.46","124.90","3.26","0.74","1.11","1.53","252","4.60","-1.50"
"2015","CHC","3.33","-109.28","112.61","11.84","1.15","1.01","1.22","287","2.46","0.84"
"2008","DET","3.31","-110.91","114.22","53.80","5.22","0.99","1.38","66","6.95","-3.61"
"2001","NYY","3.25","-107.76","111.01","41.70","3.99","0.98","1.69","66","5.17","-1.86"
"2001","STL","3.24","-100.84","104.08","57.95","6.16","0.93","0.99","252","4.92","-1.43"
"2006","WSN","3.24","-116.38","119.61","-8.00","-0.66","1.07","1.32","312","0.01","3.01"
"2020","PHI","3.20","-39.11","42.31","39.79","3.84","1.03","1.56","46","3.81","-0.70"
"2015","TEX","3.12","-99.60","102.73","40.61","3.85","0.94","1.49","93","3.32","0.01"
"2015","HOU","3.09","-108.65","111.74","60.89","6.72","1.01","1.39","119","10.60","-7.54"
"2017","MIA","3.07","-101.73","104.80","52.75","5.49","0.93","1.15","271","4.60","-1.31"
"2000","SEA","3.04","-104.46","107.50","105.57","9.63","0.94","1.41","104","5.54","-2.30"
"2010","MIL","3.04","-105.19","108.22","45.07","4.72","0.96","0.98","224","6.07","-2.90"
"2012","TEX","2.89","-100.54","103.43","79.56","7.38","0.93","1.44","94","4.98","-1.87"
"2016","LAD","2.89","-104.57","107.45","28.17","3.44","0.97","1.14","324","2.89","0.08"
"2020","TBR","2.84","-41.13","43.96","23.50","2.38","1.04","2.20","66","1.53","1.19"
"2006","STL","2.83","-105.40","108.24","24.87","2.79","0.98","1.32","271","0.53","2.36"
"2008","PHI","2.79","-113.59","116.38","50.99","4.95","1.04","1.37","281","4.88","-2.18"
"2019","CHC","2.77","-104.47","107.24","63.27","6.10","0.94","1.07","242","5.93","-2.97"
"2001","CHC","2.76","-104.84","107.60","38.83","4.29","0.98","1.48","226","3.68","-0.85"
"2018","SEA","2.76","-107.83","110.59","-24.10","-2.64","1.01","1.90","102","-1.79","4.53"
"2005","LAA","2.75","-108.64","111.39","22.40","2.24","1.01","1.73","90","-1.18","3.92"
"2001","MIN","2.73","-112.61","115.35","-16.62","-1.71","1.01","1.64","107","-0.10","2.80"
"2021","PHI","2.67","-90.92","93.60","30.30","2.89","0.98","1.19","235","-0.30","3.02"
"2012","DET","2.59","-110.19","112.78","12.56","1.08","1.02","1.89","75","2.80","-0.25"
"2020","ATL","2.57","-41.92","44.49","66.61","6.38","0.99","1.72","29","5.12","-2.52"
"2000","CHW","2.53","-105.83","108.36","76.64","6.42","0.92","1.79","72","2.38","0.37"
"2014","BAL","2.50","-107.85","110.34","24.93","2.65","1.02","1.90","77","0.91","1.54"
"2017","SEA","2.43","-106.21","108.64","22.55","2.35","0.97","1.38","91","1.43","1.09"
"2010","DET","2.41","-115.48","117.89","24.47","2.17","1.05","1.66","126","1.68","0.62"
"2006","TOR","2.36","-107.17","109.53","19.53","1.93","0.95","1.35","112","3.71","-1.24"
"2018","COL","2.35","-108.01","110.36","-11.40","-1.73","0.96","1.20","272","-1.65","4.09"
"2003","MIN","2.31","-111.04","113.35","6.55","0.51","0.99","1.50","120","0.17","2.16"
"2018","ATL","2.26","-107.49","109.76","52.75","5.68","0.98","1.15","247","3.22","-0.92"
"2016","BAL","2.26","-103.41","105.67","22.68","2.36","0.95","1.22","73","3.53","-1.17"
"2020","NYY","2.24","-36.81","39.05","48.18","4.77","0.92","1.82","36","4.10","-1.68"
"2019","STL","2.16","-106.40","108.56","34.30","3.84","0.97","1.13","266","1.52","0.71"
"2017","CHC","2.15","-107.54","109.69","72.32","7.18","0.98","1.23","294","7.70","-5.50"
"2005","PHI","2.14","-107.25","109.39","73.60","7.38","0.99","1.36","263","3.29","-1.13"
"2010","CHW","2.13","-109.53","111.66","5.48","0.51","1.01","1.28","85","1.32","0.78"
"2008","NYY","2.10","-108.42","110.52","42.84","4.19","0.99","1.15","97","3.58","-1.46"
"2000","NYY","2.06","-105.23","107.30","22.10","1.99","0.93","1.56","78","-0.65","2.88"
"2010","TOR","2.05","-99.10","101.15","33.71","3.46","0.90","1.68","40","3.71","-1.44"
"2018","CHC","1.98","-109.19","111.17","60.75","6.36","0.99","1.21","277","6.65","-4.65"
"2003","PHI","1.94","-108.55","110.49","68.61","7.23","1.00","1.24","238","4.03","-2.09"
"2016","DET","1.93","-106.86","108.79","23.03","2.27","0.97","1.36","89","3.48","-1.50"
"2004","FLA","1.85","-105.83","107.68","-3.30","-0.33","0.99","1.38","217","0.53","1.35"
"2015","PIT","1.84","-109.82","111.66","17.86","1.79","1.03","1.37","267","1.39","0.39"
"2007","MIL","1.80","-103.61","105.41","40.66","4.20","0.94","1.17","253","3.06","-1.16"
"2019","MIL","1.79","-111.70","113.49","1.37","0.38","0.98","1.15","314","1.99","-0.16"
"2003","KCR","1.77","-101.66","103.43","13.30","0.90","0.92","1.12","83","-1.70","3.62"
"2002","CHW","1.75","-99.01","100.76","71.63","6.57","0.89","1.43","76","4.49","-2.51"
"2012","SDP","1.72","-108.41","110.13","13.54","1.82","1.03","1.38","278","3.91","-2.24"
"2014","CHW","1.72","-110.45","112.17","-19.57","-2.31","1.04","1.61","85","-2.08","3.73"
"2021","ATL","1.71","-90.61","92.32","77.67","7.98","0.98","1.21","235","3.37","-1.62"
"2011","PHI","1.69","-105.80","107.48","40.28","4.29","1.00","1.30","259","3.36","-1.66"
"2015","NYM","1.64","-105.77","107.41","35.29","3.63","1.00","1.16","249","2.71","-1.06"
"2002","LAD","1.62","-109.11","110.73","25.16","2.49","1.03","1.30","272","1.99","-0.41"
"2001","CHW","1.60","-106.35","107.95","-0.49","-0.21","0.96","1.68","91","0.38","1.29"
"2006","LAD","1.57","-109.69","111.25","47.97","4.64","0.99","1.17","285","3.50","-1.91"
"2021","SEA","1.56","-91.71","93.27","-12.88","-1.44","0.98","1.62","83","-6.22","7.81"
"2007","FLA","1.54","-111.40","112.94","25.02","2.49","0.99","1.14","284","4.37","-2.81"
"2012","OAK","1.51","-103.36","104.87","15.45","1.42","0.96","1.55","110","1.85","-0.28"
"2008","CLE","1.49","-106.89","108.38","57.05","5.82","0.97","1.65","111","2.43","-0.89"
"2000","COL","1.47","-114.61","116.08","76.09","4.85","0.99","1.41","283","-0.33","1.81"
"2020","CHW","1.47","-36.47","37.94","25.55","2.58","0.90","1.09","22","3.49","-1.86"
"2010","TEX","1.41","-114.89","116.30","30.70","2.80","1.04","2.03","86","1.50","-0.14"
"2005","CLE","1.37","-109.22","110.59","53.51","5.30","0.98","1.57","87","9.57","-8.18"
"2020","SFG","1.36","-39.46","40.82","25.12","2.38","0.96","1.48","73","1.78","-0.36"
"2011","TOR","1.35","-111.86","113.21","7.87","0.81","1.03","1.54","64","0.05","1.26"
"2018","LAA","1.33","-100.06","101.39","11.08","1.22","0.93","1.38","113","3.28","-1.84"
"2014","TOR","1.33","-105.68","107.01","50.08","5.16","0.98","1.18","197","5.60","-4.24"
"2007","BOS","1.29","-113.30","114.59","76.89","6.95","1.01","1.51","83","6.14","-4.87"
"2016","LAA","1.29","-100.34","101.63","25.96","2.84","0.96","1.59","96","0.23","1.11"
"2006","FLA","1.25","-106.03","107.27","2.99","0.37","0.96","1.30","247","1.47","-0.18"
"2004","TEX","1.19","-106.85","108.04","18.99","1.51","0.95","1.29","85","-1.22","2.48"
"2005","TBD","1.19","-107.26","108.45","9.41","1.09","0.98","1.48","117","1.30","-0.09"
"2000","KCR","1.18","-121.05","122.23","-15.35","-1.24","1.07","1.92","129","-4.30","5.40"
"2004","OAK","1.17","-119.74","120.91","-10.41","-1.12","1.06","1.40","120","1.07","0.03"
"2006","DET","1.16","-107.37","108.53","36.62","3.51","0.94","1.23","81","3.41","-2.18"
"2002","MON","1.15","-115.89","117.04","-6.51","-0.80","1.07","1.60","234","2.57","-1.49"
"2002","ATL","1.14","-107.10","108.24","-11.42","-1.17","0.99","1.27","255","-0.19","1.34"
"2021","TOR","1.08","-89.35","90.43","77.88","7.55","0.94","1.27","88","6.66","-5.51"
"2001","TEX","1.00","-112.82","113.83","51.91","5.17","0.98","1.46","100","8.33","-7.31"
"2013","WSN","0.88","-100.16","101.05","9.76","1.16","0.96","1.08","230","2.57","-1.65"
"2015","SFG","0.87","-106.02","106.89","39.94","4.56","0.99","1.26","226","3.52","-2.64"
"2010","STL","0.80","-103.34","104.13","48.25","5.12","0.96","1.15","289","2.69","-1.86"
"2005","OAK","0.80","-110.98","111.77","38.15","3.69","1.02","1.07","82","1.74","-0.96"
"2016","COL","0.79","-108.37","109.16","26.65","1.43","0.97","1.18","253","-2.76","3.57"
"2009","SDP","0.71","-105.59","106.30","-37.14","-4.03","1.01","1.31","263","-2.07","2.78"
"2017","LAA","0.69","-111.76","112.45","-14.02","-1.32","1.04","1.68","108","-2.42","3.09"
"2019","PIT","0.63","-110.06","110.69","4.91","0.36","1.01","1.35","282","-3.04","3.66"
"2003","FLA","0.62","-107.05","107.67","35.77","4.00","0.98","1.10","224","2.88","-2.25"
"2007","ATL","0.55","-111.41","111.97","48.61","4.75","1.00","1.22","288","0.76","-0.20"
"2002","TEX","0.50","-114.94","115.44","28.69","2.38","1.02","1.88","129","2.55","-2.06"
"2012","PHI","0.49","-110.50","110.99","-0.81","-0.10","1.04","1.42","268","-2.55","3.03"
"2003","OAK","0.48","-107.00","107.48","-2.82","-0.71","1.00","1.31","114","-3.77","4.25"
"2016","PIT","0.48","-111.30","111.77","11.78","1.36","1.02","1.19","291","0.49","-0.02"
"2021","MIL","0.47","-91.45","91.92","33.53","3.46","0.97","1.21","262","-1.23","1.72"
"2012","NYM","0.44","-103.33","103.78","-3.94","-0.37","1.00","1.39","323","-1.79","2.23"
"2002","MIN","0.44","-112.04","112.48","-13.04","-1.50","1.01","1.56","123","-0.81","1.24"
"2000","ANA","0.43","-117.99","118.42","-3.36","-0.52","1.02","1.51","86","2.50","-2.08"
"2001","COL","0.43","-118.53","118.96","44.14","3.32","1.01","1.31","310","6.13","-5.71"
"2002","TOR","0.40","-104.54","104.93","19.16","1.81","0.95","1.52","82","-1.92","2.34"
"2015","LAA","0.38","-100.50","100.88","-3.99","-0.63","0.97","1.45","112","-1.10","1.49"
"2020","TOR","0.37","-41.86","42.23","16.25","1.45","1.05","1.98","35","-0.27","0.63"
"2010","FLA","0.34","-103.42","103.76","12.44","1.61","0.96","1.25","253","0.55","-0.19"
"2006","SDP","0.30","-115.06","115.35","-2.10","-0.09","1.05","1.29","258","2.09","-1.81"
"2021","CIN","0.26","-94.03","94.29","58.63","5.71","0.97","1.25","252","2.22","-1.95"
"2014","STL","0.23","-102.21","102.45","-7.85","-1.10","1.00","1.09","251","0.29","-0.05"
"2005","SDP","0.21","-109.99","110.20","0.95","0.05","1.04","1.33","274","-0.38","0.57"
"2014","MIN","0.11","-109.23","109.33","33.03","3.42","1.02","1.33","95","-1.06","1.16"
"2006","CIN","0.11","-113.75","113.86","-48.18","-4.65","1.01","1.43","272","-2.47","2.57"
"2020","OAK","0.10","-39.53","39.63","14.34","1.64","1.01","1.33","32","0.11","-0.01"
"2013","PIT","0.09","-108.36","108.45","4.72","0.94","1.02","1.42","287","6.17","-6.08"
"2005","CHW","0.07","-111.79","111.86","-40.92","-4.20","1.01","1.64","100","-3.75","3.83"
"2021","LAA","0.05","-83.89","83.95","11.48","1.06","0.90","1.45","65","0.17","-0.11"
"2015","WSN","0.01","-104.97","104.98","28.67","2.69","1.00","1.11","221","3.34","-3.34"
"2001","NYM","-0.02","-111.23","111.22","-50.33","-4.81","1.05","1.18","278","-1.12","1.11"
"2005","NYM","-0.03","-106.21","106.18","16.34","1.57","0.99","1.26","220","2.67","-2.70"
"2020","NYM","-0.03","-42.40","42.37","19.43","2.00","1.03","1.56","37","4.16","-4.19"
"2001","BOS","-0.13","-111.79","111.66","3.55","0.25","1.00","1.97","88","0.24","-0.37"
"2007","TEX","-0.16","-109.90","109.73","23.27","2.18","1.00","1.48","89","-4.05","3.88"
"2021","NYY","-0.17","-97.43","97.25","-29.92","-2.96","1.03","1.79","86","-1.14","0.98"
"2012","BAL","-0.20","-105.42","105.22","-22.77","-2.71","0.96","1.54","78","-1.99","1.78"
"2019","BOS","-0.21","-118.33","118.12","61.34","5.50","1.00","1.72","123","3.35","-3.56"
"2009","COL","-0.22","-109.88","109.66","24.67","1.89","0.98","1.31","256","4.14","-4.37"
"2012","CHW","-0.27","-109.78","109.51","16.03","1.64","0.99","1.34","71","0.35","-0.62"
"2000","ARI","-0.44","-108.92","108.48","3.47","0.09","0.99","1.21","248","-0.62","0.17"
"2015","STL","-0.45","-112.19","111.74","-15.04","-1.33","1.05","1.20","270","-0.41","-0.02"
"2020","MIA","-0.49","-36.21","35.72","6.88","0.66","0.95","1.87","36","-1.10","0.58"
"2005","FLA","-0.50","-104.90","104.40","10.94","1.09","0.97","1.08","237","1.59","-2.10"
"2018","PIT","-0.52","-104.18","103.66","13.80","1.50","0.97","1.18","264","-0.22","-0.31"
"2020","LAA","-0.53","-44.73","44.20","14.92","1.62","1.08","1.36","20","2.02","-2.51"
"2007","TBD","-0.53","-110.26","109.73","6.79","0.72","0.98","1.42","80","0.68","-1.22"
"2000","SDP","-0.54","-115.32","114.78","-8.91","-0.81","1.05","1.38","275","-2.86","2.35"
"2020","BOS","-0.57","-39.31","38.75","-0.67","-0.15","0.93","1.44","22","-0.15","-0.46"
"2010","SFG","-0.58","-107.92","107.35","18.09","2.21","1.02","1.20","219","0.27","-0.83"
"2012","ARI","-0.59","-103.69","103.10","25.21","2.36","0.94","1.06","226","2.58","-3.21"
"2021","SDP","-0.60","-90.84","90.24","41.57","4.52","0.99","1.26","255","1.84","-2.45"
"2014","MIA","-0.63","-114.71","114.08","10.32","1.28","1.10","1.57","275","0.39","-0.97"
"2006","TEX","-0.64","-107.75","107.11","19.46","1.81","0.95","1.33","39","-0.09","-0.58"
"2020","SEA","-0.64","-35.20","34.56","-7.76","-0.83","0.91","1.68","25","-2.83","2.12"
"2017","TEX","-0.71","-99.84","99.13","23.28","2.07","0.90","1.31","66","-0.56","-0.23"
"2017","ARI","-0.72","-109.75","109.03","37.38","3.14","0.98","1.33","251","0.04","-0.77"
"2020","MIN","-0.74","-36.62","35.87","-5.19","-0.43","0.93","1.43","29","-0.11","-0.69"
"2018","WSN","-0.76","-111.66","110.90","67.42","7.26","1.02","1.34","293","4.33","-5.07"
"2017","CLE","-0.76","-102.82","102.06","53.34","5.27","0.92","1.25","93","6.69","-7.52"
"2020","HOU","-0.78","-42.01","41.23","13.03","1.04","1.05","1.59","28","-1.86","1.12"
"2008","BAL","-0.82","-111.87","111.05","17.48","1.70","1.01","1.37","117","-0.18","-0.63"
"2013","MIL","-0.83","-106.31","105.48","-30.41","-3.28","1.00","1.20","265","-3.18","2.35"
"2002","CLE","-0.86","-104.51","103.65","-31.30","-2.82","0.96","1.78","95","-6.56","5.67"
"2014","NYM","-0.93","-106.88","105.95","10.11","1.04","1.03","1.40","242","-1.83","0.92"
"2011","CLE","-0.94","-109.16","108.22","9.35","1.07","1.02","1.73","76","-1.17","0.25"
"2019","PHI","-0.95","-109.23","108.28","7.57","1.26","0.98","1.12","310","0.29","-1.26"
"2013","SDP","-0.97","-107.19","106.22","-10.44","-0.78","1.02","1.36","267","0.81","-1.77"
"2016","TOR","-0.99","-111.53","110.54","19.64","1.83","1.01","1.52","89","2.95","-3.94"
"2014","CLE","-0.99","-115.10","114.11","-18.03","-2.09","1.07","1.47","123","-1.34","0.41"
"2001","FLA","-1.00","-109.38","108.39","11.44","1.19","1.00","1.34","228","1.30","-2.30"
"2007","SDP","-1.03","-109.52","108.49","19.99","2.35","0.99","1.18","273","0.14","-1.19"
"2013","CIN","-1.07","-107.33","106.26","27.65","3.34","1.00","1.16","234","3.29","-4.35"
"2006","MIL","-1.07","-111.37","110.30","-40.41","-3.97","1.02","1.25","235","-3.85","2.80"
"2001","ATL","-1.08","-107.89","106.81","6.60","0.65","1.01","1.30","267","0.12","-1.19"
"2015","NYY","-1.08","-106.45","105.36","63.29","6.59","0.97","1.36","117","3.61","-4.73"
"2002","FLA","-1.09","-112.81","111.72","-5.05","-0.11","1.03","1.23","253","5.36","-6.42"
"2020","STL","-1.16","-35.86","34.70","-5.33","-0.50","1.01","1.40","32","-2.88","1.72"
"2000","TOR","-1.19","-109.55","108.36","-8.53","-0.50","0.95","1.53","43","-2.61","1.35"
"2017","NYM","-1.21","-101.58","100.37","24.36","2.61","0.92","1.00","245","5.52","-6.83"
"2013","TOR","-1.23","-113.85","112.62","5.93","0.54","1.05","1.64","124","2.70","-3.87"
"2019","TBR","-1.26","-112.29","111.03","-9.00","-0.77","0.99","1.62","130","1.27","-2.55"
"2006","KCR","-1.31","-111.03","109.72","-34.85","-3.32","1.01","1.70","91","-5.47","4.17"
"2009","TEX","-1.37","-102.69","101.32","-10.72","-1.18","0.91","1.80","48","0.17","-1.67"
"2018","TOR","-1.38","-111.33","109.95","-23.43","-2.19","1.01","1.51","128","-0.50","-0.87"
"2017","STL","-1.47","-107.84","106.37","27.19","2.95","0.97","1.04","291","3.53","-5.05"
"2000","FLA","-1.48","-116.95","115.47","-36.36","-3.16","1.07","1.41","251","-3.62","2.23"
"2019","ARI","-1.48","-110.79","109.31","41.72","3.75","0.98","1.24","255","-0.27","-1.24"
"2016","CIN","-1.54","-104.63","103.09","-13.57","-1.76","0.96","1.08","228","-6.00","4.40"
"2009","DET","-1.56","-110.91","109.35","-35.40","-3.48","0.99","1.57","122","-2.68","1.10"
"2017","MIL","-1.56","-108.75","107.18","-25.60","-2.61","0.97","1.20","283","-0.78","-0.83"
"2005","MIL","-1.58","-113.06","111.48","-7.65","-0.68","1.04","1.34","255","-0.39","-1.14"
"2016","CHW","-1.63","-111.01","109.38","-35.08","-3.70","1.02","1.45","53","-1.67","0.07"
"2011","LAD","-1.65","-104.38","102.73","9.15","0.81","1.01","1.33","232","1.28","-2.91"
"2003","MIL","-1.68","-111.67","110.00","-43.35","-4.34","1.00","1.30","282","-0.92","-0.76"
"2004","CHC","-1.75","-115.88","114.13","20.76","2.06","1.02","1.30","254","4.80","-6.52"
"2012","LAD","-1.77","-112.53","110.76","-22.44","-1.80","1.08","1.54","242","-3.22","1.58"
"2007","STL","-1.77","-105.49","103.72","-22.30","-2.15","0.97","1.13","315","-3.23","1.40"
"2017","ATL","-1.79","-109.13","107.34","-9.98","-1.04","0.99","1.22","268","-2.39","0.59"
"2003","COL","-1.80","-106.10","104.30","21.28","1.00","0.93","1.06","285","2.13","-4.06"
"2003","SDP","-1.80","-113.98","112.17","-27.45","-2.83","1.06","1.40","291","-1.56","-0.14"
"2018","ARI","-1.80","-109.41","107.61","-23.87","-2.39","1.01","1.29","257","-2.65","0.86"
"2018","MIN","-1.84","-108.82","106.98","-12.97","-1.28","1.00","1.34","102","-4.67","2.83"
"2015","COL","-1.84","-106.20","104.36","-28.46","-3.58","0.95","1.07","262","-3.14","1.21"
"2006","LAA","-1.86","-111.77","109.90","-18.09","-1.64","0.99","1.48","101","0.09","-1.97"
"2016","HOU","-1.91","-109.36","107.46","14.84","1.35","0.99","1.28","118","2.56","-4.49"
"2004","COL","-1.94","-116.69","114.75","-2.87","-0.76","1.02","1.24","287","1.08","-2.98"
"2013","TEX","-1.99","-112.33","110.34","2.67","0.59","1.02","1.25","138","2.72","-4.68"
"2015","DET","-2.01","-107.77","105.76","-21.80","-2.28","0.98","1.28","83","-0.12","-1.93"
"2016","ARI","-2.08","-115.66","113.59","-16.78","-2.26","1.02","1.40","266","-0.51","-1.52"
"2013","ARI","-2.12","-118.17","116.04","-10.59","-1.06","1.09","1.43","276","-4.15","2.20"
"2004","DET","-2.13","-107.53","105.40","41.40","3.86","0.96","1.24","104","3.09","-5.31"
"2001","ARI","-2.15","-111.72","109.57","37.53","3.41","0.99","1.43","314","3.47","-5.65"
"2012","PIT","-2.24","-104.62","102.38","-17.00","-1.92","0.99","1.46","268","-2.10","-0.16"
"2014","MIL","-2.27","-107.26","104.99","-12.06","-1.62","1.01","1.51","246","-0.03","-2.23"
"2015","MIN","-2.29","-103.70","101.42","-14.69","-1.58","0.96","1.13","75","-5.93","3.54"
"2020","CHC","-2.30","-36.94","34.64","-10.15","-1.05","0.92","1.27","51","-1.09","-1.42"
"2016","MIA","-2.31","-109.06","106.76","-41.91","-4.40","1.01","1.25","277","-2.20","-0.07"
"2008","PIT","-2.34","-113.93","111.59","-19.59","-1.61","1.04","1.16","289","-4.80","2.56"
"2003","TEX","-2.36","-105.50","103.14","1.90","-0.31","0.92","1.57","79","0.70","-3.26"
"2016","NYY","-2.36","-103.85","101.49","-47.95","-4.80","0.96","1.10","85","-2.08","-0.39"
"2003","PIT","-2.37","-113.17","110.80","4.60","0.34","1.02","1.40","281","-0.27","-2.05"
"2011","CHC","-2.40","-114.62","112.22","-39.10","-3.93","1.06","1.28","255","-3.70","1.44"
"2020","ARI","-2.40","-38.72","36.32","-11.69","-1.62","0.97","1.10","26","-2.81","0.33"
"2011","LAA","-2.41","-107.54","105.13","-16.44","-1.83","0.99","1.38","87","0.11","-2.54"
"2020","DET","-2.41","-38.00","35.59","-23.64","-2.28","0.98","1.09","31","-4.62","2.16"
"2008","CHW","-2.41","-110.63","108.22","25.08","2.11","0.98","1.34","75","1.00","-3.46"
"2016","SFG","-2.51","-115.47","112.96","10.80","1.47","1.05","1.27","260","-0.65","-1.75"
"2009","HOU","-2.54","-106.07","103.53","-70.10","-7.15","1.00","1.27","265","-6.07","3.53"
"2019","SEA","-2.54","-108.87","106.33","-11.84","-1.12","0.96","1.89","81","-0.51","-2.13"
"2012","CLE","-2.56","-106.21","103.66","-27.79","-2.98","0.99","1.85","77","-3.40","0.82"
"2021","STL","-2.56","-82.16","79.60","-16.38","-1.56","0.89","0.87","218","-0.86","-2.03"
"2011","ATL","-2.60","-114.10","111.50","-24.56","-2.39","1.06","1.32","258","0.27","-2.72"
"2007","TOR","-2.64","-111.20","108.56","-22.51","-2.14","1.00","1.49","138","-4.49","1.86"
"2015","BOS","-2.64","-105.16","102.52","30.77","2.79","0.96","1.31","72","2.90","-5.64"
"2013","NYM","-2.64","-111.67","109.03","-17.40","-2.15","1.06","1.42","263","-2.66","0.17"
"2005","BAL","-2.65","-105.07","102.42","-22.12","-2.32","0.95","1.45","85","-0.92","-1.86"
"2004","MIN","-2.66","-115.93","113.28","-37.46","-3.45","1.02","1.70","125","-2.80","0.21"
"2018","TBR","-2.68","-109.72","107.04","1.35","0.24","0.99","1.74","109","1.81","-4.51"
"2014","COL","-2.69","-114.61","111.92","11.96","-0.55","1.03","1.22","266","-1.15","-1.46"
"2021","WSN","-2.70","-96.19","93.49","21.13","2.07","1.00","1.24","247","0.86","-3.55"
"2018","CLE","-2.71","-106.53","103.82","53.95","4.99","0.94","1.23","97","2.87","-5.74"
"2017","KCR","-2.78","-106.08","103.30","-59.97","-5.52","0.95","1.14","48","-6.57","3.64"
"2006","BAL","-2.80","-112.16","109.36","-21.06","-1.91","1.02","1.36","72","-1.68","-1.07"
"2020","CIN","-2.83","-36.46","33.63","-32.92","-3.20","0.92","1.30","68","-3.53","0.46"
"2011","BAL","-2.86","-112.55","109.70","-31.18","-3.25","1.02","1.66","59","-3.34","0.54"
"2012","TBR","-2.87","-110.12","107.24","15.24","1.95","1.02","1.63","154","-0.03","-2.77"
"2015","SEA","-2.88","-111.66","108.78","-19.14","-2.09","1.03","1.46","131","0.99","-3.80"
"2017","BOS","-2.89","-117.19","114.30","-10.94","-1.15","1.04","1.75","94","-4.96","2.18"
"2014","KCR","-2.90","-107.46","104.56","-35.38","-3.58","1.02","1.86","51","-6.24","3.38"
"2003","HOU","-2.93","-110.30","107.37","44.34","4.23","0.98","1.34","287","3.24","-6.23"
"2012","BOS","-2.93","-106.85","103.92","-5.22","-0.76","0.98","1.19","104","-2.49","-0.52"
"2015","BAL","-2.93","-102.67","99.74","17.35","1.76","0.95","1.34","88","-0.94","-2.14"
"2020","BAL","-2.98","-42.73","39.75","-6.97","-0.64","1.03","2.08","43","-1.54","-1.36"
"2014","NYY","-3.01","-107.29","104.28","-40.59","-4.49","1.01","1.63","100","-2.57","-0.41"
"2002","SDP","-3.04","-108.53","105.49","-26.92","-2.19","1.01","1.36","236","-1.79","-1.22"
"2009","ATL","-3.10","-115.13","112.03","10.97","1.36","1.06","1.32","249","0.37","-3.30"
"2006","SFG","-3.10","-110.38","107.28","-32.42","-3.19","1.02","1.41","210","-6.08","3.03"
"2015","SDP","-3.10","-104.32","101.22","-7.98","-0.79","0.98","1.21","308","-0.11","-3.06"
"2013","PHI","-3.14","-105.16","102.03","-37.56","-3.73","1.01","1.43","254","-2.59","-0.52"
"2002","HOU","-3.23","-110.16","106.94","3.44","0.24","1.00","1.42","248","-1.40","-1.82"
"2003","MON","-3.33","-111.65","108.31","-47.11","-4.95","1.02","1.33","226","-5.53","2.25"
"2020","WSN","-3.37","-39.12","35.74","16.87","1.74","0.98","1.55","31","1.34","-4.79"
"2013","NYY","-3.39","-106.29","102.90","-51.27","-5.34","1.00","1.30","117","-6.38","2.98"
"2014","HOU","-3.41","-103.17","99.77","-16.93","-2.00","0.97","1.28","85","-1.23","-2.28"
"2000","HOU","-3.42","-117.87","114.45","40.23","3.85","0.99","1.30","270","2.88","-6.32"
"2008","LAD","-3.43","-110.07","106.64","-32.54","-3.24","1.01","1.31","275","-3.12","-0.26"
"2011","PIT","-3.50","-105.98","102.48","-49.33","-5.25","1.01","1.23","275","-6.92","3.44"
"2000","DET","-3.50","-110.24","106.74","-5.11","-0.27","0.96","1.31","113","-1.05","-2.61"
"2010","SDP","-3.52","-108.67","105.15","8.01","1.44","1.04","1.28","278","-4.12","0.74"
"2017","BAL","-3.56","-102.73","99.16","-26.46","-2.68","0.91","1.13","94","-3.14","-0.76"
"2009","NYM","-3.56","-108.17","104.61","-31.60","-3.10","1.01","1.31","286","-2.48","-1.03"
"2004","BAL","-3.57","-113.44","109.87","41.57","3.83","0.99","1.39","89","4.07","-7.69"
"2021","KCR","-3.60","-90.75","87.14","-58.95","-5.86","0.95","1.32","72","-6.64","2.85"
"2009","SEA","-3.61","-110.54","106.93","-96.86","-9.44","1.02","2.00","58","-6.30","2.75"
"2015","MIA","-3.63","-102.90","99.27","-39.64","-4.14","0.99","1.07","250","-3.74","0.07"
"2002","CIN","-3.65","-113.21","109.56","-35.10","-3.31","1.02","1.28","288","-1.96","-1.61"
"2009","TOR","-3.65","-118.26","114.61","16.47","1.59","1.05","2.55","48","3.29","-6.76"
"2003","ANA","-3.73","-105.15","101.42","-27.24","-2.75","0.97","1.14","113","-4.26","0.40"
"2007","CIN","-3.73","-117.23","113.50","-13.45","-1.44","1.03","1.40","264","-0.18","-3.44"
"2007","LAD","-3.73","-112.35","108.62","-19.44","-1.90","1.02","1.26","271","-0.98","-2.68"
"2008","CIN","-3.74","-110.62","106.88","-58.01","-5.72","1.01","1.41","282","-5.79","2.10"
"2003","CIN","-3.91","-116.53","112.62","-67.57","-6.80","1.05","1.38","272","-6.55","2.82"
"2019","CLE","-3.93","-102.83","98.91","-49.49","-4.81","0.92","1.29","100","-4.38","0.09"
"2013","KCR","-3.94","-114.43","110.49","-48.23","-4.86","1.07","1.76","78","-5.87","2.20"
"2008","ATL","-3.96","-113.04","109.07","18.28","1.97","1.03","1.25","288","2.04","-5.88"
"2005","LAD","-4.01","-116.01","112.00","-38.47","-3.96","1.08","1.47","298","-5.01","1.29"
"2018","PHI","-4.06","-102.09","98.03","-15.87","-1.40","0.95","1.16","295","-4.27","0.00"
"2015","OAK","-4.07","-113.66","109.59","13.08","1.50","1.05","1.65","159","-3.26","-0.61"
"2014","SEA","-4.08","-102.39","98.30","-3.81","-0.46","0.98","1.54","92","-3.76","-0.43"
"2019","LAA","-4.10","-107.28","103.18","-14.91","-1.25","0.95","1.54","97","-2.98","-1.32"
"2000","CIN","-4.18","-120.22","116.04","-5.37","-0.76","1.04","1.47","267","1.41","-5.42"
"2000","TEX","-4.20","-118.96","114.76","-49.05","-4.39","1.02","1.99","113","-3.69","-0.42"
"2000","BAL","-4.22","-110.99","106.77","-39.29","-3.68","0.97","1.22","59","-4.16","-0.21"
"2019","CHW","-4.23","-104.01","99.78","-66.49","-6.37","0.94","1.61","87","-6.67","2.17"
"2015","ARI","-4.26","-113.48","109.21","1.08","-0.10","1.01","1.19","269","0.73","-4.95"
"2007","BAL","-4.27","-117.67","113.40","-27.16","-2.47","1.06","1.64","90","-5.51","1.47"
"2003","CHW","-4.28","-107.22","102.94","-4.53","-0.59","0.94","1.49","118","0.65","-5.19"
"2008","ARI","-4.28","-108.17","103.89","-54.35","-5.43","0.99","1.17","257","-4.76","0.41"
"2021","NYM","-4.30","-101.68","97.38","-2.55","-0.33","1.11","1.61","246","-1.01","-2.85"
"2020","MIL","-4.31","-40.82","36.51","-34.10","-3.32","0.98","1.60","65","-5.20","0.79"
"2021","CHC","-4.38","-91.24","86.86","-6.90","-0.72","0.96","1.24","262","-3.27","-1.28"
"2020","TEX","-4.40","-38.11","33.71","-52.76","-5.24","0.95","1.56","30","-5.99","1.36"
"2016","NYM","-4.41","-103.74","99.33","-15.29","-1.24","0.95","1.18","285","0.46","-5.08"
"2005","CHC","-4.42","-114.92","110.50","-45.59","-4.44","1.03","1.27","240","-1.41","-2.88"
"2009","OAK","-4.43","-110.47","106.04","10.59","1.29","0.99","1.86","76","-1.36","-3.11"
"2011","KCR","-4.44","-119.96","115.51","-2.84","-0.47","1.08","1.78","36","0.03","-4.13"
"2009","WSN","-4.47","-122.78","118.31","-15.70","-1.57","1.12","1.51","259","-0.08","-3.92"
"2006","SEA","-4.48","-112.54","108.06","-10.49","-1.00","1.02","1.59","117","-2.70","-1.71"
"2010","HOU","-4.49","-103.65","99.16","-89.64","-9.26","0.98","1.29","278","-12.48","7.92"
"2003","CHC","-4.53","-105.83","101.30","-24.59","-2.43","0.96","1.32","236","-2.89","-1.81"
"2016","KCR","-4.62","-110.02","105.40","-58.12","-6.14","1.01","1.98","50","-6.87","2.28"
"2017","TBR","-4.65","-110.87","106.22","-47.87","-4.84","1.00","1.47","122","-0.04","-4.60"
"2011","SFG","-4.76","-111.65","106.89","-71.96","-8.22","1.06","1.44","244","-5.10","0.60"
"2005","SFG","-4.80","-116.47","111.66","-85.72","-8.92","1.08","1.40","238","-7.30","2.84"
"2016","OAK","-4.91","-103.96","99.04","-54.21","-5.65","0.96","1.76","133","-7.28","2.17"
"2010","LAD","-4.92","-106.34","101.42","-7.05","-0.97","0.99","1.32","250","-1.94","-3.03"
"2010","COL","-4.99","-115.42","110.43","-12.11","-1.96","1.03","1.48","256","-2.37","-2.48"
"2007","OAK","-5.04","-117.67","112.62","-21.22","-2.23","1.04","1.92","64","-1.78","-3.09"
"2012","MIN","-5.08","-114.46","109.38","-21.59","-2.42","1.05","1.42","63","-0.76","-4.08"
"2010","OAK","-5.08","-106.25","101.16","-27.49","-2.58","1.00","1.44","107","-1.74","-3.36"
"2003","BAL","-5.12","-112.62","107.51","-30.56","-3.01","1.01","1.27","70","-4.70","-0.38"
"2009","CLE","-5.14","-111.37","106.22","5.85","0.67","0.99","1.81","63","-0.73","-4.46"
"2015","TBR","-5.19","-115.84","110.65","-36.37","-3.84","1.07","1.46","217","-0.84","-4.00"
"2020","CLE","-5.19","-42.45","37.26","-45.50","-4.33","1.00","1.55","37","-5.53","0.33"
"2020","COL","-5.19","-42.21","37.01","-46.27","-4.07","0.99","1.53","51","-5.78","0.54"
"2017","PIT","-5.21","-108.88","103.66","-72.95","-7.20","1.00","1.25","275","-8.37","3.16"
"2000","PIT","-5.24","-123.12","117.87","-33.99","-2.56","1.07","1.43","234","-1.79","-3.11"
"2012","TOR","-5.29","-108.39","103.11","-19.01","-2.14","0.98","1.40","94","-2.30","-3.08"
"2007","CHC","-5.31","-113.66","108.35","-42.03","-4.15","0.99","1.31","257","-2.11","-3.26"
"2005","SEA","-5.31","-112.01","106.70","-24.90","-2.22","1.03","1.58","121","-6.57","1.43"
"2002","COL","-5.35","-105.81","100.46","-51.97","-6.22","0.95","1.14","285","-8.25","2.60"
"2007","ARI","-5.35","-108.70","103.35","-87.35","-8.17","0.98","1.28","240","-8.06","2.58"
"2009","SFG","-5.37","-104.46","99.09","-52.79","-5.37","0.98","1.36","231","-8.63","3.13"
"2013","SEA","-5.37","-108.40","103.03","-51.76","-5.59","0.98","1.70","77","-2.92","-2.54"
"2012","COL","-5.37","-111.08","105.70","-31.64","-4.05","0.99","1.31","263","-2.21","-3.25"
"2010","LAA","-5.38","-104.17","98.78","-15.73","-1.23","0.95","1.56","93","-2.94","-2.70"
"2021","CLE","-5.39","-93.07","87.68","-28.48","-2.86","0.98","1.10","84","-3.82","-1.68"
"2019","COL","-5.49","-118.38","112.90","-28.54","-3.42","1.01","1.18","298","-5.08","-0.37"
"2015","CLE","-5.49","-103.24","97.75","-33.48","-3.62","0.95","1.21","137","-3.61","-2.14"
"2018","NYM","-5.51","-111.12","105.61","7.65","0.37","1.01","1.45","256","-0.17","-5.27"
"2017","SDP","-5.52","-102.70","97.18","-117.27","-11.45","0.96","1.15","238","-9.27","3.51"
"2001","TOR","-5.59","-115.67","110.08","-26.40","-2.75","1.01","1.99","110","-2.51","-3.03"
"2011","WSN","-5.63","-116.88","111.25","-45.02","-4.82","1.11","1.50","243","-6.16","1.09"
"2002","CHC","-5.65","-112.96","107.31","-7.22","-1.00","1.04","1.64","245","0.17","-5.63"
"2000","CHC","-5.74","-121.81","116.07","-31.45","-2.92","1.08","1.44","275","-1.52","-3.79"
"2010","WSN","-5.87","-107.81","101.95","-47.07","-4.86","1.00","1.27","264","-3.32","-2.54"
"2014","PHI","-5.88","-116.42","110.54","-25.09","-2.82","1.09","1.36","256","-3.97","-1.43"
"2017","COL","-5.97","-101.86","95.89","-18.20","-2.15","0.89","0.95","259","-4.51","-2.22"
"2010","CLE","-5.98","-109.18","103.20","-49.07","-5.12","1.00","1.74","79","-3.00","-2.99"
"2000","MIL","-5.99","-117.95","111.97","-41.69","-3.78","1.05","1.39","282","-3.54","-2.17"
"2000","MON","-6.14","-109.97","103.83","-62.07","-6.01","0.98","1.39","210","-4.18","-2.07"
"2019","TEX","-6.18","-110.58","104.40","-47.00","-4.43","0.97","1.75","81","-9.25","2.85"
"2012","MIA","-6.18","-109.21","103.02","-67.15","-7.19","1.02","1.20","232","-5.11","-0.93"
"2017","CIN","-6.26","-104.06","97.81","0.68","0.02","0.93","0.93","240","-0.80","-5.90"
"2005","DET","-6.29","-110.20","103.91","-24.66","-2.27","0.99","1.51","74","-2.99","-3.34"
"2000","BOS","-6.37","-119.84","113.46","-29.15","-2.53","1.05","1.83","137","-3.41","-2.69"
"2020","KCR","-6.39","-40.10","33.71","-39.05","-3.74","0.95","1.34","50","-4.30","-2.45"
"2005","TOR","-6.41","-117.12","110.71","0.09","-0.17","1.04","1.47","144","-5.71","-0.43"
"2001","CIN","-6.43","-114.41","107.98","-45.03","-4.38","1.01","1.37","304","-4.90","-1.46"
"2011","FLA","-6.50","-118.12","111.62","-62.94","-6.90","1.10","1.44","257","-1.66","-4.27"
"2010","ARI","-6.54","-112.53","105.99","-26.59","-2.55","1.01","1.20","270","-2.11","-4.34"
"2010","KCR","-6.57","-116.33","109.76","-48.76","-5.13","1.06","1.36","68","-3.99","-2.21"
"2014","CHC","-6.61","-107.75","101.14","-37.84","-4.17","1.01","1.25","273","-3.12","-3.40"
"2021","COL","-6.64","-96.80","90.16","-37.35","-4.66","0.99","1.14","230","-4.59","-2.11"
"2001","BAL","-6.65","-108.77","102.12","-53.54","-5.52","1.00","1.46","73","-7.21","0.56"
"2021","MIN","-6.65","-99.33","92.68","-17.94","-1.79","1.02","1.68","95","-3.69","-2.83"
"2008","SEA","-6.66","-113.83","107.17","-56.59","-5.49","1.04","1.27","106","-6.30","-0.13"
"2009","CHC","-6.67","-112.52","105.85","-40.50","-4.33","1.00","1.26","272","-1.69","-4.95"
"2018","CIN","-6.77","-112.97","106.20","-17.75","-1.99","1.03","1.26","242","-2.97","-3.64"
"2005","MIN","-6.82","-124.41","117.59","-71.34","-7.00","1.12","1.81","104","-10.08","4.01"
"2002","NYM","-6.83","-111.06","104.23","-7.91","-0.77","1.02","1.22","302","-2.43","-4.24"
"2005","HOU","-6.86","-110.88","104.03","-31.72","-3.29","1.01","1.44","250","-3.84","-2.98"
"2021","DET","-6.87","-96.32","89.44","-34.20","-3.47","1.00","1.58","62","-6.21","-0.70"
"2013","MIN","-6.89","-116.69","109.80","-91.56","-9.71","1.06","1.87","103","-6.34","-0.18"
"2013","COL","-6.89","-109.58","102.69","-43.72","-4.92","0.97","1.11","257","-3.60","-3.47"
"2008","COL","-6.91","-116.79","109.87","-59.19","-5.91","1.02","1.27","250","-5.23","-1.55"
"2017","CHW","-6.92","-107.25","100.33","-45.91","-4.19","0.96","1.70","86","-4.09","-3.15"
"2001","DET","-6.92","-112.04","105.12","-74.87","-7.23","0.99","1.42","81","-8.12","1.15"
"2002","PIT","-6.94","-106.54","99.60","-68.46","-6.62","0.99","1.13","238","-6.16","-0.82"
"2006","HOU","-7.00","-115.04","108.04","-58.00","-5.52","1.02","1.44","286","-5.40","-1.46"
"2005","ARI","-7.05","-115.28","108.23","-78.17","-7.60","1.01","1.28","310","-3.09","-3.88"
"2020","PIT","-7.14","-44.12","36.98","-59.88","-5.83","1.09","2.09","26","-7.04","0.48"
"2011","COL","-7.14","-116.07","108.93","-25.23","-2.97","1.04","1.37","251","-3.41","-3.48"
"2004","TBD","-7.17","-108.84","101.67","-75.18","-6.94","0.99","1.56","96","-8.64","1.40"
"2001","PIT","-7.19","-108.11","100.93","-101.86","-10.08","0.97","1.29","247","-7.69","0.31"
"2017","DET","-7.21","-107.02","99.81","-36.48","-3.63","0.95","0.95","103","-4.72","-2.84"
"2007","WSN","-7.27","-115.40","108.13","-69.42","-6.84","1.05","1.40","291","-8.02","1.12"
"2013","CHC","-7.29","-109.24","101.94","-53.96","-5.97","1.01","1.35","276","-1.79","-5.42"
"2000","TBD","-7.36","-117.95","110.58","-81.13","-7.44","1.05","1.95","107","-7.07","0.08"
"2008","TOR","-7.54","-116.36","108.82","-37.97","-3.89","1.05","1.40","89","-6.37","-0.79"
"2016","SDP","-7.58","-108.75","101.17","-10.80","-1.15","1.00","1.20","243","-5.43","-2.14"
"2014","TBR","-7.61","-108.46","100.86","-47.42","-5.04","1.02","1.67","168","-3.54","-3.89"
"2010","NYM","-7.61","-110.73","103.12","-32.18","-3.31","1.03","1.24","276","-3.12","-4.26"
"2015","PHI","-7.86","-110.00","102.14","-54.54","-5.74","1.02","1.32","255","-5.72","-1.97"
"2001","MIL","-7.87","-104.51","96.64","-29.62","-2.94","0.94","1.07","249","-4.84","-3.55"
"2009","CHW","-7.97","-110.41","102.44","-64.42","-6.09","0.97","1.19","105","-6.30","-1.89"
"2014","TEX","-7.97","-102.20","94.23","-46.37","-4.31","0.95","1.20","95","-4.21","-4.18"
"2005","COL","-7.97","-112.54","104.56","-51.24","-5.65","0.99","1.26","272","-3.60","-4.49"
"2015","ATL","-7.98","-106.66","98.69","-97.55","-10.32","1.01","1.20","252","-9.41","1.51"
"2012","KCR","-7.98","-116.23","108.25","-45.26","-4.71","1.04","1.53","59","-4.73","-2.95"
"2009","ARI","-8.02","-116.59","108.57","-41.89","-4.24","1.03","1.37","267","-4.08","-3.72"
"2007","MIN","-8.05","-110.99","102.94","-46.19","-4.58","1.00","1.32","102","-7.83","-0.19"
"2007","HOU","-8.07","-118.70","110.64","-54.01","-5.27","1.06","1.37","289","-5.65","-2.00"
"2017","TOR","-8.07","-115.77","107.70","-84.88","-8.28","1.01","1.56","124","-8.64","0.68"
"2005","WSN","-8.10","-114.18","106.07","-71.96","-7.46","1.06","1.54","266","-6.63","-1.00"
"2004","PIT","-8.20","-112.46","104.27","-78.49","-7.96","1.03","1.28","275","-8.55","0.59"
"2018","TEX","-8.26","-109.95","101.69","-40.45","-4.43","0.99","1.76","81","-4.49","-3.88"
"2021","MIA","-8.27","-96.20","87.92","-32.26","-3.16","1.03","1.28","241","-8.34","0.27"
"2001","ANA","-8.32","-115.29","106.97","-76.30","-7.61","1.03","1.49","86","-2.69","-5.41"
"2001","TBD","-8.32","-108.19","99.87","-99.57","-9.65","0.96","1.63","75","-8.99","0.31"
"2016","TBR","-8.43","-108.60","100.17","-39.05","-4.15","0.98","1.56","103","-0.85","-7.78"
"2018","MIA","-8.47","-107.41","98.94","-72.36","-8.01","1.01","1.10","281","-8.53","0.16"
"2016","PHI","-8.49","-105.22","96.73","-108.96","-11.20","0.96","1.15","259","-10.51","1.68"
"2018","SFG","-8.58","-114.25","105.66","-82.15","-8.52","1.06","1.35","298","-9.45","1.35"
"2015","CHW","-8.59","-113.74","105.15","-71.53","-7.56","1.06","1.90","116","-7.95","-0.16"
"2007","PIT","-8.60","-110.45","101.85","-42.32","-4.24","0.98","1.23","238","-4.46","-4.27"
"2009","PIT","-8.66","-107.22","98.56","-78.25","-7.62","0.99","1.21","247","-6.65","-2.07"
"2012","SEA","-8.67","-105.59","96.92","-59.27","-6.69","0.99","1.74","83","-9.66","0.90"
"2005","PIT","-8.72","-112.84","104.12","-47.78","-5.09","1.01","1.24","268","-2.66","-5.95"
"2015","MIL","-8.73","-103.00","94.26","-39.18","-4.15","0.94","1.12","292","-6.43","-2.90"
"2014","ATL","-8.74","-109.45","100.71","-68.50","-7.50","1.03","1.21","206","-7.41","-1.10"
"2008","SFG","-8.79","-115.86","107.07","-110.60","-11.07","1.04","1.42","273","-10.18","1.72"
"2009","CIN","-8.91","-110.19","101.29","-74.96","-7.44","0.99","1.39","251","-6.82","-2.20"
"2001","MON","-8.95","-106.85","97.90","-89.16","-9.06","0.97","1.15","245","-9.51","0.27"
"2007","CHW","-9.01","-112.47","103.46","-106.97","-10.16","1.01","1.26","100","-9.16","0.20"
"2009","BAL","-9.03","-113.23","104.20","-48.09","-4.78","1.00","1.46","98","-6.60","-2.44"
"2018","CHW","-9.09","-107.37","98.28","-81.08","-8.20","0.97","1.54","90","-6.78","-2.59"
"2017","PHI","-9.09","-116.34","107.25","-56.59","-5.34","1.04","1.27","236","-5.68","-3.08"
"2011","MIN","-9.11","-108.44","99.33","-94.17","-9.61","1.00","1.33","91","-11.44","2.30"
"2021","BAL","-9.21","-89.88","80.68","-55.48","-5.54","0.93","1.57","69","-4.99","-4.89"
"2021","ARI","-9.22","-98.08","88.86","-42.31","-4.34","1.01","1.20","295","-6.48","-2.67"
"2003","NYM","-9.30","-105.60","96.31","-74.97","-7.82","0.99","1.20","268","-9.81","0.45"
"2011","HOU","-9.30","-113.33","104.03","-53.90","-5.94","1.05","1.35","278","-5.94","-2.88"
"2006","COL","-9.33","-121.06","111.73","-35.84","-3.34","1.03","1.33","259","-5.08","-3.93"
"2008","KCR","-9.36","-107.48","98.12","-83.93","-8.25","0.96","1.25","71","-10.90","1.15"
"2006","CHC","-9.37","-110.13","100.76","-93.13","-8.96","0.97","1.19","270","-9.77","0.07"
"2014","SDP","-9.42","-107.91","98.49","-82.17","-8.81","1.04","1.38","311","-10.20","1.13"
"2019","SFG","-9.42","-114.02","104.60","-69.78","-8.00","1.02","1.24","357","-9.88","0.61"
"2002","KCR","-9.43","-118.10","108.67","-90.34","-8.92","1.04","1.80","108","-10.72","1.61"
"2008","OAK","-9.46","-114.95","105.50","-81.98","-8.18","1.06","1.78","91","-9.74","0.78"
"2005","KCR","-9.54","-110.45","100.91","-72.91","-7.02","1.00","1.40","130","-8.49","-1.05"
"2009","KCR","-9.60","-107.91","98.30","-85.35","-8.49","0.96","1.36","90","-7.83","-2.17"
"2021","PIT","-9.61","-94.86","85.25","-92.87","-9.23","1.03","1.19","247","-10.74","1.40"
"2011","OAK","-9.70","-108.57","98.87","-47.90","-5.07","1.00","1.78","74","-8.07","-1.61"
"2016","MIN","-9.73","-117.43","107.70","-32.44","-3.36","1.04","1.19","72","0.20","-9.54"
"2003","TBD","-9.74","-119.48","109.75","-65.75","-6.59","1.06","1.93","148","-6.93","-2.30"
"2002","TBD","-9.75","-120.94","111.19","-107.24","-10.65","1.07","1.66","49","-11.74","2.65"
"2010","BAL","-9.76","-115.36","105.60","-125.13","-12.74","1.06","1.85","68","-9.29","0.04"
"2018","SDP","-9.77","-109.61","99.85","-75.49","-7.83","1.00","1.27","261","-7.12","-2.66"
"2014","ARI","-9.82","-115.53","105.71","-66.00","-7.50","1.07","1.27","249","-8.29","-0.91"
"2010","CHC","-9.87","-108.47","98.60","-34.18","-3.66","0.99","1.32","231","-5.06","-4.92"
"2010","PIT","-9.88","-104.07","94.19","-95.54","-9.97","0.97","1.08","275","-10.33","0.15"
"2006","ARI","-9.89","-117.14","107.25","-55.87","-5.37","1.01","1.21","275","-5.88","-3.92"
"2019","SDP","-9.98","-111.15","101.17","-60.89","-6.57","1.00","1.28","287","-5.00","-4.93"
"2000","MIN","-10.01","-119.49","109.49","-122.41","-11.02","1.04","2.00","160","-11.32","1.66"
"2014","CIN","-10.06","-110.26","100.20","-57.81","-6.31","1.05","1.33","220","-9.49","-0.13"
"2002","BAL","-10.19","-115.52","105.34","-99.13","-9.96","1.03","1.53","102","-6.66","-3.21"
"2014","BOS","-10.20","-119.07","108.88","-72.75","-7.75","1.09","1.71","100","-8.81","-0.58"
"2018","DET","-10.34","-112.82","102.48","-108.68","-10.87","1.01","1.63","75","-12.72","2.52"
"2016","MIL","-10.37","-112.87","102.50","-63.01","-6.37","1.02","1.28","282","-3.66","-6.56"
"2011","SDP","-10.47","-111.47","101.01","-34.73","-3.92","1.06","1.32","283","-4.74","-5.12"
"2011","CHW","-10.48","-115.45","104.96","-95.05","-9.25","1.04","1.31","73","-7.94","-2.14"
"2006","TBD","-10.49","-111.19","100.71","-84.88","-8.27","0.99","1.50","80","-5.35","-5.21"
"2004","NYM","-10.64","-117.63","106.99","-62.21","-6.11","1.04","1.31","262","-4.80","-5.42"
"2016","ATL","-10.70","-119.31","108.61","-77.15","-7.76","1.08","1.33","270","-6.79","-3.11"
"2000","PHI","-10.76","-121.47","110.72","-81.62","-7.89","1.08","1.40","271","-8.88","-1.08"
"2003","CLE","-10.78","-119.40","108.62","-92.40","-8.87","1.05","2.01","102","-9.87","-0.36"
"2012","CHC","-11.02","-110.85","99.82","-83.27","-8.81","1.02","1.22","273","-6.81","-3.96"
"2011","SEA","-11.17","-106.30","95.13","-112.05","-11.87","1.02","1.88","51","-12.08","1.09"
"2019","TOR","-11.51","-110.45","98.94","-79.96","-7.56","0.95","1.74","79","-9.06","-3.00"
"2007","SFG","-11.62","-121.40","109.78","-96.77","-9.65","1.08","1.43","261","-10.90","0.17"
"2008","SDP","-11.62","-119.28","107.66","-70.25","-7.33","1.07","1.27","285","-5.85","-4.98"
"2004","TOR","-11.65","-112.93","101.27","-94.52","-8.91","0.99","1.45","101","-10.35","-1.43"
"2003","ARI","-11.70","-122.99","111.29","-69.97","-6.96","1.08","1.45","266","-5.15","-5.67"
"2001","KCR","-11.88","-111.14","99.26","-100.95","-9.52","0.97","1.39","95","-10.02","-2.24"
"2007","KCR","-12.02","-110.05","98.02","-90.26","-8.73","0.96","1.58","117","-11.12","-1.37"
"2019","CIN","-12.12","-114.15","102.02","-67.51","-6.86","1.00","1.34","314","-6.04","-6.04"
"2017","SFG","-12.18","-114.92","102.73","-97.80","-9.80","1.04","1.31","293","-8.19","-3.54"
"2008","WSN","-12.25","-117.95","105.71","-109.01","-10.87","1.07","1.27","288","-9.24","-2.22"
"2006","PIT","-12.29","-120.99","108.70","-79.76","-7.90","1.09","1.37","261","-7.48","-3.83"
"2015","CIN","-12.36","-114.31","101.95","-54.11","-5.86","1.04","1.30","262","-4.54","-7.39"
"2019","BAL","-12.96","-111.08","98.12","-99.61","-9.40","0.95","1.63","126","-9.11","-4.52"
"2004","SEA","-12.97","-128.18","115.21","-85.90","-8.43","1.13","1.67","109","-7.93","-3.58"
"2004","KCR","-13.00","-109.59","96.59","-115.43","-10.20","0.95","1.55","51","-13.26","-0.37"
"2019","KCR","-13.54","-113.40","99.86","-124.67","-11.54","0.99","1.39","58","-13.23","-0.47"
"2004","MIL","-13.62","-114.73","101.11","-124.10","-12.40","1.02","1.22","280","-10.68","-2.74"
"2012","HOU","-13.71","-110.22","96.50","-106.41","-11.58","1.01","1.20","260","-8.80","-4.76"
"2002","DET","-14.13","-108.51","94.38","-180.09","-17.79","0.99","1.61","47","-15.22","0.90"
"2003","LAD","-14.33","-116.69","102.36","-139.54","-14.46","1.07","1.36","237","-11.15","-2.27"
"2004","MON","-14.74","-114.17","99.42","-147.24","-14.35","1.02","1.45","250","-11.93","-2.59"
"2013","CHW","-14.91","-120.61","105.71","-112.20","-11.80","1.09","1.81","74","-10.62","-3.08"
"2019","MIA","-15.08","-113.00","97.92","-121.39","-11.99","1.01","1.21","290","-13.53","-1.34"
"2021","TEX","-15.35","-97.82","82.47","-93.10","-9.32","1.00","1.49","79","-11.84","-3.46"
"2018","KCR","-15.39","-115.79","100.39","-115.93","-11.75","1.02","1.43","48","-11.36","-3.75"
"2013","HOU","-15.88","-109.61","93.73","-91.89","-9.54","1.00","1.46","107","-11.65","-4.29"
"2010","SEA","-16.17","-112.90","96.73","-163.91","-17.46","1.06","2.16","58","-15.80","0.50"
"2002","MIL","-17.57","-115.68","98.10","-106.53","-10.85","1.03","1.20","277","-10.70","-6.43"
"2004","ARI","-18.77","-120.03","101.26","-189.46","-18.14","1.05","1.33","242","-16.72","-1.23"
"2013","MIA","-20.24","-121.65","101.42","-137.44","-14.99","1.13","1.41","237","-15.48","-2.38"
"2018","BAL","-20.29","-112.42","92.13","-129.43","-13.09","0.99","1.50","97","-13.57","-6.90"
"2019","DET","-22.14","-120.33","98.19","-237.30","-22.30","1.04","1.71","68","-18.23","-3.12"
"2003","DET","-23.43","-116.48","93.05","-195.98","-19.20","1.01","1.54","118","-16.83","-6.33"
