"Name","Team","G","PA","AB","H","2B","3B","HR","R","RBI","BB","SO","SB","CS","AVG","OBP","SLG","OPS","wOBA","playerid"
"Mike Trout","LAA","47","194","156","46","8","1","14","34","34","33","47","3","1",".292",".423",".630","1.052",".435","10155"
"Juan Soto","WSN","58","256","209","63","12","1","13","41","39","44","43","5","2",".302",".423",".563",".986",".414","20123"
"Vladimir Guerrero Jr.","TOR","63","277","241","73","14","1","18","45","46","32","46","2","1",".305",".389",".592",".981",".411","19611"
"Freddie Freeman","ATL","58","243","206","63","13","1","13","38","37","33","42","3","1",".307",".406",".566",".973",".408","5361"
"Fernando Tatis Jr.","SDP","50","226","198","57","11","1","17","40","41","23","64","10","2",".285",".365",".606",".971",".405","19709"
"Shohei Ohtani","LAA","54","225","197","55","10","1","17","40","38","25","66","8","2",".278",".362",".604",".965",".402","19755"
"Aaron Judge","NYY","56","240","205","56","10","1","16","37","38","31","67","1","0",".275",".376",".557",".932",".394","15640"
"Jose Ramirez","CLE","61","258","225","64","15","2","16","40","40","28","37","9","2",".282",".364",".569",".933",".390","13510"
"Max Muncy","LAD","52","235","195","51","9","1","14","37","37","35","52","1","0",".262",".382",".535",".917",".389","13301"
"Bryce Harper","PHI","56","247","205","56","12","1","13","37","37","38","57","4","2",".271",".387",".532",".919",".387","11579"
"Mookie Betts","LAD","49","218","189","54","12","1","11","35","31","26","36","5","1",".287",".375",".533",".909",".385","13611"
"Jesse Winker","CIN","51","233","202","58","11","1","12","34","33","26","43","1","0",".286",".374",".522",".897",".383","13590"
"Matt Olson","OAK","57","246","212","56","11","0","17","35","40","28","54","1","0",".262",".354",".551",".905",".380","14344"
"Nick Castellanos","CIN","46","208","189","55","13","1","11","31","32","16","48","1","1",".292",".350",".551",".901",".379","11737"
"Justin Turner","LAD","47","213","185","54","11","1","10","31","30","21","36","1","0",".289",".373",".511",".884",".378","5235"
"Rafael Devers","BOS","56","237","214","60","13","1","15","36","38","20","54","2","1",".282",".345",".557",".901",".378","17350"
"J.D. Martinez","BOS","57","245","217","62","13","1","13","36","37","25","57","1","0",".286",".359",".535",".895",".377","6184"
"Kris Bryant","CHC","56","246","212","57","11","1","13","35","35","26","57","2","1",".271",".365",".513",".878",".375","15429"
"Joey Gallo","TEX","57","238","197","45","8","1","17","35","39","37","79","2","1",".229",".356",".534",".890",".375","14128"
"Nelson Cruz","TBR","52","226","200","54","9","0","15","32","38","21","53","1","0",".272",".349",".544",".892",".374","2434"
"Christian Yelich","MIL","48","209","175","48","9","1","9","31","28","30","52","5","2",".272",".384",".491",".874",".374","11477"
"Byron Buxton","MIN","38","161","148","41","9","1","10","26","25","10","42","5","1",".275",".328",".564",".892",".374","14161"
"George Springer","TOR","55","246","212","57","9","1","14","38","36","28","52","2","1",".266",".358",".519",".877",".374","12856"
"Yordan Alvarez","HOU","50","218","190","52","10","1","12","31","35","23","57","1","0",".275",".358",".526",".884",".372","19556"
"Xander Bogaerts","BOS","56","239","213","62","13","1","11","35","33","22","44","2","1",".293",".360",".513",".873",".372","12161"
"Kyle Schwarber","WSN","32","141","122","30","5","0","10","20","24","16","40","1","0",".247",".342",".535",".878",".370","16478"
"Trevor Story","COL","54","240","215","60","14","2","12","37","34","20","59","9","2",".279",".345",".527",".872",".368","12564"
"Alex Bregman","HOU","45","194","165","45","10","1","8","27","27","24","28","1","0",".270",".369",".492",".861",".368","17678"
"Josh Donaldson","MIN","52","217","182","46","9","0","11","31","29","31","47","1","0",".252",".365",".491",".856",".368","5038"
"Anthony Rendon","LAA","43","178","153","42","9","0","8","24","24","21","28","1","0",".275",".367",".495",".863",".368","12861"
"Anthony Rizzo","CHC","58","251","213","57","11","1","11","34","33","27","39","3","1",".270",".370",".487",".858",".367","3473"
"Jose Altuve","HOU","56","241","214","61","11","1","11","35","34","22","39","4","1",".286",".357",".499",".856",".366","5417"
"Bryan Reynolds","PIT","58","244","216","62","13","1","10","33","34","23","54","2","1",".285",".359",".500",".859",".366","19326"
"C.J. Cron","COL","49","216","190","51","10","1","12","30","32","19","48","0","0",".268",".348",".510",".858",".365","12546"
"Pete Alonso","NYM","60","267","234","60","11","0","17","37","43","25","65","1","0",".257",".341",".523",".864",".365","19251"
"Manny Machado","SDP","52","234","207","57","11","1","13","32","37","23","40","4","1",".276",".348",".516",".864",".364","11493"
"Eloy Jimenez","CHW","48","208","191","53","11","1","12","28","32","14","50","0","0",".280",".334",".524",".858",".363","17484"
"Will Smith","LAD","35","144","124","32","7","0","8","20","21","15","32","1","0",".258",".347",".505",".852",".362","19197"
"Cody Bellinger","LAD","49","222","191","49","10","1","12","33","32","28","50","4","1",".257",".352",".505",".857",".362","15998"
"Rhys Hoskins","PHI","57","250","212","51","11","1","14","35","37","32","61","2","1",".242",".348",".498",".846",".361","16472"
"Trea Turner","WSN","50","220","200","59","11","2","8","33","27","16","42","11","2",".295",".351",".492",".844",".361","16252"
"Corey Seager","LAD","47","210","187","52","12","1","9","29","29","20","39","1","0",".281",".353",".490",".843",".361","13624"
"Charlie Blackmon","COL","51","224","200","58","12","2","7","30","29","19","36","2","1",".292",".361",".481",".842",".360","7859"
"Marcell Ozuna","ATL","14","61","54","15","2","0","3","8","9","6","13","0","0",".273",".346",".499",".845",".360","10324"
"Yasmani Grandal","CHW","27","107","88","20","3","0","6","15","15","17","28","0","0",".230",".360",".473",".833",".360","11368"
"Joey Votto","CIN","54","244","208","54","10","1","11","33","32","32","53","1","0",".262",".364",".473",".836",".360","4314"
"Franmil Reyes","CLE","54","231","207","54","10","0","15","32","37","20","67","1","0",".260",".328",".526",".854",".359","14566"
"Willson Contreras","CHC","48","193","167","43","8","1","9","27","26","19","49","2","1",".260",".351",".483",".834",".359","11609"
"Ozzie Albies","ATL","56","235","214","60","13","2","10","34","31","17","42","8","1",".283",".339",".506",".846",".358","16556"
"Paul Goldschmidt","STL","57","249","216","58","10","1","11","34","32","29","56","2","1",".269",".359",".473",".831",".358","9218"
"Giancarlo Stanton","NYY","52","224","195","49","8","0","13","31","32","26","66","1","0",".250",".343",".495",".838",".358","4949"
"Andrew McCutchen","PHI","50","217","186","47","9","1","10","30","29","27","49","3","1",".255",".355",".476",".831",".358","9847"
"Austin Riley","ATL","53","225","202","55","11","1","12","31","33","19","58","1","0",".270",".337",".505",".842",".357","18360"
"Jose Abreu","CHW","57","248","223","61","11","1","13","33","36","18","55","1","0",".272",".338",".501",".840",".357","15676"
"Bo Bichette","TOR","62","274","251","72","16","1","11","40","36","19","58","7","2",".286",".340",".493",".832",".355","19612"
"Mike Moustakas","CIN","33","149","133","34","6","0","9","20","23","14","28","1","0",".257",".331",".509",".840",".355","4892"
"Nolan Arenado","STL","58","251","225","61","12","1","13","32","37","22","36","1","0",".271",".336",".507",".843",".355","9777"
"Trey Mancini","BAL","57","241","215","58","10","1","12","32","32","21","56","0","0",".271",".341",".489",".830",".355","15149"
"Brandon Lowe","TBR","47","205","178","44","9","1","11","29","30","23","60","2","1",".246",".338",".494",".832",".355","18882"
"Chris Taylor","LAD","55","245","217","58","12","2","10","36","31","24","67","4","1",".267",".346",".479",".825",".354","13757"
"Marcus Semien","TOR","63","277","246","64","13","1","14","40","38","28","59","5","1",".259",".335",".492",".827",".353","12533"
"Jared Walsh","LAA","55","230","207","54","11","1","13","32","35","18","65","1","0",".259",".324",".511",".835",".352","18607"
"Eugenio Suarez","CIN","55","249","219","53","9","1","16","35","38","25","72","1","1",".241",".328",".500",".828",".352","12552"
"Luke Voit","NYY","50","217","190","49","8","0","11","29","30","21","59","0","0",".255",".339",".481",".820",".352","14811"
"Josh Bell","WSN","53","234","207","54","10","1","12","31","35","24","52","1","0",".263",".341",".490",".831",".352","13145"
"Ketel Marte","ARI","46","200","181","52","11","2","6","26","24","16","30","2","1",".290",".349",".468",".818",".351","13613"
"Jordan Luplow","CLE","20","86","74","18","4","0","4","12","11","10","20","1","0",".246",".344",".471",".814",".350","16424"
"Brandon Belt","SFG","37","162","138","33","7","1","7","22","21","22","44","2","0",".241",".348",".467",".815",".350","10264"
"Mark Canha","OAK","53","228","192","48","10","1","9","31","25","27","50","3","1",".248",".357",".444",".802",".350","11445"
"Mitch Haniger","SEA","53","226","200","50","10","1","12","29","31","21","55","1","0",".253",".332",".484",".817",".350","14274"
"J.T. Realmuto","PHI","53","213","189","51","10","1","9","29","28","18","49","3","1",".269",".341",".475",".816",".350","11739"
"Carlos Correa","HOU","56","241","212","56","11","0","10","32","33","25","51","1","0",".266",".346",".469",".815",".350","14162"
"Salvador Perez","KCR","56","223","208","55","10","0","14","28","38","9","54","1","0",".265",".305",".525",".831",".349","7304"
"Ryan McMahon","COL","52","229","205","54","11","1","11","31","33","21","64","2","1",".262",".332",".489",".821",".349","15112"
"Yoan Moncada","CHW","54","235","204","54","11","2","8","32","27","27","63","2","1",".263",".353",".455",".807",".349","17232"
"Austin Meadows","TBR","48","210","185","47","11","1","10","28","29","21","50","3","1",".254",".335",".486",".820",".348","15672"
"Tommy Pham","SDP","51","229","197","52","9","1","7","32","26","28","51","8","2",".264",".360",".436",".796",".348","2967"
"Teoscar Hernandez","TOR","61","268","242","62","13","1","15","39","39","22","74","5","2",".256",".320",".501",".821",".348","13066"
"A.J. Pollock","LAD","33","149","135","35","7","1","8","21","22","10","35","2","1",".260",".320",".497",".817",".346","9256"
"Gary Sanchez","NYY","47","185","161","37","6","0","12","25","28","20","53","0","0",".228",".322",".489",".812",".345","11442"
"Justin Upton","LAA","53","220","193","46","8","0","13","31","31","23","65","2","1",".238",".326",".479",".805",".345","5222"
"Mitch Garver","MIN","38","147","128","30","6","0","8","20","21","16","43","0","0",".235",".324",".483",".806",".345","15161"
"Joc Pederson","ATL","38","159","140","34","7","1","8","22","22","15","37","1","0",".243",".326",".479",".805",".344","11899"
"Kyle Tucker","HOU","53","231","208","54","12","2","11","33","32","19","46","6","1",".260",".325",".489",".814",".344","18345"
"Daniel Vogelbach","MIL","12","54","46","11","2","0","2","7","7","7","12","0","0",".239",".350",".440",".790",".343","14130"
"Brandon Nimmo","NYM","48","211","176","44","9","1","5","28","20","29","52","3","1",".250",".368",".405",".773",".343","12927"
"Jorge Soler","KCR","47","202","176","42","8","0","11","26","29","21","55","1","0",".239",".328",".471",".799",".343","14221"
"Mike Yastrzemski","SFG","53","232","203","50","12","2","10","31","30","24","58","2","1",".246",".333",".470",".802",".343","14854"
"Avisail Garcia","MIL","49","216","196","53","9","1","9","28","29","15","51","3","1",".271",".333",".469",".802",".342","5760"
"Wander Franco","TBR","51","223","202","57","12","2","6","29","27","18","28","5","1",".284",".343",".455",".798",".342","23667"
"Randy Arozarena","TBR","56","244","217","56","11","1","10","34","30","21","62","8","2",".259",".338",".455",".793",".342","19290"
"Michael Conforto","NYM","53","236","202","50","10","0","9","30","29","28","57","2","1",".248",".348",".437",".786",".341","16376"
"Alex Dickerson","SFG","39","170","152","39","9","1","7","22","23","14","38","1","0",".256",".329",".471",".800",".341","12649"
"Alex Verdugo","BOS","50","213","192","54","12","1","6","28","24","18","32","2","1",".282",".347",".443",".790",".341","17027"
"Nate Lowe","TEX","54","225","195","50","10","1","8","28","26","27","58","2","1",".256",".348",".437",".785",".341","19566"
"Brandon Crawford","SFG","40","175","155","40","8","1","8","23","24","16","40","2","1",".260",".333",".469",".802",".341","5343"
"Cesar Hernandez","CLE","52","220","196","53","9","2","7","28","24","21","45","1","1",".273",".346",".439",".785",".341","10556"
"Carlos Santana","KCR","57","243","206","49","9","1","10","30","30","34","39","1","0",".240",".348",".437",".785",".340","2396"
"Trent Grisham","SDP","50","223","195","48","10","2","9","31","27","25","54","6","1",".249",".338",".449",".787",".340","18564"
"Carson Kelly","ARI","28","111","97","24","5","0","5","14","15","12","24","0","0",".252",".338",".454",".792",".340","13620"
"Jesus Aguilar","MIA","46","193","171","44","8","0","9","22","26","18","41","0","0",".258",".332",".460",".792",".339","11342"
"Michael Brantley","HOU","50","218","196","56","12","1","5","28","25","18","27","1","0",".287",".350",".431",".781",".339","4106"
"DJ LeMahieu","NYY","59","254","228","66","10","1","6","32","27","23","39","2","1",".288",".354",".423",".777",".339","9874"
"Robbie Grossman","DET","51","213","181","45","9","1","7","27","23","28","46","4","2",".248",".351",".425",".777",".339","5254"
"Wilmer Flores","SFG","30","130","117","32","6","0","5","16","18","10","19","0","0",".269",".329",".461",".790",".338","5827"
"Javier Baez","CHC","56","246","229","59","10","1","15","34","37","12","78","6","2",".258",".300",".504",".803",".338","12979"
"Buster Posey","SFG","42","166","146","40","7","0","5","20","20","17","28","1","0",".278",".354",".426",".780",".338","9166"
"Max Kepler","MIN","49","204","179","43","9","1","10","27","26","21","41","3","1",".238",".324",".466",".790",".338","12144"
"Omar Narvaez","MIL","37","147","129","34","6","0","5","17","18","16","28","0","0",".265",".350",".426",".776",".338","13338"
"Jorge Polanco","MIN","55","229","207","56","12","1","8","30","27","18","39","3","1",".271",".332",".455",".787",".338","13152"
"Jeff McNeil","NYM","53","236","211","59","12","1","6","29","26","18","35","2","1",".279",".348",".430",".778",".338","15362"
"Jonathan Schoop","DET","55","227","209","56","10","1","10","27","31","13","48","1","0",".268",".318",".471",".789",".338","11265"
"Darin Ruf","SFG","13","56","49","12","2","0","2","7","7","6","15","0","0",".246",".335",".448",".784",".337","9929"
"Garrett Cooper","MIA","31","131","116","31","6","0","5","16","15","12","34","0","0",".265",".340",".437",".777",".337","15279"
"Ramon Laureano","OAK","54","233","206","52","11","1","10","32","28","19","60","6","1",".252",".327",".455",".782",".337","17128"
"Yandy Diaz","TBR","38","165","141","38","6","0","3","20","17","21","27","1","0",".271",".367",".397",".764",".337","16578"
"Jonathan India","CIN","52","236","203","51","10","1","7","31","25","25","58","2","1",".252",".350",".420",".770",".337","21523"
"Jake Cronenworth","SDP","51","229","205","56","12","2","6","29","27","19","37","3","1",".275",".341",".438",".780",".337","18036"
"Kolten Wong","MIL","49","217","191","52","10","2","5","28","23","18","36","5","2",".272",".350",".425",".774",".337","12532"
"Brad Miller","PHI","30","133","116","27","5","1","6","18","18","15","40","1","0",".235",".326",".458",".784",".336","12775"
"Willy Adames","MIL","55","241","215","55","11","1","10","31","31","22","68","2","1",".254",".326",".455",".781",".336","15986"
"Eduardo Escobar","MIL","55","238","217","56","11","2","11","30","34","17","50","1","0",".257",".314",".480",".794",".336","6153"
"Hunter Renfroe","BOS","47","201","181","44","9","0","11","26","29","16","50","1","0",".242",".307",".481",".788",".335","15464"
"Enrique Hernandez","BOS","43","185","165","41","9","1","8","24","24","16","39","1","0",".248",".319",".463",".782",".335","10472"
"Wil Myers","SDP","34","150","134","33","7","1","7","20","20","14","43","3","1",".248",".324",".455",".779",".334","10047"
"Gleyber Torres","NYY","59","251","223","58","11","1","9","32","29","24","53","4","1",".262",".337",".434",".771",".334","16997"
"Harrison Bader","STL","54","233","206","52","10","1","10","31","28","21","59","5","2",".250",".330",".448",".779",".334","18030"
"Starling Marte","OAK","54","229","206","57","10","1","6","30","23","16","47","12","3",".275",".341",".425",".767",".333","9241"
"Francisco Lindor","NYM","32","141","125","32","6","0","6","18","17","13","24","3","1",".258",".331",".447",".778",".333","12916"
"Andrew Benintendi","KCR","49","208","185","49","10","1","7","26","23","19","42","5","1",".263",".334",".439",".773",".333","17901"
"Whit Merrifield","KCR","60","257","235","67","14","2","6","33","28","17","39","10","3",".285",".336",".436",".771",".333","11281"
"Eddie Rosario","CLE","45","190","176","48","9","1","8","24","25","12","30","3","1",".272",".316",".467",".783",".333","12155"
"Luis Arraez","MIN","40","169","152","46","9","1","1","20","16","14","18","1","0",".302",".362",".395",".757",".332","18568"
"Alejandro Kirk","TOR","24","101","90","23","5","0","3","13","12","9","16","0","0",".260",".335",".433",".768",".332","22581"
"Nick Senzel","CIN","29","134","121","32","8","1","4","18","15","11","27","3","1",".267",".331",".438",".769",".332","19293"
"Evan Longoria","SFG","29","124","111","29","6","1","5","15","16","10","27","1","0",".258",".323",".453",".775",".332","9368"
"Brendan Rodgers","COL","45","199","183","50","11","1","6","24","25","12","43","1","0",".271",".325",".446",".771",".331","17907"
"Tyler O'Neill","STL","56","243","220","53","10","1","13","33","34","18","77","5","2",".241",".305",".473",".778",".331","15711"
"Miguel Sano","MIN","55","229","202","44","9","0","14","30","34","25","86","1","0",".218",".307",".467",".774",".331","12164"
"Aristides Aquino","CIN","23","105","95","22","4","0","6","14","15","9","32","1","1",".230",".302",".478",".780",".331","15482"
"Robinson Chirinos","CHC","11","43","37","8","2","0","2","5","6","5","13","0","0",".224",".326",".438",".764",".331","3142"
"Ji-Man Choi","TBR","34","146","125","29","7","0","5","18","17","19","38","1","0",".236",".341",".416",".757",".331","5452"
"Travis d'Arnaud","ATL","23","88","80","21","4","0","4","11","11","7","20","0","0",".262",".321",".449",".770",".331","7739"
"Ian Happ","CHC","38","164","142","34","7","1","7","21","20","19","47","1","1",".235",".329",".434",".763",".331","17919"
"Randal Grichuk","TOR","51","225","209","52","11","1","12","30","32","13","52","1","0",".248",".295",".485",".780",".330","10243"
"Colton Welker","COL","3","13","12","3","1","0","0","2","2","1","3","0","0",".281",".334",".438",".772",".330","sa917962"
"Paul DeJong","STL","51","222","198","48","10","0","11","28","29","19","56","2","1",".241",".316",".453",".768",".330","18015"
"Kole Calhoun","ARI","47","202","177","42","8","1","8","25","26","21","47","1","0",".240",".326",".439",".764",".330","11200"
"Tim Anderson","CHW","58","250","235","67","12","1","8","33","29","12","56","9","3",".284",".322",".444",".766",".330","15172"
"Ke'Bryan Hayes","PIT","56","236","211","55","12","1","7","29","26","21","53","3","1",".261",".333",".427",".760",".330","18577"
"Cedric Mullins II","BAL","57","238","214","55","12","2","8","32","25","19","49","9","2",".258",".322",".445",".766",".330","17929"
"Ryan Mountcastle","BAL","54","224","207","54","11","1","10","28","29","13","61","2","1",".259",".308",".465",".772",".329","18373"
"Dominic Smith","NYM","49","217","196","50","11","0","8","26","27","17","51","1","0",".256",".323",".440",".763",".328","15653"
"Luis Robert","CHW","32","137","125","32","7","1","5","18","16","9","38","4","1",".258",".317",".446",".763",".328","20043"
"Ty France","SEA","51","218","193","50","10","0","7","25","25","16","41","1","0",".258",".333",".420",".753",".328","17982"
"J.D. Davis","NYM","50","219","195","48","10","0","9","26","27","20","62","1","0",".249",".327",".433",".760",".328","16219"
"Rowdy Tellez","MIL","26","115","103","25","5","0","5","13","16","10","25","0","0",".247",".318",".448",".766",".328","15679"
"Austin Slater","SFG","29","127","112","28","5","1","4","17","14","12","36","3","1",".252",".334",".417",".750",".328","16153"
"Max Stassi","LAA","37","142","126","30","5","0","7","18","19","12","41","0","0",".237",".315",".444",".759",".328","10059"
"Dansby Swanson","ATL","55","233","211","54","11","1","9","30","29","19","60","4","1",".255",".318",".451",".768",".328","18314"
"Matt Chapman","OAK","56","244","213","48","10","1","11","31","31","25","71","1","0",".227",".315",".445",".760",".327","16505"
"Luis Urias","MIL","52","230","203","51","10","1","7","28","26","22","50","2","1",".252",".335",".415",".750",".327","16622"
"Ryan Zimmerman","WSN","16","69","63","16","3","0","3","8","9","5","17","0","0",".252",".311",".452",".763",".327","4220"
"Tyler Naquin","CIN","45","202","184","47","9","1","9","26","26","14","51","2","1",".255",".313",".452",".764",".327","13359"
"Tyler Stephenson","CIN","29","121","107","28","6","0","3","15","13","11","26","0","0",".261",".336",".413",".749",".326","17988"
"Adam Frazier","SDP","52","231","208","58","12","2","3","28","24","17","30","3","1",".280",".342",".405",".747",".326","15223"
"Yuli Gurriel","HOU","55","239","218","59","13","1","7","29","29","16","29","2","0",".272",".325",".431",".756",".326","19198"
"Asdrubal Cabrera","ARI","16","70","62","16","4","0","2","8","8","6","15","0","0",".254",".325",".430",".754",".326","4962"
"Andrew Vaughn","CHW","49","211","190","48","11","0","7","25","26","16","48","1","0",".254",".320",".434",".754",".326","26197"
"Jeimer Candelario","DET","54","222","195","48","12","1","6","25","24","23","51","1","0",".248",".332",".416",".747",".325","13621"
"David Peralta","ARI","46","197","178","48","10","2","4","24","21","16","36","1","0",".271",".334",".417",".751",".325","2136"
"David Bote","CHC","21","92","81","20","4","0","3","11","11","8","22","1","0",".245",".324",".427",".751",".325","14593"
"Odubel Herrera","PHI","45","199","180","48","10","1","6","24","22","15","39","3","1",".265",".327",".423",".750",".325","11476"
"Yasiel Puig","","24","105","94","23","4","0","4","13","12","9","22","3","1",".247",".321",".430",".751",".325","14225"
"Brian Anderson","MIA","51","213","189","47","9","1","7","25","24","19","55","2","1",".249",".328",".420",".748",".325","18289"
"Josh Rojas","ARI","33","143","126","32","7","1","4","19","15","14","34","4","1",".250",".329",".418",".747",".325","19734"
"Rougned Odor","NYY","23","100","90","20","4","0","6","13","14","8","28","1","0",".225",".294",".469",".764",".325","12282"
"Jake Lamb","CHW","5","24","21","5","1","0","1","3","3","3","7","0","0",".220",".320",".430",".750",".325","13329"
"Keibert Ruiz","LAD","4","15","13","4","1","0","0","2","2","1","2","0","0",".267",".320",".435",".755",".324","19610"
"Lorenzo Cain","MIL","45","198","177","48","9","1","4","24","19","18","35","5","2",".271",".344",".394",".738",".324","9077"
"Austin Hays","BAL","42","175","160","41","8","1","7","22","21","11","39","2","1",".255",".308",".447",".755",".324","19363"
"Corey Dickerson","TOR","30","134","123","33","8","1","4","17","16","9","26","1","0",".269",".320",".436",".756",".324","10762"
"LaMonte Wade Jr.","SFG","17","73","62","15","3","0","2","9","8","8","15","1","0",".236",".334",".406",".740",".324","18126"
"Jean Segura","PHI","53","231","211","59","10","1","5","28","25","15","37","4","2",".281",".334",".412",".745",".324","5933"
"Kyle Seager","SEA","53","226","199","46","10","1","10","26","29","22","51","1","0",".230",".312",".442",".754",".323","9785"
"Raimel Tapia","COL","51","226","208","59","12","2","3","29","22","16","39","8","2",".284",".335",".410",".745",".323","14350"
"Connor Joe","COL","10","46","41","10","2","0","1","6","5","5","11","0","0",".249",".331",".408",".739",".323","16572"
"Renato Nunez","DET","1","5","4","1","0","0","0","1","1","0","1","0","0",".240",".308",".444",".752",".323","14503"
"Yoenis Cespedes","","24","105","94","22","4","0","5","13","15","8","27","1","0",".236",".303",".452",".756",".323","13110"
"Tommy La Stella","SFG","26","114","100","26","5","1","2","13","12","11","14","0","0",".263",".338",".397",".735",".322","12371"
"Cavan Biggio","TOR","51","225","193","44","10","1","8","29","25","29","59","3","1",".229",".331",".406",".737",".322","19252"
"Christian Walker","ARI","49","210","189","47","11","1","7","25","25","17","51","1","0",".249",".315",".433",".749",".322","13419"
"Matt Joyce","PHI","9","41","35","8","2","0","1","5","5","5","9","0","0",".234",".336",".398",".734",".322","3353"
"Ben Gamel","PIT","42","178","158","40","9","1","4","21","18","18","45","2","1",".254",".333",".405",".738",".322","12160"
"Mike Zunino","TBR","32","126","112","23","4","0","8","16","20","11","46","0","0",".205",".290",".461",".751",".321","13265"
"Anthony Santander","BAL","52","216","198","49","12","1","9","26","27","14","48","1","0",".248",".303",".450",".753",".321","14551"
"Ryan Braun","","16","70","63","16","3","0","3","9","8","5","15","1","0",".254",".314",".431",".745",".321","3410"
"Adam Duvall","MIA","46","193","175","39","8","1","11","23","28","14","58","1","0",".226",".290",".466",".756",".321","10950"
"Kyle Lewis","SEA","18","77","69","17","3","0","3","9","9","8","22","1","0",".241",".318",".420",".738",".320","19508"
"Dylan Carlson","STL","55","238","211","52","11","1","7","28","25","22","59","2","1",".248",".326",".409",".735",".320","20126"
"Jarren Duran","BOS","41","175","159","42","9","1","4","23","17","13","46","5","1",".261",".322",".416",".738",".320","24617"
"Jed Lowrie","OAK","38","163","144","36","8","0","5","18","19","16","35","0","0",".247",".322",".416",".738",".320","4418"
"Colin Moran","PIT","38","163","146","37","7","0","5","18","20","13","39","0","0",".255",".321",".419",".740",".320","16909"
"Harold Ramirez","CLE","39","166","154","42","9","1","4","19","18","9","31","2","1",".275",".322",".418",".740",".320","14387"
"Eric Hosmer","SDP","44","197","179","48","8","0","6","23","24","15","38","2","1",".266",".324",".415",".739",".320","3516"
"Keston Hiura","MIL","29","126","113","27","6","1","5","16","16","9","42","2","1",".238",".310",".430",".740",".319","20003"
"Yan Gomes","WSN","30","121","110","28","6","0","4","14","16","8","28","0","0",".253",".313",".432",".745",".319","9627"
"Abraham Almonte","ATL","14","61","53","13","3","0","2","8","6","7","13","1","0",".238",".328",".403",".731",".319","5486"
"Didi Gregorius","PHI","48","212","194","49","9","1","9","25","27","13","35","2","1",".253",".305",".444",".749",".319","6012"
"Taylor Ward","LAA","17","72","64","16","3","0","2","9","8","7","18","1","0",".244",".321",".411",".731",".318","17548"
"Pavin Smith","ARI","46","197","178","46","10","1","5","23","21","16","34","1","0",".258",".322",".409",".731",".317","19892"
"Garrett Hampson","COL","35","156","143","37","7","2","4","21","16","11","38","6","1",".261",".316",".418",".734",".317","19262"
"Jake Fraley","SEA","32","136","118","27","6","1","5","17","14","14","36","4","1",".230",".321",".409",".729",".317","19260"
"Ryan O'Hearn","KCR","35","151","135","31","7","1","7","17","20","13","42","1","0",".232",".302",".439",".742",".317","16442"
"Gio Urshela","NYY","56","240","221","57","11","0","8","28","29","15","52","1","0",".260",".310",".424",".734",".317","10681"
"Nolan Jones","CLE","8","35","31","7","2","0","1","4","4","4","12","0","0",".233",".327",".394",".721",".316","sa917941"
"Elias Diaz","COL","34","138","126","32","6","0","5","16","17","10","26","0","0",".257",".313",".418",".732",".316","11680"
"Christian Arroyo","BOS","29","125","115","29","6","0","4","15","15","7","31","1","0",".254",".309",".424",".733",".316","16434"
"Manuel Margot","TBR","33","143","131","34","6","1","4","19","15","11","25","5","1",".258",".317",".415",".732",".316","14712"
"D.J. Stewart","BAL","30","127","109","24","5","0","5","15","14","14","37","1","0",".218",".318",".406",".723",".316","17766"
"Bobby Bradley","CLE","49","206","183","40","8","1","10","25","28","19","74","1","0",".217",".298",".440",".738",".316","17278"
"Mike Brosseau","TBR","7","29","26","6","1","0","1","4","3","2","8","0","0",".239",".312",".415",".728",".316","19683"
"Vidal Brujan","TBR","9","37","34","9","2","0","1","5","4","3","7","2","0",".260",".326",".398",".723",".316","20536"
"Daulton Varsho","ARI","26","103","92","22","5","1","3","13","11","9","24","2","0",".238",".311",".420",".731",".315","19918"
"Brian Goodwin","CHW","27","116","103","24","5","0","4","14","14","11","33","1","0",".234",".310",".420",".729",".315","12858"
"Chris Gittens","NYY","3","11","10","2","0","0","0","1","1","1","4","0","0",".219",".315",".406",".720",".315","18482"
"Hunter Dozier","KCR","52","221","198","46","10","2","8","26","26","20","60","2","1",".233",".307",".421",".728",".315","15117"
"Wilson Ramos","CLE","7","27","25","7","1","0","1","3","3","2","5","0","0",".261",".315",".412",".728",".315","1433"
"Patrick Wisdom","CHC","48","209","187","40","8","0","12","26","30","18","75","2","1",".214",".289",".449",".738",".315","13602"
"Travis Shaw","MIL","16","70","61","14","3","0","3","8","9","7","18","0","0",".223",".312",".413",".725",".314","11982"
"Akil Baddoo","DET","47","192","171","39","8","2","6","25","20","19","55","6","2",".230",".310",".416",".727",".314","22168"
"Trevor Larnach","MIN","46","194","172","41","8","1","6","23","21","18","61","1","0",".240",".319",".402",".721",".314","21501"
"Billy McKinney","LAD","12","54","48","11","3","0","2","7","7","5","14","0","0",".230",".303",".427",".730",".314","15654"
"Edwin Encarnacion","","16","70","61","13","2","0","3","8","9","7","18","0","0",".213",".303",".421",".724",".314","2151"
"Adam Engel","CHW","30","132","120","29","6","1","5","17","14","8","33","3","1",".242",".304",".420",".725",".314","15082"
"Josh VanMeter","ARI","17","75","66","15","4","0","2","9","8","8","20","1","0",".229",".312",".410",".721",".313","15170"
"Andy Young","ARI","7","29","26","6","1","0","1","3","4","2","9","0","0",".228",".301",".422",".723",".313","19521"
"Jedd Gyorko","","11","49","43","10","2","0","2","6","6","5","12","0","0",".229",".308",".413",".721",".313","10816"
"Alec Bohm","PHI","51","225","205","53","10","1","6","26","25","17","54","2","1",".258",".318",".402",".720",".313","21618"
"Adam Eaton","LAA","26","109","96","24","4","1","2","13","10","10","23","2","1",".249",".328",".382",".710",".313","11205"
"Miguel Andujar","NYY","20","86","81","21","4","0","3","10","10","4","16","0","0",".257",".299",".432",".731",".313","15878"
"Jacob Stallings","PIT","35","134","120","30","6","0","4","14","16","11","30","0","0",".246",".315",".404",".719",".312","13723"
"Miguel Cabrera","DET","51","213","192","49","9","0","6","23","24","18","49","0","0",".253",".318",".401",".719",".312","1744"
"Jason Heyward","CHC","42","182","160","39","7","1","5","21","19","18","36","2","1",".240",".323",".391",".714",".312","4940"
"Isaac Paredes","DET","22","90","81","20","4","0","2","10","9","7","14","0","0",".254",".324",".391",".715",".312","20036"
"Matt Carpenter","STL","28","122","103","22","5","0","4","14","13","16","36","1","0",".211",".326",".383",".709",".312","8090"
"Aledmys Diaz","HOU","20","88","80","20","4","0","3","10","11","6","15","0","0",".252",".308",".417",".725",".312","15937"
"Josh Harrison","WSN","54","240","216","57","11","1","5","27","24","15","39","4","1",".262",".324",".388",".712",".312","8202"
"Gavin Lux","LAD","36","162","146","36","7","1","4","21","17","15","40","2","1",".247",".317",".401",".718",".312","19955"
"Miguel Rojas","MIA","52","218","198","54","10","1","3","24","21","15","32","4","1",".272",".330",".382",".712",".312","7802"
"Amed Rosario","CLE","42","180","167","46","8","2","3","22","17","10","37","4","1",".275",".317",".403",".720",".312","15518"
"Jazz Chisholm","MIA","42","177","159","37","6","2","7","23","19","15","58","6","2",".231",".303",".417",".720",".312","20454"
"Yonathan Daza","COL","20","86","80","23","5","1","1","10","8","5","15","1","1",".283",".324",".392",".716",".312","15794"
"Willie Calhoun","TEX","22","92","83","20","4","0","3","10","10","7","13","0","0",".246",".312",".406",".718",".312","17838"
"Gregory Polanco","PIT","43","184","164","36","8","1","8","23","23","18","53","5","1",".221",".299",".428",".727",".312","12907"
"Gavin Sheets","CHW","40","171","154","37","7","0","6","19","20","15","40","1","0",".239",".308",".408",".716",".311","19901"
"Matt Duffy","CHC","15","66","58","16","3","0","1","7","6","6","11","1","0",".266",".337",".366",".702",".311","13836"
"Matt Beaty","LAD","18","81","73","18","4","0","2","10","9","6","15","0","0",".250",".316",".397",".713",".311","17710"
"Tim Beckham","CHW","4","16","15","4","1","0","1","2","2","1","4","0","0",".241",".298",".423",".720",".311","7949"
"Danny Santana","BOS","12","49","45","11","2","0","2","7","6","3","13","1","0",".241",".297",".427",".724",".310","10322"
"Sean Murphy","OAK","38","149","132","29","6","0","6","17","18","13","39","0","0",".223",".303",".412",".715",".310","19352"
"Freddy Galvis","BAL","38","158","144","36","7","1","6","18","18","11","35","1","0",".246",".300",".421",".721",".310","6609"
"Lourdes Gurriel Jr.","TOR","52","230","215","54","11","1","9","28","28","12","50","2","1",".252",".295",".426",".721",".309","19238"
"Clint Frazier","NYY","28","119","105","23","5","0","4","14","13","12","34","1","0",".224",".310",".397",".707",".309","15983"
"Ryan Jeffers","MIN","19","74","66","15","3","0","3","9","9","7","22","0","0",".227",".303",".407",".711",".309","24618"
"Ehire Adrianza","ATL","20","84","75","19","4","0","2","10","8","7","16","1","0",".250",".321",".386",".706",".309","8418"
"Tyrone Taylor","MIL","15","64","58","14","3","0","3","7","8","4","15","1","0",".236",".296",".422",".718",".309","13675"
"Starlin Castro","WSN","1","5","5","1","0","0","0","1","1","0","1","0","0",".268",".316",".397",".713",".309","4579"
"Ramon Urias","BAL","18","77","69","16","3","0","2","9","8","6","20","1","0",".239",".311",".396",".707",".309","18795"
"Lewin Diaz","MIA","10","41","38","9","2","0","2","4","6","2","10","0","0",".235",".287",".442",".729",".309","18365"
"Danny Jansen","TOR","26","106","94","21","4","0","4","13","12","10","25","0","0",".222",".307",".402",".709",".309","16535"
"Curtis Terry","TEX","21","87","80","19","4","0","3","10","10","5","25","0","0",".234",".295",".419",".715",".308","18881"
"William Contreras","ATL","8","30","28","7","1","0","1","3","4","2","8","0","0",".246",".302",".412",".714",".308","20503"
"Luis Torrens","SEA","32","130","117","27","5","0","5","14","16","10","32","0","0",".233",".299",".415",".714",".308","15905"
"Jose Miranda","MIN","25","103","95","24","5","0","3","11","12","6","16","0","0",".255",".306",".411",".717",".308","sa917952"
"Tommy Edman","STL","54","233","214","57","11","2","4","29","21","15","38","8","2",".264",".316",".390",".706",".308","19470"
"Manny Pina","MIL","21","83","74","17","3","0","3","9","10","7","19","0","0",".234",".305",".403",".709",".308","2829"
"Kyle Farmer","CIN","23","105","96","24","5","0","3","12","12","6","21","1","0",".247",".303",".408",".711",".308","14813"
"Maikel Franco","BAL","46","193","178","43","8","0","8","21","24","13","32","0","0",".242",".295",".426",".721",".307","12179"
"Bobby Dalbec","BOS","40","172","155","34","7","1","8","21","22","13","63","1","0",".220",".290",".426",".716",".307","19966"
"Nick Solak","TEX","43","179","162","40","7","1","5","20","18","13","41","3","1",".248",".313",".389",".702",".307","19294"
"Yoshi Tsutsugo","LAD","1","3","3","1","0","0","0","0","0","0","1","0","0",".215",".308",".395",".703",".307","27459"
"Yadier Molina","STL","45","177","160","41","8","0","5","19","20","10","30","1","0",".256",".306",".403",".709",".307","7007"
"Austin Barnes","LAD","22","92","80","18","4","0","3","11","10","9","23","1","0",".229",".317",".381",".698",".307","12158"
"John Nogowski","PIT","24","102","90","22","4","0","2","10","10","10","17","0","0",".246",".325",".369",".694",".306","16852"
"Abraham Toro","SEA","12","51","46","11","2","0","2","6","5","4","11","1","0",".232",".307",".397",".704",".306","19844"
"Pablo Sandoval","ATL","8","33","30","7","1","0","1","4","4","3","8","0","0",".232",".299",".410",".709",".306","5409"
"Yadiel Hernandez","WSN","6","28","25","6","1","0","1","3","3","3","7","0","0",".242",".315",".390",".705",".306","19334"
"Eric Haase","DET","42","164","149","31","6","1","9","19","23","12","60","1","0",".211",".275",".441",".716",".306","14111"
"Zack Short","DET","19","80","70","15","3","0","3","9","9","9","24","1","0",".210",".310",".387",".696",".306","19562"
"Kurt Suzuki","LAA","22","85","76","18","3","0","3","10","10","5","16","0","0",".239",".305",".397",".702",".306","8259"
"Joey Wendle","TBR","43","189","172","44","10","1","4","22","19","12","42","5","1",".255",".313",".393",".706",".306","13853"
"Jake Marisnick","CHC","26","115","104","24","5","1","5","14","13","7","35","3","1",".227",".290",".419",".709",".306","11339"
"Jason Castro","HOU","20","78","67","14","3","0","2","9","9","9","25","0","0",".212",".315",".378",".692",".305","8722"
"Jose Marmolejos","SEA","6","26","23","5","1","0","1","3","3","2","7","0","0",".230",".304",".402",".706",".305","15767"
"Mitch Moreland","OAK","37","158","141","31","6","0","7","18","19","14","39","0","0",".223",".298",".408",".707",".305","3086"
"Chas McCormick","HOU","22","96","86","20","4","0","3","12","11","8","23","2","0",".234",".305",".397",".701",".305","19599"
"Thairo Estrada","SFG","19","81","74","19","3","0","2","9","8","5","18","1","0",".260",".312",".388",".700",".305","16426"
"Jace Peterson","MIL","13","59","51","12","2","0","1","7","6","7","14","1","0",".227",".322",".365",".688",".305","12325"
"Stephen Vogt","ATL","19","76","68","15","3","0","3","9","9","7","18","0","0",".228",".299",".408",".707",".305","5000"
"Hoy Jun Park","PIT","9","39","34","8","2","0","1","4","3","4","9","1","0",".237",".329",".358",".687",".305","18027"
"Jesus Sanchez","MIA","41","172","159","39","8","1","5","18","19","11","44","1","0",".248",".301",".407",".707",".305","19913"
"Michael Chavis","BOS","5","21","19","4","1","0","1","3","2","1","7","0","0",".232",".291",".415",".706",".304","17321"
"Jonathan Villar","NYM","40","175","157","38","6","1","5","23","17","15","47","9","2",".240",".310",".387",".697",".304","10071"
"Austin Nola","SDP","31","126","113","27","6","0","3","14","14","11","25","0","0",".243",".317",".376",".693",".304","15941"
"Alex Avila","WSN","16","63","52","10","2","0","2","7","7","9","22","0","0",".202",".329",".353",".682",".304","7476"
"Tyler Nevin","BAL","3","11","10","2","0","0","0","1","1","1","2","0","0",".241",".305",".393",".698",".304","17893"
"Carter Kieboom","WSN","25","110","97","23","5","0","2","12","11","10","27","1","0",".240",".321",".368",".688",".304","19958"
"Jurickson Profar","SDP","23","103","91","22","5","0","2","12","10","10","16","2","1",".238",".318",".371",".689",".304","10815"
"Victor Robles","WSN","52","231","204","49","11","1","4","28","20","17","56","8","2",".239",".320",".370",".690",".303","18363"
"Ha-seong Kim","SDP","20","88","80","19","4","1","3","10","10","7","19","2","0",".238",".301",".401",".702",".303","27506"
"Matt Thaiss","LAA","1","3","3","1","0","0","0","0","0","0","1","0","0",".226",".306",".387",".693",".303","19318"
"Adolis Garcia","TEX","56","233","216","49","10","1","11","28","30","12","76","4","1",".227",".273",".438",".711",".303","19287"
"Adalberto Mondesi","KCR","38","162","150","36","7","2","6","23","17","8","48","11","2",".239",".281",".431",".712",".303","13769"
"Phillip Evans","PIT","33","139","125","30","6","0","3","15","14","12","28","1","0",".239",".313",".376",".688",".303","12950"
"David Fletcher","LAA","57","237","220","62","12","1","2","27","21","14","27","3","1",".280",".325",".363",".689",".303","17992"
"Brent Rooker","MIN","16","68","61","13","3","0","3","8","8","6","24","0","0",".216",".296",".402",".698",".302","19627"
"Jake Burger","CHW","5","21","19","5","1","0","1","2","2","1","5","0","0",".240",".297",".402",".700",".302","22275"
"Curt Casali","SFG","15","59","52","12","2","0","2","6","7","6","17","0","0",".223",".309",".384",".693",".302","12510"
"Orlando Arcia","ATL","32","134","123","31","5","0","4","16","15","9","25","2","1",".254",".304",".396",".700",".302","13185"
"Jose Iglesias","LAA","51","212","200","54","10","1","4","24","22","8","33","2","1",".270",".305",".392",".697",".302","10231"
"Kyle Garlick","MIN","1","5","4","1","0","0","0","1","1","0","2","0","0",".224",".284",".418",".702",".302","18063"
"Johan Camargo","ATL","5","20","19","5","1","0","1","2","2","2","5","0","0",".244",".304",".392",".696",".302","14950"
"Alejo Lopez","CIN","7","34","31","8","2","0","0","4","3","2","5","0","0",".267",".324",".361",".685",".301","21127"
"Ryan McKenna","BAL","4","18","16","4","1","0","0","2","2","2","5","0","0",".234",".310",".376",".686",".301","19928"
"Tom Murphy","SEA","18","71","64","14","3","0","3","8","9","6","24","0","0",".210",".280",".419",".699",".301","13499"
"Victor Caratini","SDP","24","97","86","21","4","0","2","10","11","9","23","0","0",".239",".319",".372",".691",".301","14968"
"Brett Cumberland","BAL","4","15","13","3","1","0","0","2","1","1","5","0","0",".202",".308",".370",".678",".300","sa915611"
"Joshua Fuentes","COL","33","145","136","34","8","1","4","16","17","6","37","1","0",".252",".289",".410",".700",".300","16885"
"Donovan Solano","SFG","48","208","192","51","10","1","3","21","20","12","41","1","0",".268",".315",".371",".685",".300","8623"
"Tucker Barnhart","CIN","35","147","131","30","6","0","4","16","15","14","37","0","0",".232",".311",".374",".685",".300","10200"
"Chad Pinder","OAK","32","137","124","29","6","0","5","15","15","9","36","0","0",".232",".295",".395",".690",".300","15191"
"Chris Owings","COL","5","21","20","5","1","0","1","3","2","1","6","1","0",".239",".295",".399",".694",".300","10030"
"Luis Campusano","SDP","3","11","10","3","1","0","0","1","1","1","2","0","0",".248",".306",".382",".688",".300","22217"
"Heliot Ramos","SFG","2","8","7","2","0","0","0","1","1","1","2","0","0",".240",".304",".384",".688",".300","sa3004693"
"Rio Ruiz","COL","10","43","39","9","2","0","1","5","5","3","10","0","0",".237",".300",".391",".690",".299","14103"
"Jeter Downs","BOS","1","5","4","1","0","0","0","1","1","0","1","0","0",".227",".293",".399",".692",".299","sa3004615"
"Phil Gosselin","LAA","18","75","68","17","3","0","2","8","8","6","18","0","0",".245",".306",".380",".685",".299","10953"
"Luis Garcia","WSN","20","88","83","21","4","0","2","10","10","5","18","1","0",".258",".300",".391",".691",".299","20391"
"Ka'ai Tom","PIT","12","53","47","10","2","0","1","6","5","5","14","1","0",".223",".307",".376",".684",".299","18136"
"Brett Gardner","NYY","42","179","155","34","6","1","4","21","15","20","41","2","1",".221",".314",".360",".674",".299","9927"
"Francisco Mejia","TBR","28","112","103","25","5","0","3","12","13","7","25","0","0",".240",".295",".396",".691",".299","16403"
"Robert Witt Jr.","KCR","7","30","28","7","1","0","1","3","3","2","7","0","0",".242",".291",".401",".692",".299","sa3011225"
"Marwin Gonzalez","BOS","28","120","108","26","6","0","3","14","12","9","28","1","0",".241",".307",".375",".682",".299","5497"
"Tony Kemp","OAK","33","143","124","29","5","1","2","16","11","15","25","3","1",".236",".325",".343",".668",".298","14894"
"Cal Raleigh","SEA","27","106","97","22","5","0","4","11","13","8","25","1","0",".223",".284",".411",".695",".298","21534"
"Shogo Akiyama","CIN","25","114","102","25","5","0","2","13","10","10","25","2","1",".246",".319",".354",".674",".298","27461"
"Steven Duggar","SFG","35","151","136","32","8","1","3","17","14","13","47","3","1",".236",".306",".379",".684",".298","17719"
"Rodolfo Castro","PIT","22","92","85","20","4","0","3","10","11","6","25","1","0",".233",".286",".408",".695",".298","21987"
"Austin Dean","STL","1","3","3","1","0","0","0","0","0","0","1","0","0",".239",".300",".385",".685",".298","18288"
"Zack Collins","CHW","29","114","97","19","4","0","4","13","12","15","38","0","0",".197",".309",".363",".672",".298","19181"
"James McCann","NYM","40","164","149","35","5","0","5","18","18","12","49","1","0",".233",".298",".384",".681",".297","12859"
"Zach McKinstry","LAD","24","108","98","23","5","1","3","13","12","8","29","1","0",".230",".296",".388",".684",".297","19392"
"Stuart Fairchild","ARI","13","57","52","12","3","0","1","6","6","4","15","1","0",".236",".300",".382",".682",".297","20321"
"Kyle Higashioka","NYY","19","74","68","15","3","0","4","8","10","5","21","0","0",".213",".273",".422",".695",".297","5517"
"Kevin Plawecki","BOS","16","62","56","13","3","0","1","7","6","4","13","0","0",".239",".305",".373",".678",".297","13807"
"Taylor Walls","TBR","20","88","78","18","4","0","2","10","8","9","23","2","1",".231",".311",".365",".675",".297","22458"
"Jackie Bradley Jr.","MIL","38","169","149","33","7","1","5","19","17","15","45","3","1",".221",".303",".374",".678",".297","12984"
"Brandon Marsh","LAA","20","85","76","18","4","0","2","10","8","8","25","1","0",".235",".309",".369",".679",".297","20202"
"Edward Olivares","KCR","9","41","38","9","2","0","1","5","4","2","9","1","0",".246",".295",".392",".687",".297","19698"
"Kevin Smith","TOR","5","20","19","4","1","0","1","3","2","1","7","0","0",".221",".279",".412",".691",".297","sa915864"
"Yusniel Diaz","BAL","12","50","46","10","2","0","2","6","5","4","13","0","0",".230",".297",".383",".680",".296","sa912848"
"Daniel Robertson","MIL","1","3","3","1","0","0","0","0","0","0","1","0","0",".224",".318",".345",".663",".296","14145"
"Daz Cameron","DET","39","161","145","33","7","2","4","19","15","12","45","4","1",".230",".297",".383",".680",".296","18353"
"Pedro Severino","BAL","34","130","117","27","4","0","4","14","13","11","31","1","0",".228",".301",".376",".677",".296","14523"
"Andrew Waters","ATL","19","81","75","18","5","0","2","10","8","5","27","2","0",".242",".296",".386",".682",".296","sa3004378"
"Nico Hoerner","CHC","50","217","197","51","10","1","2","23","18","16","37","4","2",".261",".321",".353",".674",".296","21479"
"Willi Castro","DET","32","134","123","30","6","1","3","15","13","8","34","2","1",".247",".297",".386",".684",".296","17338"
"Bradley Zimmer","CLE","37","157","138","30","6","1","4","19","14","15","56","5","1",".217",".307",".361",".669",".296","16221"
"Guillermo Heredia","ATL","30","127","113","27","6","0","2","14","12","10","29","1","0",".238",".312",".359",".671",".296","18721"
"Mike Ford","TBR","1","3","3","1","0","0","0","0","0","0","1","0","0",".206",".297",".382",".679",".296","15585"
"Joshua Jung","TEX","21","87","80","20","4","0","2","9","9","6","20","1","0",".244",".299",".382",".681",".296","sa3011468"
"Daniel Johnson Jr.","CLE","13","57","52","12","3","0","2","7","6","4","17","1","0",".230",".290",".393",".683",".296","19643"
"Lars Nootbaar","STL","5","24","22","5","1","0","1","3","2","2","5","0","0",".238",".310",".367",".677",".295","21454"
"David Dahl","TEX","38","161","148","35","8","1","4","17","16","10","44","2","1",".240",".293",".388",".682",".295","13744"
"Ryan McBroom","KCR","4","19","17","4","1","0","1","2","2","1","5","0","0",".231",".291",".390",".682",".295","16524"
"Kevin Pillar","NYM","29","129","121","29","6","0","4","14","15","6","28","2","1",".240",".282",".404",".686",".295","12434"
"Willians Astudillo","MIN","7","29","27","7","1","0","1","3","3","1","2","0","0",".258",".294",".389",".683",".295","15608"
"Isiah Kiner-Falefa","TEX","58","242","224","58","10","1","4","26","20","13","40","6","2",".259",".308",".363",".671",".295","16512"
"Andres Gimenez","CLE","23","98","90","22","4","1","2","12","9","5","25","3","1",".242",".296",".381",".678",".295","19950"
"Zack Cozart","","10","42","37","8","2","0","1","4","4","3","8","0","0",".226",".299",".371",".671",".294","2616"
"Christian Vazquez","BOS","44","172","158","39","7","0","4","20","17","11","35","3","1",".248",".301",".374",".674",".294","9774"
"Jarred Kelenic","SEA","43","182","164","36","7","1","6","20","18","16","48","4","1",".222",".294",".381",".675",".294","22558"
"Rylan Bannon","BAL","6","26","24","5","1","0","1","3","3","2","6","0","0",".225",".298",".375",".672",".294","sa3004162"
"Mike Tauchman","SFG","24","105","93","21","5","1","2","12","9","11","27","2","1",".227",".310",".357",".667",".294","15274"
"J.P. Crawford","SEA","56","241","215","51","10","1","3","25","19","23","45","3","1",".238",".316",".345",".661",".294","15491"
"Alan Trejo","COL","3","13","12","3","1","0","0","1","1","1","3","0","0",".245",".288",".393",".681",".294","20056"
"Stephen Piscotty","OAK","30","130","117","26","5","0","4","14","14","10","33","1","0",".225",".293",".380",".672",".294","13367"
"Owen Miller","CLE","8","35","32","8","2","0","1","4","3","2","9","0","0",".247",".304",".366",".670",".294","24655"
"Josh Reddick","ARI","15","65","59","15","3","0","1","7","6","5","12","0","0",".251",".304",".369",".673",".293","3892"
"John Hicks","TEX","2","7","6","1","0","0","0","1","1","0","2","0","0",".228",".277",".403",".680",".293","12547"
"Jon Berti","MIA","24","102","90","21","4","1","1","12","7","10","25","4","1",".235",".318",".337",".655",".293","12037"
"Dom Nunez","COL","24","98","86","18","4","0","4","11","12","10","31","1","0",".204",".293",".384",".676",".293","15055"
"Jordy Mercer","WSN","12","52","48","12","2","0","1","5","6","4","12","0","0",".244",".300",".375",".676",".293","6547"
"Roberto Perez","CLE","33","129","113","23","4","0","5","14","14","13","41","1","0",".206",".295",".371",".665",".293","2900"
"Andy Ibanez","TEX","28","117","107","26","6","0","3","12","12","8","21","1","0",".238",".296",".378",".674",".292","18819"
"Jake Rogers","DET","8","32","28","6","1","0","1","3","4","3","11","0","0",".205",".284",".387",".671",".292","19452"
"Franchy Cordero","BOS","19","81","74","17","4","1","2","10","8","6","28","1","1",".228",".293",".381",".674",".292","14567"
"Yariel Gonzalez","DET","5","19","18","4","1","0","0","2","2","1","4","0","0",".242",".295",".382",".676",".292","sa920278"
"Leury Garcia","CHW","41","177","161","41","7","1","2","19","14","12","41","2","1",".252",".310",".352",".662",".292","5913"
"Luis Rengifo","LAA","14","60","54","13","2","0","1","7","5","5","13","1","0",".233",".302",".362",".664",".292","19858"
"Dylan Moore","SEA","37","156","140","29","6","1","6","19","15","13","46","7","2",".210",".288",".380",".668",".292","18042"
"Matt Kemp","","10","42","38","9","2","0","1","4","5","3","12","0","0",".226",".287",".386",".673",".291","5631"
"Marcus Wilson","BOS","1","3","3","1","0","0","0","0","0","0","1","0","0",".215",".292",".372",".664",".291","sa828703"
"Jaylin Davis","SFG","6","27","25","5","1","0","1","3","3","2","9","0","0",".222",".290",".378",".668",".291","19552"
"Emmanuel Rivera","KCR","14","62","58","14","3","0","1","6","7","3","12","0","0",".247",".291",".381",".672",".291","19890"
"Sam Hilliard","COL","32","143","130","28","6","1","5","17","17","11","51","3","1",".214",".280",".399",".678",".291","17954"
"Micker Adolfo","CHW","1","3","3","1","0","0","0","0","0","0","1","0","0",".214",".281",".388",".669",".291","sa830303"
"Michael A. Taylor","KCR","40","170","156","36","7","1","5","20","18","12","51","4","1",".228",".286",".382",".668",".290","11489"
"Max Schrock","CIN","2","8","8","2","0","0","0","1","1","1","2","0","0",".243",".299",".366",".665",".290","17750"
"Gilberto Celestino","MIN","5","20","19","5","1","0","0","2","2","1","5","0","0",".241",".295",".371",".666",".290","20233"
"Brian O'Grady","SDP","1","3","3","1","0","0","0","0","0","0","1","0","0",".209",".285",".386",".672",".290","16729"
"Domingo Leyba","BAL","24","100","92","21","5","0","3","10","10","7","21","0","0",".234",".289",".379",".668",".290","16404"
"Jake Bauers","SEA","28","118","103","22","5","0","3","12","11","12","31","2","1",".215",".303",".352",".655",".290","15194"
"Estevan Florial","NYY","9","38","34","7","1","0","1","4","4","3","14","1","0",".213",".289",".375",".664",".290","19151"
"Luke Raley","LAD","4","19","17","4","1","0","1","2","2","1","6","0","0",".221",".291",".372",".663",".290","19354"
"Alex Blandino","CIN","1","3","3","1","0","0","0","0","0","0","1","0","0",".213",".308",".337",".645",".290","16271"
"Adam Haseley","PHI","9","39","35","8","2","0","1","4","4","3","9","0","0",".243",".305",".356",".661",".289","19878"
"Jake Cave","MIN","22","90","81","18","4","1","2","10","9","7","30","1","0",".224",".293",".368",".661",".289","14477"
"Jo Adell","LAA","19","80","74","16","3","0","3","9","9","5","28","1","0",".222",".275",".394",".669",".289","20220"
"Oscar Mercado","CLE","33","138","125","29","7","1","3","16","12","10","30","5","1",".233",".295",".366",".661",".289","16375"
"Cristian Pache","ATL","26","111","104","25","5","1","3","13","11","6","32","2","0",".240",".287",".380",".667",".289","19948"
"Rob Refsnyder","MIN","4","17","16","4","1","0","0","2","2","1","5","0","0",".228",".301",".357",".657",".289","13770"
"Jahmai Jones","BAL","28","118","107","24","5","0","3","13","11","10","30","2","1",".228",".298",".359",".657",".289","18872"
"Niko Goodrum","DET","28","117","105","23","5","1","3","14","11","10","39","4","1",".216",".288",".374",".662",".289","12092"
"Luis Guillorme","NYM","25","113","99","24","4","0","1","11","9","12","20","1","0",".243",".327",".316",".643",".289","16451"
"Mauricio Dubon","SFG","12","51","48","12","2","0","1","6","5","3","11","1","0",".247",".293",".372",".665",".288","16530"
"Jorge Alfaro","MIA","37","143","132","31","5","0","4","15","15","7","49","2","1",".235",".289",".372",".661",".288","12180"
"Kevin Newman","PIT","54","228","212","55","10","1","2","23","20","13","26","3","1",".262",".307",".351",".658",".288","17696"
"Jacob Meyers","HOU","4","18","16","4","1","0","0","2","2","1","5","0","0",".229",".288",".372",".660",".288","sa3004621"
"Ender Inciarte","ATL","12","51","46","11","2","0","1","6","4","4","10","1","0",".241",".306",".346",".653",".288","4922"
"Chance Sisco","NYM","4","17","15","3","1","0","0","2","2","2","5","0","0",".210",".306",".336",".643",".288","15694"
"Brock Holt","TEX","24","102","90","21","4","0","1","10","8","9","19","1","0",".238",".316",".326",".642",".287","9345"
"Zach Reks","LAD","1","3","3","1","0","0","0","0","0","0","1","0","0",".221",".293",".362",".654",".287","19667"
"Victor Reyes","DET","12","52","48","12","2","1","1","6","5","3","12","1","0",".253",".295",".367",".662",".287","15487"
"Jonathan Arauz","BOS","1","5","4","1","0","0","0","1","0","0","1","0","0",".229",".292",".366",".658",".287","20275"
"Nick Maton","PHI","2","8","7","2","0","0","0","1","1","1","2","0","0",".227",".297",".357",".655",".287","21635"
"Isan Diaz","MIA","18","74","65","14","3","0","2","7","7","7","22","1","0",".210",".297",".357",".654",".287","17922"
"Jose Rojas","LAA","3","13","12","3","1","0","0","1","1","1","3","0","0",".222",".279",".387",".666",".287","19331"
"Rafael Ortega","CHC","21","92","83","19","4","1","2","10","8","8","19","2","1",".233",".299",".355",".654",".287","10323"
"Jose Peraza","NYM","7","33","30","7","1","0","1","3","3","2","6","1","0",".244",".290",".370",".660",".287","13593"
"Travis Jankowski","PHI","9","39","34","8","1","0","0","4","3","4","9","1","1",".242",".323",".317",".639",".287","13768"
"Chris Herrmann","BOS","1","2","2","0","0","0","0","0","0","0","1","0","0",".209",".295",".357",".652",".287","9284"
"Matt Vierling","PHI","2","8","7","2","0","0","0","1","1","1","2","0","0",".236",".291",".367",".658",".287","21558"
"Albert Pujols","LAD","17","78","74","17","3","0","4","9","10","3","13","0","0",".228",".262",".412",".674",".287","1177"
"Myles Straw","HOU","47","205","183","46","8","1","1","24","14","19","43","9","2",".252",".322",".317",".639",".287","17620"
"Kevan Smith","ATL","8","32","29","7","1","0","1","3","3","2","7","0","0",".241",".305",".347",".652",".287","12284"
"Austin Allen","OAK","5","19","17","4","1","0","1","2","2","1","5","0","0",".228",".281",".381",".662",".286","18083"
"Patrick Mazeika","NYM","2","7","6","1","0","0","0","1","1","1","1","0","0",".225",".293",".357",".650",".286","18142"
"Michael Perez","PIT","25","98","88","19","4","0","3","10","11","8","27","0","0",".212",".283",".374",".657",".286","12977"
"Seth Brown","OAK","28","119","108","23","5","1","4","13","13","9","37","1","0",".210",".275",".386",".661",".285","18171"
"Nick Ahmed","ARI","50","215","195","46","10","1","4","23","20","15","48","3","1",".236",".294",".360",".654",".285","12147"
"Gregory Deichmann","CHC","7","29","26","6","1","0","1","3","3","3","9","0","0",".213",".294",".351",".646",".285","sa3004977"
"Juan Lagares","LAA","5","20","19","5","1","0","0","2","2","1","5","0","0",".241",".291",".366",".657",".285","5384"
"Riley Adams","TOR","1","5","5","1","0","0","0","1","1","0","2","0","0",".204",".287",".360",".647",".285","19864"
"Drew Ellis","ARI","4","16","14","3","1","0","0","2","2","1","5","0","0",".210",".286",".364",".650",".285","sa3004687"
"Tucupita Marcano","PIT","9","37","34","8","2","0","0","4","3","3","5","1","0",".245",".305",".341",".647",".285","22871"
"Jose Devers","MIA","2","11","10","2","0","0","0","1","1","1","2","0","0",".250",".304",".344",".648",".285","20540"
"Jason Martin","TEX","5","23","21","5","1","0","1","3","2","2","6","0","0",".220",".288",".366",".654",".285","16429"
"Martin Maldonado","HOU","38","149","131","27","5","0","5","16","16","13","43","0","0",".206",".290",".353",".643",".285","6887"
"Andrew Knizner","STL","15","60","54","13","2","0","1","6","6","5","11","0","0",".236",".303",".343",".646",".284","19514"
"Connor Wong","BOS","2","10","9","2","0","0","0","1","1","1","4","0","0",".219",".272",".385",".657",".284","19896"
"Josh Palacios","TOR","1","6","6","1","0","0","0","1","1","1","2","0","0",".229",".300",".342",".643",".284","19818"
"Eli White","TEX","26","110","99","22","4","1","3","12","10","8","33","2","1",".221",".289",".357",".646",".284","19346"
"Taylor Trammell","SEA","26","110","98","20","4","0","3","12","10","10","37","2","1",".206",".287",".358",".645",".284","19960"
"Bryan De La Cruz","MIA","3","13","12","3","1","0","0","1","1","1","3","0","0",".239",".289",".363",".652",".284","sa828304"
"Sergio Alcantara","CHC","5","21","19","4","1","0","0","2","2","2","5","0","0",".233",".305",".335",".640",".284","16417"
"Nick Gordon","MIN","13","55","51","12","3","0","1","6","5","4","14","1","0",".238",".293",".357",".650",".284","16337"
"Jason Vosler","SFG","1","5","5","1","0","0","0","1","1","0","1","0","0",".210",".285",".364",".649",".284","16686"
"Andrew Knapp","PHI","13","52","46","10","2","0","1","5","5","5","16","0","0",".215",".297",".345",".642",".284","14942"
"Frank Schwindel","CHC","1","3","3","1","0","0","0","0","0","0","1","0","0",".230",".269",".390",".659",".284","15351"
"Kyle Isbel","KCR","3","14","13","3","1","0","0","2","1","1","3","0","0",".232",".291",".359",".650",".283","21614"
"Andrew Stevenson","WSN","25","113","103","24","4","1","2","12","10","8","32","2","1",".236",".297",".347",".643",".283","17932"
"Jack Mayfield","LAA","11","46","43","9","2","0","2","5","5","3","11","0","0",".221",".271",".386",".657",".283","15402"
"Justin Williams","STL","3","13","12","3","0","0","0","1","1","1","4","0","0",".224",".289",".363",".652",".283","15490"
"Brandon Drury","NYM","2","11","10","2","0","0","0","1","1","1","3","0","0",".224",".281",".368",".649",".283","11615"
"Pablo Reyes","MIL","5","21","19","4","1","0","0","2","2","2","5","0","0",".227",".286",".361",".647",".283","16357"
"Matt Wieters","","13","51","45","10","2","0","2","5","5","4","13","0","0",".214",".286",".360",".646",".283","4298"
"Andrew Susac","PIT","2","7","6","1","0","0","0","1","1","1","2","0","0",".202",".286",".355",".641",".282","13132"
"Santiago Espinal","TOR","20","90","83","20","4","0","1","10","8","6","17","1","0",".246",".297",".347",".644",".282","19997"
"Tres Barrera","WSN","11","45","41","9","2","0","1","4","5","3","11","0","0",".228",".291",".353",".643",".282","19977"
"Wilmer Difo","PIT","17","71","64","15","3","0","1","7","6","5","16","1","0",".236",".297",".347",".644",".282","14320"
"Alex Jackson","ATL","7","27","25","5","1","0","1","3","3","2","10","0","0",".199",".269",".385",".654",".282","17276"
"Hanser Alberto","KCR","13","54","51","13","3","0","1","5","5","2","6","0","0",".260",".288",".363",".651",".282","11902"
"Gerardo Parra","WSN","14","61","55","13","3","0","1","6","6","4","13","1","0",".235",".298",".343",".641",".282","8553"
"Andrelton Simmons","MIN","50","212","193","48","9","0","3","21","18","14","30","2","1",".246",".301",".337",".638",".282","10847"
"Lucius Fox","KCR","3","11","10","2","0","0","0","1","1","1","3","0","0",".229",".302",".330",".633",".281","sa914200"
"Trey Amburgey","NYY","1","3","3","1","0","0","0","0","0","0","1","0","0",".223",".274",".377",".651",".281","18425"
"Pat Valaika","BAL","27","113","105","23","5","0","4","12","12","7","31","1","0",".217",".270",".380",".650",".281","14885"
"Joey Bart","SFG","6","24","22","5","1","0","1","3","3","1","8","0","0",".227",".277",".369",".646",".281","21524"
"Alcides Escobar","WSN","46","204","187","46","9","1","3","20","19","10","39","2","1",".248",".292",".349",".641",".281","6310"
"Greg Allen","NYY","23","97","86","19","4","0","1","11","7","7","24","3","1",".222",".303",".326",".629",".281","16623"
"Travis Blankenhorn","NYM","1","5","5","1","0","0","0","1","1","0","2","0","0",".211",".275",".371",".646",".281","18395"
"Donovan Walton","SEA","4","16","14","3","1","0","0","2","1","1","3","0","0",".230",".298",".333",".631",".280","19314"
"Jose Briceno","","2","10","10","2","0","0","0","1","1","1","3","0","0",".221",".265",".385",".650",".280","13151"
"Rafael Marchan","PHI","1","5","5","1","0","0","0","1","0","0","1","0","0",".246",".300",".335",".636",".280","21646"
"Mickey Moniak","PHI","7","32","30","7","2","0","1","3","3","2","10","0","0",".225",".277",".372",".648",".280","19956"
"Kevin Kiermaier","TBR","40","173","156","35","7","2","3","20","15","13","45","6","2",".222",".290",".348",".638",".280","11038"
"Kean Wong","LAA","2","8","7","2","0","0","0","1","1","0","2","0","0",".238",".292",".347",".639",".280","15994"
"Ernie Clement","CLE","12","49","45","12","3","0","0","5","4","3","6","1","0",".257",".303",".332",".635",".280","20352"
"JaCoby Jones","DET","2","8","7","1","0","0","0","1","1","1","3","0","0",".213",".279",".360",".639",".280","14818"
"Breyvic Valera","TOR","5","20","19","4","1","0","0","2","2","2","3","0","0",".235",".297",".337",".635",".280","12758"
"Ben Rortvedt","MIN","5","20","18","4","1","0","1","2","2","2","5","0","0",".217",".286",".353",".639",".280","20287"
"Jonathan Davis","TOR","1","6","5","1","0","0","0","1","1","1","2","0","0",".208",".295",".331",".626",".279","15104"
"Lane Thomas","STL","9","37","33","7","1","0","1","4","3","3","11","1","0",".212",".284",".351",".635",".279","16939"
"Elvis Andrus","OAK","51","220","201","49","10","1","3","24","18","13","40","6","2",".244",".293",".346",".639",".279","8709"
"Danny Mendick","CHW","23","98","88","20","4","0","2","10","9","8","22","1","0",".222",".293",".337",".630",".279","18889"
"Joe Panik","MIA","9","36","32","8","1","0","0","3","3","3","5","0","0",".233",".303",".328",".631",".279","11936"
"Edmundo Sosa","STL","18","76","71","17","3","0","1","8","7","3","17","1","0",".242",".288",".350",".639",".279","17022"
"Shed Long Jr.","SEA","38","161","146","31","6","1","4","17","15","13","46","2","1",".215",".285",".350",".635",".279","16542"
"Khalil Lee","NYM","1","3","3","1","0","0","0","0","0","0","1","0","0",".205",".299",".320",".619",".279","19952"
"Taylor Jones","HOU","2","10","9","2","0","0","0","1","1","1","3","0","0",".215",".290",".343",".633",".279","19533"
"Ryan LaMarre","NYY","14","60","54","12","2","0","1","7","5","4","19","1","0",".226",".288",".342",".630",".278","10700"
"DJ Peters","LAD","1","3","3","1","0","0","0","0","0","0","1","0","0",".199",".278",".357",".636",".278","19348"
"Bryan Holaday","ARI","9","36","33","7","2","0","1","3","4","2","8","0","0",".225",".285",".353",".638",".278","11287"
"Sheldon Neuse","LAD","1","5","5","1","0","0","0","1","1","0","2","0","0",".226",".280",".357",".636",".278","19635"
"Jonah Heim","TEX","30","116","107","24","5","0","3","11","11","8","23","1","0",".225",".281",".356",".637",".278","16930"
"Vimael Machin","OAK","3","13","12","3","1","0","0","1","1","1","3","0","0",".228",".303",".329",".632",".278","17684"
"Chadwick Tromp","SFG","1","5","5","1","0","0","0","1","1","0","1","0","0",".220",".276",".360",".636",".277","16953"
"Jose Rondon","STL","4","18","17","4","1","0","0","2","2","1","5","0","0",".222",".277",".359",".635",".277","14140"
"Mark Payton","NYM","1","3","3","1","0","0","0","0","0","0","1","0","0",".221",".286",".347",".633",".277","16042"
"Rene Rivera","WSN","6","23","21","4","1","0","1","2","3","1","8","0","0",".211",".268",".368",".637",".277","3648"
"Braden Bishop","SFG","1","3","3","1","0","0","0","0","0","0","1","0","0",".235",".295",".330",".625",".277","17806"
"Brett Phillips","TBR","10","45","40","8","2","0","1","6","4","5","17","2","0",".191",".284",".343",".626",".277","14735"
"Nicky Lopez","KCR","50","216","194","47","8","2","1","22","15","17","33","3","1",".243",".308",".311",".619",".277","19339"
"Luke Williams","PHI","15","68","62","14","3","0","1","7","6","5","18","1","0",".223",".284",".345",".630",".277","19931"
"Austin Romine","CHC","4","14","13","3","1","0","0","1","1","1","4","0","0",".227",".273",".361",".634",".276","5491"
"Yu-Cheng Chang","CLE","14","60","54","12","3","0","1","6","6","5","18","0","0",".212",".278",".352",".630",".276","14773"
"Erik Gonzalez","PIT","17","74","69","17","3","0","1","7","6","3","16","1","0",".248",".284",".350",".634",".276","13369"
"Derek Hill","DET","14","56","52","11","2","1","1","6","5","4","18","2","0",".221",".282",".346",".628",".276","16947"
"Sean Rodriguez","","5","21","18","3","1","0","1","2","2","2","7","0","0",".189",".283",".335",".618",".276","6589"
"Austin Wynns","BAL","25","97","88","20","3","0","2","9","9","7","23","0","0",".222",".284",".340",".624",".275","15271"
"Charlie Culberson","TEX","13","53","49","11","2","0","1","5","5","3","14","1","0",".225",".277",".356",".634",".275","3298"
"Albert Almora Jr.","NYM","9","39","36","9","2","0","1","4","4","2","8","0","0",".235",".280",".355",".635",".275","14109"
"Jared Oliva","PIT","12","50","46","10","2","0","1","5","4","3","14","1","0",".226",".288",".337",".625",".275","19968"
"Cole Tucker","PIT","16","66","59","13","3","0","1","7","5","5","15","1","0",".224",".290",".334",".624",".275","17326"
"Kelvin Gutierrez","BAL","4","16","14","3","1","0","0","2","1","1","4","0","0",".230",".285",".339",".625",".275","17468"
"Cam Gallagher","KCR","11","45","40","9","2","0","1","4","4","3","9","0","0",".227",".288",".337",".625",".275","12981"
"Jeffrey Bleday","MIA","1","3","3","1","0","0","0","0","0","0","1","0","0",".211",".283",".342",".625",".275","sa3011642"
"Leody Taveras","TEX","18","77","69","15","3","0","2","8","6","6","23","2","1",".217",".282",".347",".629",".274","18900"
"Jacob Wilson","OAK","4","18","16","3","1","0","0","2","2","1","4","0","0",".204",".278",".345",".623",".274","13254"
"Robel Garcia","HOU","13","57","51","10","2","0","2","6","6","5","21","0","0",".193",".269",".357",".627",".274","13167"
"Lewis Brinson","MIA","14","59","55","12","2","0","2","6","6","3","18","1","0",".216",".270",".358",".629",".274","14352"
"Reese McGuire","TOR","22","88","80","18","4","0","2","9","8","6","19","1","0",".224",".284",".337",".621",".273","15674"
"Beau Taylor","CIN","1","2","2","0","0","0","0","0","0","0","1","0","0",".201",".295",".313",".607",".273","12384"
"Johneshwy Fargas","CHC","1","5","5","1","0","0","0","1","0","0","1","0","0",".222",".282",".336",".618",".272","16446"
"Ali Sanchez","STL","1","5","5","1","0","0","0","0","0","0","1","0","0",".238",".285",".336",".621",".272","18551"
"Webster Rivas","SDP","2","9","8","2","0","0","0","1","1","1","2","0","0",".223",".285",".334",".618",".272","14636"
"Anthony Bemboom","LAA","2","10","9","2","0","0","0","1","1","1","3","0","0",".208",".276",".342",".618",".271","13854"
"Sam Haggerty","SEA","5","21","19","4","1","0","0","2","2","2","6","1","0",".206",".284",".327",".611",".271","18054"
"Garrett Stubbs","HOU","3","12","11","2","1","0","0","1","1","1","2","0","0",".216",".290",".319",".609",".271","18067"
"Meibrys Viloria","KCR","1","5","4","1","0","0","0","0","0","0","1","0","0",".217",".286",".323",".609",".270","17109"
"Rob Brantly","NYY","2","7","6","1","0","0","0","1","1","0","1","0","0",".217",".283",".332",".615",".270","10655"
"Ronald Torreyes","PHI","12","55","51","12","2","0","1","5","5","3","8","0","0",".240",".280",".335",".615",".269","11400"
"Ildemaro Vargas","ARI","1","3","3","1","0","0","0","0","0","0","0","0","0",".239",".282",".333",".614",".269","13324"
"Tomas Nido","NYM","17","68","63","14","3","0","2","6","7","3","17","0","0",".224",".267",".352",".620",".268","13755"
"Sebastian Rivero","KCR","3","10","9","2","0","0","0","1","1","1","3","0","0",".223",".274",".340",".614",".268","21735"
"Harold Castro","DET","24","98","91","22","3","0","1","9","8","5","21","1","0",".245",".289",".318",".608",".268","14691"
"Jorge Mateo","SDP","3","13","13","3","1","0","0","2","1","1","4","0","0",".218",".263",".357",".620",".268","17273"
"Austin Hedges","CLE","25","97","88","18","3","0","4","9","11","6","30","0","0",".198",".259",".359",".618",".268","12976"
"Luis Barrera","OAK","1","5","5","1","0","0","0","1","0","0","1","0","0",".225",".281",".326",".607",".267","19615"
"Mike Freeman","CIN","4","19","17","4","1","0","0","2","2","2","5","0","0",".216",".289",".310",".599",".267","11241"
"Scott Hurst","STL","1","3","3","1","0","0","0","0","0","0","1","0","0",".213",".283",".315",".598",".266","20501"
"Richie Martin Jr.","BAL","3","11","10","2","0","0","0","1","1","1","3","0","0",".217",".280",".318",".598",".265","17736"
"Seby Zavala","CHW","10","41","37","7","2","0","1","4","4","3","16","0","0",".194",".261",".343",".604",".265","18887"
"Jose Godoy","SEA","1","5","4","1","0","0","0","0","0","0","1","0","0",".215",".284",".311",".595",".265","15808"
"Tyler Wade","NYY","6","25","22","5","1","0","0","3","2","2","7","1","0",".214",".282",".314",".596",".265","15730"
"Alex De Goti","","1","3","3","1","0","0","0","0","0","0","1","0","0",".212",".275",".321",".596",".264","19477"
"Grayson Greiner","DET","25","94","86","17","3","0","3","9","9","6","33","0","0",".200",".260",".340",".600",".263","17062"
"Skye Bolt","OAK","3","13","12","2","1","0","0","1","1","1","4","0","0",".199",".271",".324",".595",".263","17723"
"Chad Wallach","MIA","2","7","6","1","0","0","0","1","1","1","2","0","0",".196",".272",".317",".589",".263","17161"
"Marco Hernandez","CHW","2","8","8","2","0","0","0","1","1","0","2","0","0",".232",".272",".329",".601",".262","13154"
"Aramis Garcia","OAK","17","69","63","13","2","0","2","6","7","4","23","0","0",".201",".256",".341",".596",".261","16925"
"Dillon Thomas","SEA","2","8","7","1","0","0","0","1","1","1","3","0","0",".199",".271",".315",".586",".261","12719"
"Magneuris Sierra","MIA","11","46","42","10","2","0","0","4","3","3","10","2","0",".236",".284",".309",".593",".261","17023"
"Billy Hamilton","CHW","8","34","31","7","1","0","0","4","2","3","9","2","0",".217",".277",".310",".587",".260","10199"
"Jarrod Dyson","KCR","15","64","58","13","2","1","0","7","4","5","13","3","1",".220",".284",".297",".580",".259","4866"
"Nick Heath","ARI","1","3","3","1","0","0","0","0","0","0","1","0","0",".205",".275",".303",".578",".257","19577"
"Luke Maile","MIL","3","12","11","2","0","0","0","1","1","1","4","0","0",".198",".270",".309",".579",".257","13355"
"Monte Harrison","MIA","2","11","10","2","0","0","0","1","1","1","4","0","0",".199",".261",".319",".580",".257","17216"
"Sandy Leon","MIA","22","85","77","15","3","0","2","7","8","6","23","0","0",".196",".263",".315",".578",".256","5273"
"Anderson Tejeda","TEX","4","17","16","3","1","0","1","2","2","1","7","0","0",".191",".249",".337",".586",".256","19909"
"Jake Hager","SEA","1","3","3","1","0","0","0","0","0","0","1","0","0",".203",".256",".326",".582",".255","12198"
"Michael Reed","OAK","1","3","3","1","0","0","0","0","0","0","1","0","0",".195",".259",".323",".581",".255","sa738683"
"Jose Trevino","TEX","29","110","103","23","4","0","2","9","10","5","23","0","0",".219",".254",".327",".581",".253","16725"
"Deven Marrero","MIA","1","5","4","1","0","0","0","0","0","0","1","0","0",".203",".257",".305",".562",".248","13325"
"Joseph Odom","TBR","1","5","5","1","0","0","0","0","0","0","2","0","0",".192",".252",".297",".549",".244","15535"
